timestamp,open,high,low,close
2020-09-22 04:00:00,0.85,6.0,0.85,4.9096
2020-09-22 08:00:00,4.9096,7.0,4.82,5.7679
2020-09-22 12:00:00,5.7679,6.15,4.311,4.6699
2020-09-22 16:00:00,4.6691,4.8902,4.0266,4.48
2020-09-22 20:00:00,4.4854,5.5499,4.2354,5.3193
2020-09-23 00:00:00,5.3279,5.36,4.6,4.9135
2020-09-23 04:00:00,4.9135,4.9455,3.9169,4.1197
2020-09-23 08:00:00,4.1184,4.4,4.0295,4.2108
2020-09-23 12:00:00,4.2108,4.6172,4.0191,4.1073
2020-09-23 16:00:00,4.0996,4.33,3.65,3.7238
2020-09-23 20:00:00,3.7149,3.9604,3.4,3.535
2020-09-24 00:00:00,3.5305,3.8284,3.4033,3.7398
2020-09-24 04:00:00,3.7397,3.92,3.528,3.8323
2020-09-24 08:00:00,3.834,4.4537,3.834,4.3179
2020-09-24 12:00:00,4.3132,4.37,3.75,4.1466
2020-09-24 16:00:00,4.1488,4.29,3.9955,4.1828
2020-09-24 20:00:00,4.1895,4.8873,4.0806,4.6411
2020-09-25 00:00:00,4.6366,4.8042,4.4352,4.531
2020-09-25 04:00:00,4.531,4.8303,4.4351,4.5762
2020-09-25 08:00:00,4.5726,4.6697,4.2001,4.3781
2020-09-25 12:00:00,4.3809,4.7101,4.325,4.7001
2020-09-25 16:00:00,4.7101,4.8349,4.6148,4.7119
2020-09-25 20:00:00,4.7167,5.0234,4.585,4.7134
2020-09-26 00:00:00,4.7164,4.7281,4.5003,4.536
2020-09-26 04:00:00,4.5435,4.82,4.528,4.68
2020-09-26 08:00:00,4.68,4.6882,4.5107,4.5646
2020-09-26 12:00:00,4.5774,4.5774,4.3294,4.47
2020-09-26 16:00:00,4.4746,4.7499,4.3988,4.6209
2020-09-26 20:00:00,4.6195,4.67,4.4666,4.52
2020-09-27 00:00:00,4.5214,4.7134,4.5106,4.5713
2020-09-27 04:00:00,4.5713,4.59,4.3103,4.3784
2020-09-27 08:00:00,4.388,4.3956,4.25,4.293
2020-09-27 12:00:00,4.293,4.4232,4.1068,4.423
2020-09-27 16:00:00,4.417,4.5,4.3566,4.3945
2020-09-27 20:00:00,4.3944,4.7,4.3556,4.6484
2020-09-28 00:00:00,4.6485,4.705,4.4062,4.4609
2020-09-28 04:00:00,4.4609,4.5743,4.3151,4.4011
2020-09-28 08:00:00,4.4011,4.4572,4.1866,4.3429
2020-09-28 12:00:00,4.3429,4.4489,4.2845,4.4222
2020-09-28 16:00:00,4.4249,4.4332,4.281,4.34
2020-09-28 20:00:00,4.34,4.4114,4.1667,4.2021
2020-09-29 00:00:00,4.1999,4.2899,4.1657,4.245
2020-09-29 04:00:00,4.245,4.2696,4.1001,4.2366
2020-09-29 08:00:00,4.2343,4.2825,4.2048,4.2527
2020-09-29 12:00:00,4.251,4.251,4.06,4.0711
2020-09-29 16:00:00,4.0648,4.0782,3.9607,4.0431
2020-09-29 20:00:00,4.0541,4.1987,3.9851,4.1394
2020-09-30 00:00:00,4.1429,4.2,4.0878,4.103
2020-09-30 04:00:00,4.1023,4.1532,4.015,4.033
2020-09-30 08:00:00,4.0316,4.1454,3.9958,4.0588
2020-09-30 12:00:00,4.0595,4.32,4.0286,4.2779
2020-09-30 16:00:00,4.2775,4.3992,4.25,4.3229
2020-09-30 20:00:00,4.3396,4.411,4.25,4.3293
2020-10-01 00:00:00,4.3293,4.3433,4.05,4.1909
2020-10-01 04:00:00,4.1943,4.3234,4.179,4.3234
2020-10-01 08:00:00,4.3225,4.53,4.28,4.3889
2020-10-01 12:00:00,4.3958,4.4144,4.182,4.2084
2020-10-01 16:00:00,4.2071,4.2231,4.014,4.1467
2020-10-01 20:00:00,4.1525,4.1674,4.0921,4.15
2020-10-02 00:00:00,4.1422,4.1642,4.1086,4.158
2020-10-02 04:00:00,4.1557,4.2198,3.8179,3.9388
2020-10-02 08:00:00,3.9364,3.9436,3.6332,3.7565
2020-10-02 12:00:00,3.7561,4.0,3.7164,3.8771
2020-10-02 16:00:00,3.8767,3.998,3.8346,3.8447
2020-10-02 20:00:00,3.8438,4.0,3.7175,3.9115
2020-10-03 00:00:00,3.9156,3.9999,3.8696,3.9871
2020-10-03 04:00:00,3.986,3.9914,3.892,3.9248
2020-10-03 08:00:00,3.9248,4.0976,3.885,4.0372
2020-10-03 12:00:00,4.0366,4.0464,3.977,4.0255
2020-10-03 16:00:00,4.0334,4.19,4.03,4.1153
2020-10-03 20:00:00,4.1103,4.1246,3.975,4.0168
2020-10-04 00:00:00,4.0202,4.0798,3.8834,3.9375
2020-10-04 04:00:00,3.9401,3.9937,3.9001,3.9747
2020-10-04 08:00:00,3.9806,3.9872,3.8334,3.8824
2020-10-04 12:00:00,3.8825,3.9525,3.843,3.9063
2020-10-04 16:00:00,3.9059,4.0642,3.8631,3.9999
2020-10-04 20:00:00,4.004,4.0266,3.9315,3.964
2020-10-05 00:00:00,3.9582,4.0389,3.9561,3.9911
2020-10-05 04:00:00,3.9914,4.0152,3.8765,3.9283
2020-10-05 08:00:00,3.9283,3.9571,3.8819,3.9144
2020-10-05 12:00:00,3.9112,4.0379,3.87,3.9722
2020-10-05 16:00:00,3.9898,4.0456,3.936,3.9943
2020-10-05 20:00:00,3.995,4.01,3.95,3.9813
2020-10-06 00:00:00,3.9949,4.0,3.85,3.8599
2020-10-06 04:00:00,3.8604,3.867,3.6913,3.722
2020-10-06 08:00:00,3.7184,3.729,3.5022,3.612
2020-10-06 12:00:00,3.609,3.7684,3.56,3.753
2020-10-06 16:00:00,3.7515,3.752,3.5256,3.5689
2020-10-06 20:00:00,3.5689,3.6059,3.5,3.5424
2020-10-07 00:00:00,3.5401,3.5462,3.3025,3.3708
2020-10-07 04:00:00,3.3712,3.5248,3.3302,3.405
2020-10-07 08:00:00,3.405,3.4262,3.207,3.2608
2020-10-07 12:00:00,3.2554,3.3928,3.2551,3.3021
2020-10-07 16:00:00,3.3003,3.41,3.2345,3.3633
2020-10-07 20:00:00,3.3564,3.45,3.335,3.442
2020-10-08 00:00:00,3.4409,3.5058,3.39,3.4595
2020-10-08 04:00:00,3.453,3.453,3.3228,3.3998
2020-10-08 08:00:00,3.3928,3.5,3.3437,3.441
2020-10-08 12:00:00,3.4433,3.8552,3.4189,3.8453
2020-10-08 16:00:00,3.8468,3.9599,3.7757,3.7842
2020-10-08 20:00:00,3.7903,3.9339,3.7853,3.9147
2020-10-09 00:00:00,3.9147,3.932,3.84,3.864
2020-10-09 04:00:00,3.8623,3.9085,3.8034,3.9032
2020-10-09 08:00:00,3.8864,4.2298,3.8821,4.1596
2020-10-09 12:00:00,4.1714,4.25,4.0816,4.214
2020-10-09 16:00:00,4.2104,4.2458,4.1074,4.1667
2020-10-09 20:00:00,4.1676,4.3252,4.1443,4.2491
2020-10-10 00:00:00,4.2427,4.2693,4.1465,4.2161
2020-10-10 04:00:00,4.2312,4.2365,4.0001,4.1198
2020-10-10 08:00:00,4.1192,4.1434,4.0053,4.11
2020-10-10 12:00:00,4.1065,4.2294,4.0643,4.22
2020-10-10 16:00:00,4.2199,4.2443,4.0387,4.0536
2020-10-10 20:00:00,4.0526,4.0709,4.01,4.023
2020-10-11 00:00:00,4.0205,4.042,3.9333,4.0059
2020-10-11 04:00:00,4.0064,4.1186,3.9936,4.0939
2020-10-11 08:00:00,4.085,4.1762,4.0404,4.0725
2020-10-11 12:00:00,4.0764,4.0987,4.0112,4.0351
2020-10-11 16:00:00,4.0363,4.154,4.0014,4.0732
2020-10-11 20:00:00,4.0728,4.1142,4.0315,4.096
2020-10-12 00:00:00,4.0841,4.2,4.054,4.1879
2020-10-12 04:00:00,4.1866,4.3214,4.1598,4.3
2020-10-12 08:00:00,4.3104,4.4001,4.1763,4.1923
2020-10-12 12:00:00,4.1879,4.4833,4.1843,4.43
2020-10-12 16:00:00,4.4304,4.71,4.4183,4.5865
2020-10-12 20:00:00,4.5888,4.6429,4.4053,4.41
2020-10-13 00:00:00,4.4099,4.5347,4.385,4.4908
2020-10-13 04:00:00,4.4838,4.5467,4.408,4.4515
2020-10-13 08:00:00,4.4517,4.5636,4.413,4.5017
2020-10-13 12:00:00,4.5002,4.5185,4.3203,4.47
2020-10-13 16:00:00,4.4677,4.5329,4.3802,4.45
2020-10-13 20:00:00,4.4454,4.5078,4.4363,4.4806
2020-10-14 00:00:00,4.4808,4.4848,4.38,4.3854
2020-10-14 04:00:00,4.379,4.418,4.338,4.3611
2020-10-14 08:00:00,4.3699,4.4238,4.1001,4.1403
2020-10-14 12:00:00,4.1349,4.3288,4.1105,4.1441
2020-10-14 16:00:00,4.1411,4.1674,4.0125,4.0607
2020-10-14 20:00:00,4.0593,4.1687,4.0555,4.1596
2020-10-15 00:00:00,4.15,4.15,4.025,4.0638
2020-10-15 04:00:00,4.0645,4.1744,4.0602,4.1297
2020-10-15 08:00:00,4.133,4.1388,4.01,4.0541
2020-10-15 12:00:00,4.0532,4.177,3.9985,4.1603
2020-10-15 16:00:00,4.1702,4.2312,4.1089,4.1447
2020-10-15 20:00:00,4.1475,4.1712,4.0855,4.1269
2020-10-16 00:00:00,4.1266,4.132,4.0109,4.0216
2020-10-16 04:00:00,4.0179,4.051,3.9204,3.9767
2020-10-16 08:00:00,3.9734,4.0305,3.8755,3.9257
2020-10-16 12:00:00,3.9282,4.1582,3.9181,4.0965
2020-10-16 16:00:00,4.0907,4.1201,4.0115,4.0175
2020-10-16 20:00:00,4.0145,4.0676,4.0055,4.0433
2020-10-17 00:00:00,4.0462,4.088,3.9673,4.088
2020-10-17 04:00:00,4.0849,4.1867,4.0772,4.1211
2020-10-17 08:00:00,4.1274,4.145,4.0791,4.13
2020-10-17 12:00:00,4.1277,4.1611,4.0391,4.1261
2020-10-17 16:00:00,4.1201,4.1217,4.02,4.0694
2020-10-17 20:00:00,4.0713,4.21,4.0678,4.1946
2020-10-18 00:00:00,4.1874,4.2,4.1475,4.15
2020-10-18 04:00:00,4.1627,4.1914,4.1443,4.1906
2020-10-18 08:00:00,4.196,4.2461,4.1815,4.1963
2020-10-18 12:00:00,4.2029,4.2344,4.1446,4.1577
2020-10-18 16:00:00,4.1567,4.1795,4.0802,4.0931
2020-10-18 20:00:00,4.0894,4.1416,4.0701,4.1195
2020-10-19 00:00:00,4.1371,4.1505,4.006,4.0154
2020-10-19 04:00:00,4.0154,4.0965,4.0072,4.015
2020-10-19 08:00:00,4.015,4.0942,3.9926,4.0498
2020-10-19 12:00:00,4.0498,4.1748,4.0395,4.1136
2020-10-19 16:00:00,4.1135,4.1283,4.0404,4.0721
2020-10-19 20:00:00,4.0726,4.0736,4.0268,4.05
2020-10-20 00:00:00,4.0568,4.0908,4.0283,4.0822
2020-10-20 04:00:00,4.0735,4.0789,3.93,3.9458
2020-10-20 08:00:00,3.943,3.9978,3.8701,3.889
2020-10-20 12:00:00,3.885,3.9601,3.8701,3.9041
2020-10-20 16:00:00,3.9038,3.9278,3.6925,3.7328
2020-10-20 20:00:00,3.7328,3.86,3.7328,3.804
2020-10-21 00:00:00,3.8007,4.0,3.7918,3.9775
2020-10-21 04:00:00,3.974,4.0029,3.8788,3.9185
2020-10-21 08:00:00,3.9194,3.94,3.8903,3.902
2020-10-21 12:00:00,3.9025,4.0159,3.8518,3.9753
2020-10-21 16:00:00,3.9799,4.103,3.9546,4.0203
2020-10-21 20:00:00,4.0208,4.0895,3.9367,3.9585
2020-10-22 00:00:00,3.9574,4.0892,3.9511,4.088
2020-10-22 04:00:00,4.088,4.4447,4.0252,4.395
2020-10-22 08:00:00,4.3949,4.4904,4.3599,4.3917
2020-10-22 12:00:00,4.4044,4.4091,4.3083,4.39
2020-10-22 16:00:00,4.3919,4.4904,4.2883,4.3108
2020-10-22 20:00:00,4.3086,4.3385,4.2009,4.3385
2020-10-23 00:00:00,4.3406,4.3898,4.2982,4.3432
2020-10-23 04:00:00,4.3429,4.4872,4.3202,4.3386
2020-10-23 08:00:00,4.344,4.3965,4.32,4.3386
2020-10-23 12:00:00,4.3391,4.3809,4.22,4.2395
2020-10-23 16:00:00,4.2347,4.262,4.1354,4.2602
2020-10-23 20:00:00,4.2469,4.293,4.2199,4.2568
2020-10-24 00:00:00,4.2539,4.31,4.1967,4.2917
2020-10-24 04:00:00,4.2997,4.3612,4.256,4.2606
2020-10-24 08:00:00,4.2684,4.35,4.23,4.3272
2020-10-24 12:00:00,4.331,4.362,4.2634,4.31
2020-10-24 16:00:00,4.3093,4.3286,4.2727,4.282
2020-10-24 20:00:00,4.282,4.3245,4.14,4.1821
2020-10-25 00:00:00,4.1803,4.2503,4.1589,4.228
2020-10-25 04:00:00,4.2311,4.2526,4.1333,4.2003
2020-10-25 08:00:00,4.194,4.2159,4.1,4.1259
2020-10-25 12:00:00,4.1213,4.2437,4.1139,4.1753
2020-10-25 16:00:00,4.1704,4.22,4.1053,4.1958
2020-10-25 20:00:00,4.1947,4.2289,4.1131,4.1479
2020-10-26 00:00:00,4.1409,4.3108,4.1,4.3005
2020-10-26 04:00:00,4.3011,4.3479,4.2719,4.2927
2020-10-26 08:00:00,4.293,4.4897,4.2634,4.4097
2020-10-26 12:00:00,4.4129,4.4404,4.1484,4.1927
2020-10-26 16:00:00,4.1928,4.2062,4.0141,4.1198
2020-10-26 20:00:00,4.1112,4.2225,4.1051,4.148
2020-10-27 00:00:00,4.1454,4.246,4.13,4.1491
2020-10-27 04:00:00,4.1525,4.182,4.0885,4.1424
2020-10-27 08:00:00,4.146,4.1792,4.0343,4.17
2020-10-27 12:00:00,4.1773,4.29,4.159,4.2248
2020-10-27 16:00:00,4.2388,4.35,4.1552,4.168
2020-10-27 20:00:00,4.1687,4.1752,4.0624,4.1217
2020-10-28 00:00:00,4.1214,4.1792,4.0702,4.0837
2020-10-28 04:00:00,4.0837,4.1224,3.9734,4.0391
2020-10-28 08:00:00,4.036,4.1168,3.963,3.983
2020-10-28 12:00:00,3.9787,4.0902,3.9648,4.0384
2020-10-28 16:00:00,4.0305,4.05,3.9308,3.9924
2020-10-28 20:00:00,3.9831,4.0815,3.9423,4.0596
2020-10-29 00:00:00,4.0607,4.1051,4.012,4.0603
2020-10-29 04:00:00,4.068,4.068,3.982,3.9854
2020-10-29 08:00:00,3.9829,4.0123,3.7843,3.7911
2020-10-29 12:00:00,3.7925,3.9413,3.763,3.8929
2020-10-29 16:00:00,3.8913,3.9011,3.7399,3.7452
2020-10-29 20:00:00,3.7454,3.8764,3.7296,3.7758
2020-10-30 00:00:00,3.7744,3.8226,3.5781,3.6094
2020-10-30 04:00:00,3.6077,3.72,3.5859,3.6757
2020-10-30 08:00:00,3.6911,3.7575,3.6178,3.7155
2020-10-30 12:00:00,3.71,3.786,3.6334,3.68
2020-10-30 16:00:00,3.6871,3.7381,3.6374,3.7305
2020-10-30 20:00:00,3.7345,3.8207,3.6569,3.7224
2020-10-31 00:00:00,3.7116,3.72,3.6068,3.6454
2020-10-31 04:00:00,3.6475,3.692,3.5876,3.6247
2020-10-31 08:00:00,3.6328,3.691,3.6021,3.6608
2020-10-31 12:00:00,3.6626,3.7189,3.6323,3.7167
2020-10-31 16:00:00,3.7191,3.7612,3.6579,3.668
2020-10-31 20:00:00,3.668,3.6911,3.617,3.6456
2020-11-01 00:00:00,3.6355,3.6801,3.6038,3.6549
2020-11-01 04:00:00,3.6461,3.6975,3.63,3.6703
2020-11-01 08:00:00,3.6716,3.6741,3.593,3.6111
2020-11-01 12:00:00,3.6137,3.652,3.5521,3.6435
2020-11-01 16:00:00,3.6391,3.652,3.6301,3.6422
2020-11-01 20:00:00,3.644,3.7142,3.6434,3.6814
2020-11-02 00:00:00,3.6851,3.8775,3.683,3.7763
2020-11-02 04:00:00,3.773,3.809,3.7393,3.8064
2020-11-02 08:00:00,3.8063,3.8063,3.6575,3.7054
2020-11-02 12:00:00,3.7099,3.7333,3.6186,3.6376
2020-11-02 16:00:00,3.6349,3.65,3.6145,3.65
2020-11-02 20:00:00,3.6513,3.6637,3.617,3.617
2020-11-03 00:00:00,3.6174,3.6513,3.3825,3.4027
2020-11-03 04:00:00,3.4054,3.4415,3.3383,3.4038
2020-11-03 08:00:00,3.4034,3.4345,3.3546,3.414
2020-11-03 12:00:00,3.4185,3.4772,3.3795,3.3795
2020-11-03 16:00:00,3.3796,3.3796,3.2723,3.3273
2020-11-03 20:00:00,3.3278,3.3693,3.2368,3.323
2020-11-04 00:00:00,3.3299,3.3759,3.2801,3.3088
2020-11-04 04:00:00,3.3056,3.3457,3.1444,3.1783
2020-11-04 08:00:00,3.1737,3.2058,3.0803,3.1091
2020-11-04 12:00:00,3.1084,3.1599,3.0001,3.0244
2020-11-04 16:00:00,3.0208,3.2425,3.0,3.1757
2020-11-04 20:00:00,3.1804,3.25,3.1301,3.1718
2020-11-05 00:00:00,3.1736,3.2237,3.143,3.1536
2020-11-05 04:00:00,3.1539,3.2186,3.1121,3.1121
2020-11-05 08:00:00,3.1191,3.1315,3.0211,3.04
2020-11-05 12:00:00,3.044,3.3841,3.0272,3.261
2020-11-05 16:00:00,3.2695,3.365,3.2226,3.3065
2020-11-05 20:00:00,3.3087,3.3622,3.2753,3.3348
2020-11-06 00:00:00,3.335,3.4746,3.3194,3.3723
2020-11-06 04:00:00,3.3758,3.54,3.3724,3.4564
2020-11-06 08:00:00,3.4586,3.6543,3.42,3.6331
2020-11-06 12:00:00,3.6317,3.643,3.4643,3.4886
2020-11-06 16:00:00,3.4901,3.6324,3.4763,3.5719
2020-11-06 20:00:00,3.5625,3.6666,3.4901,3.5913
2020-11-07 00:00:00,3.594,3.8194,3.5882,3.6643
2020-11-07 04:00:00,3.6643,3.7804,3.6229,3.7142
2020-11-07 08:00:00,3.7296,3.8686,3.6731,3.7984
2020-11-07 12:00:00,3.81,3.9193,3.4901,3.6836
2020-11-07 16:00:00,3.6821,3.6972,3.37,3.4442
2020-11-07 20:00:00,3.4403,3.5391,3.378,3.4126
2020-11-08 00:00:00,3.4093,3.5278,3.3613,3.3923
2020-11-08 04:00:00,3.3976,3.4789,3.3855,3.4231
2020-11-08 08:00:00,3.4238,3.5576,3.4238,3.53
2020-11-08 12:00:00,3.5399,3.67,3.4341,3.613
2020-11-08 16:00:00,3.6208,3.6504,3.4848,3.528
2020-11-08 20:00:00,3.5292,3.5601,3.4047,3.4754
2020-11-09 00:00:00,3.4674,3.539,3.3834,3.3991
2020-11-09 04:00:00,3.3947,3.4673,3.3403,3.3966
2020-11-09 08:00:00,3.3881,3.5399,3.3215,3.5113
2020-11-09 12:00:00,3.5198,3.52,3.2619,3.334
2020-11-09 16:00:00,3.3283,3.4087,3.3127,3.3956
2020-11-09 20:00:00,3.3977,3.428,3.3724,3.4125
2020-11-10 00:00:00,3.421,3.5553,3.369,3.5296
2020-11-10 04:00:00,3.5297,3.5682,3.4339,3.524
2020-11-10 08:00:00,3.5253,3.5831,3.4367,3.4894
2020-11-10 12:00:00,3.4928,3.5368,3.4028,3.4368
2020-11-10 16:00:00,3.44,3.5992,3.4352,3.5566
2020-11-10 20:00:00,3.5668,3.63,3.5268,3.5713
2020-11-11 00:00:00,3.5775,3.7162,3.56,3.64
2020-11-11 04:00:00,3.6511,3.82,3.6032,3.7559
2020-11-11 08:00:00,3.7612,3.7712,3.5769,3.6141
2020-11-11 12:00:00,3.6088,3.6486,3.5665,3.5864
2020-11-11 16:00:00,3.5903,3.6211,3.5418,3.5603
2020-11-11 20:00:00,3.5593,3.564,3.46,3.4842
2020-11-12 00:00:00,3.4918,3.5574,3.4117,3.5025
2020-11-12 04:00:00,3.4965,3.5629,3.4924,3.5094
2020-11-12 08:00:00,3.5062,3.5691,3.3778,3.4041
2020-11-12 12:00:00,3.4018,3.4399,3.3778,3.4064
2020-11-12 16:00:00,3.3987,3.4256,3.32,3.4221
2020-11-12 20:00:00,3.4184,3.4972,3.3813,3.4243
2020-11-13 00:00:00,3.4268,3.5002,3.3911,3.483
2020-11-13 04:00:00,3.4835,3.5196,3.4499,3.4756
2020-11-13 08:00:00,3.477,3.558,3.4453,3.4768
2020-11-13 12:00:00,3.4776,3.56,3.46,3.5385
2020-11-13 16:00:00,3.5452,3.6163,3.5066,3.5699
2020-11-13 20:00:00,3.5719,3.7018,3.5372,3.6745
2020-11-14 00:00:00,3.6779,3.7042,3.542,3.5698
2020-11-14 04:00:00,3.5714,3.5714,3.4496,3.4757
2020-11-14 08:00:00,3.4767,3.4931,3.4,3.4647
2020-11-14 12:00:00,3.4599,3.5015,3.4371,3.4875
2020-11-14 16:00:00,3.477,3.5619,3.396,3.5257
2020-11-14 20:00:00,3.5159,3.5598,3.4802,3.4894
2020-11-15 00:00:00,3.484,3.5596,3.4711,3.4763
2020-11-15 04:00:00,3.4731,3.52,3.46,3.52
2020-11-15 08:00:00,3.52,3.609,3.4999,3.5004
2020-11-15 12:00:00,3.4974,3.6303,3.49,3.6011
2020-11-15 16:00:00,3.6064,3.6415,3.475,3.4885
2020-11-15 20:00:00,3.4879,3.55,3.4101,3.5453
2020-11-16 00:00:00,3.5348,3.545,3.455,3.5026
2020-11-16 04:00:00,3.517,3.7398,3.5034,3.7165
2020-11-16 08:00:00,3.7155,3.7979,3.6764,3.7144
2020-11-16 12:00:00,3.7217,3.82,3.6957,3.7163
2020-11-16 16:00:00,3.7176,3.7343,3.6124,3.6451
2020-11-16 20:00:00,3.6396,3.7405,3.6246,3.7
2020-11-17 00:00:00,3.7062,3.8363,3.6881,3.7793
2020-11-17 04:00:00,3.7793,3.9333,3.7793,3.8475
2020-11-17 08:00:00,3.8534,3.8769,3.7449,3.7775
2020-11-17 12:00:00,3.7773,3.8223,3.6885,3.7302
2020-11-17 16:00:00,3.7199,3.7999,3.6994,3.7941
2020-11-17 20:00:00,3.798,3.8997,3.7592,3.8355
2020-11-18 00:00:00,3.8476,3.8739,3.7697,3.805
2020-11-18 04:00:00,3.805,3.8407,3.55,3.6696
2020-11-18 08:00:00,3.6579,3.8157,3.6573,3.7766
2020-11-18 12:00:00,3.7768,3.7933,3.5848,3.6647
2020-11-18 16:00:00,3.6684,3.7447,3.6238,3.6624
2020-11-18 20:00:00,3.6642,3.7731,3.6186,3.7445
2020-11-19 00:00:00,3.7498,3.8272,3.6961,3.7446
2020-11-19 04:00:00,3.7473,3.7542,3.65,3.6777
2020-11-19 08:00:00,3.6775,3.7037,3.5824,3.6574
2020-11-19 12:00:00,3.658,3.7263,3.6389,3.726
2020-11-19 16:00:00,3.7264,3.7486,3.64,3.6662
2020-11-19 20:00:00,3.6662,3.6988,3.5563,3.6399
2020-11-20 00:00:00,3.6432,3.7227,3.6224,3.705
2020-11-20 04:00:00,3.7074,3.7773,3.6889,3.7673
2020-11-20 08:00:00,3.768,3.85,3.7357,3.8197
2020-11-20 12:00:00,3.8244,4.0111,3.75,3.7981
2020-11-20 16:00:00,3.8003,3.8272,3.6939,3.7434
2020-11-20 20:00:00,3.7471,3.7576,3.6542,3.715
2020-11-21 00:00:00,3.7124,3.788,3.67,3.7373
2020-11-21 04:00:00,3.7292,3.8679,3.6971,3.8394
2020-11-21 08:00:00,3.8377,3.918,3.8177,3.8494
2020-11-21 12:00:00,3.8488,4.0841,3.8019,4.0812
2020-11-21 16:00:00,4.0849,4.0983,3.8941,4.0247
2020-11-21 20:00:00,4.0165,4.033,3.932,4.0281
2020-11-22 00:00:00,4.0291,4.0602,3.79,3.8952
2020-11-22 04:00:00,3.8914,3.8939,3.71,3.8259
2020-11-22 08:00:00,3.8206,3.9126,3.7106,3.7806
2020-11-22 12:00:00,3.7731,3.9192,3.76,3.847
2020-11-22 16:00:00,3.8419,3.9674,3.825,3.9592
2020-11-22 20:00:00,3.9606,4.04,3.8628,3.8892
2020-11-23 00:00:00,3.9066,3.9906,3.8519,3.9841
2020-11-23 04:00:00,3.9841,4.17,3.9767,4.1672
2020-11-23 08:00:00,4.1655,4.2575,4.1144,4.1309
2020-11-23 12:00:00,4.1309,4.1995,4.0261,4.055
2020-11-23 16:00:00,4.0532,4.0761,3.9752,4.0675
2020-11-23 20:00:00,4.0675,4.1267,4.0116,4.0747
2020-11-24 00:00:00,4.0748,4.1915,4.0175,4.1355
2020-11-24 04:00:00,4.1231,4.27,3.979,4.0829
2020-11-24 08:00:00,4.0825,4.1872,3.865,3.9633
2020-11-24 12:00:00,3.9675,4.2597,3.881,4.242
2020-11-24 16:00:00,4.243,4.3334,4.2017,4.2635
2020-11-24 20:00:00,4.2547,4.266,4.1502,4.26
2020-11-25 00:00:00,4.26,4.36,4.15,4.1773
2020-11-25 04:00:00,4.1761,4.2272,4.12,4.2128
2020-11-25 08:00:00,4.2123,4.3817,4.1763,4.334
2020-11-25 12:00:00,4.334,4.3989,4.211,4.2679
2020-11-25 16:00:00,4.2684,4.3236,4.2166,4.246
2020-11-25 20:00:00,4.246,4.2638,3.9001,4.0453
2020-11-26 00:00:00,4.0363,4.089,3.3444,3.5347
2020-11-26 04:00:00,3.5295,3.6362,3.4291,3.4766
2020-11-26 08:00:00,3.4789,3.6023,3.28,3.5261
2020-11-26 12:00:00,3.5261,3.6411,3.378,3.4516
2020-11-26 16:00:00,3.4545,3.4894,3.3,3.4727
2020-11-26 20:00:00,3.4689,3.5932,3.4617,3.5447
2020-11-27 00:00:00,3.5399,3.6752,3.5126,3.5775
2020-11-27 04:00:00,3.576,3.7581,3.5759,3.6518
2020-11-27 08:00:00,3.6338,3.6432,3.4533,3.4865
2020-11-27 12:00:00,3.4928,3.5667,3.4178,3.44
2020-11-27 16:00:00,3.4438,3.5946,3.4265,3.5666
2020-11-27 20:00:00,3.5622,3.6274,3.5463,3.5942
2020-11-28 00:00:00,3.5903,3.6394,3.5438,3.5675
2020-11-28 04:00:00,3.5781,3.5786,3.5062,3.5201
2020-11-28 08:00:00,3.5296,3.5714,3.4752,3.5581
2020-11-28 12:00:00,3.5584,3.673,3.5338,3.6602
2020-11-28 16:00:00,3.6612,3.6998,3.6028,3.6414
2020-11-28 20:00:00,3.6488,3.6689,3.59,3.6271
2020-11-29 00:00:00,3.6299,3.6396,3.531,3.5796
2020-11-29 04:00:00,3.5747,3.6571,3.5369,3.6514
2020-11-29 08:00:00,3.6514,3.7006,3.6366,3.6701
2020-11-29 12:00:00,3.6701,3.7662,3.6374,3.72
2020-11-29 16:00:00,3.7225,3.7355,3.6321,3.64
2020-11-29 20:00:00,3.6497,3.7141,3.6445,3.7013
2020-11-30 00:00:00,3.7124,3.7953,3.7124,3.7613
2020-11-30 04:00:00,3.7614,3.7614,3.6979,3.7137
2020-11-30 08:00:00,3.7141,3.7454,3.6473,3.7063
2020-11-30 12:00:00,3.705,3.775,3.6418,3.7077
2020-11-30 16:00:00,3.71,3.82,3.7001,3.7197
2020-11-30 20:00:00,3.7181,3.7399,3.6766,3.7024
2020-12-01 00:00:00,3.7044,3.71,3.6029,3.6153
2020-12-01 04:00:00,3.6147,3.7878,3.6065,3.7827
2020-12-01 08:00:00,3.7772,3.8128,3.65,3.71
2020-12-01 12:00:00,3.7098,3.726,3.4501,3.6109
2020-12-01 16:00:00,3.616,3.63,3.5058,3.6002
2020-12-01 20:00:00,3.6021,3.6577,3.5543,3.5543
2020-12-02 00:00:00,3.55,3.7212,3.5059,3.6205
2020-12-02 04:00:00,3.6263,3.7491,3.5908,3.7043
2020-12-02 08:00:00,3.7043,3.7885,3.6861,3.775
2020-12-02 12:00:00,3.7729,3.775,3.6588,3.7336
2020-12-02 16:00:00,3.7339,3.8458,3.69,3.8089
2020-12-02 20:00:00,3.8089,3.8452,3.723,3.74
2020-12-03 00:00:00,3.7384,3.8092,3.7138,3.7885
2020-12-03 04:00:00,3.7886,3.866,3.7103,3.8541
2020-12-03 08:00:00,3.8606,3.8966,3.7917,3.8208
2020-12-03 12:00:00,3.8265,3.8359,3.7791,3.8054
2020-12-03 16:00:00,3.8099,3.8225,3.7246,3.7816
2020-12-03 20:00:00,3.7779,3.8244,3.7599,3.8123
2020-12-04 00:00:00,3.8076,3.86,3.7112,3.7165
2020-12-04 04:00:00,3.7112,3.7975,3.6928,3.731
2020-12-04 08:00:00,3.7223,3.785,3.57,3.5815
2020-12-04 12:00:00,3.5815,3.712,3.5666,3.6464
2020-12-04 16:00:00,3.6434,3.6764,3.6,3.6667
2020-12-04 20:00:00,3.6602,3.67,3.5091,3.5348
2020-12-05 00:00:00,3.5337,3.6698,3.5059,3.644
2020-12-05 04:00:00,3.6449,3.7,3.6331,3.664
2020-12-05 08:00:00,3.6681,3.7182,3.6403,3.673
2020-12-05 12:00:00,3.6818,3.6932,3.6213,3.6638
2020-12-05 16:00:00,3.6639,3.6801,3.6199,3.6506
2020-12-05 20:00:00,3.6506,3.6547,3.5887,3.6382
2020-12-06 00:00:00,3.6384,3.6733,3.62,3.644
2020-12-06 04:00:00,3.6425,3.6481,3.58,3.6066
2020-12-06 08:00:00,3.6105,3.6148,3.5158,3.5714
2020-12-06 12:00:00,3.5638,3.5981,3.5077,3.549
2020-12-06 16:00:00,3.5491,3.5944,3.5301,3.5892
2020-12-06 20:00:00,3.585,3.61,3.5463,3.6055
2020-12-07 00:00:00,3.6036,3.6096,3.5318,3.5535
2020-12-07 04:00:00,3.5535,3.5919,3.5442,3.5831
2020-12-07 08:00:00,3.583,3.5831,3.4782,3.48
2020-12-07 12:00:00,3.48,3.525,3.4752,3.4802
2020-12-07 16:00:00,3.4802,3.488,3.36,3.3671
2020-12-07 20:00:00,3.36,3.3921,3.3,3.3895
2020-12-08 00:00:00,3.3896,3.3948,3.2706,3.2857
2020-12-08 04:00:00,3.2814,3.3125,3.267,3.2879
2020-12-08 08:00:00,3.2836,3.2916,3.1,3.1642
2020-12-08 12:00:00,3.1642,3.2803,3.1382,3.1428
2020-12-08 16:00:00,3.1429,3.2434,3.125,3.1806
2020-12-08 20:00:00,3.1806,3.2336,3.085,3.1172
2020-12-09 00:00:00,3.1185,3.1185,2.8445,2.9545
2020-12-09 04:00:00,2.9549,2.9564,2.85,2.8635
2020-12-09 08:00:00,2.8635,2.9994,2.8001,2.9901
2020-12-09 12:00:00,2.9878,3.1661,2.9607,3.1516
2020-12-09 16:00:00,3.1531,3.4411,3.1216,3.327
2020-12-09 20:00:00,3.3242,3.339,3.2374,3.2652
2020-12-10 00:00:00,3.2644,3.3302,3.2334,3.2621
2020-12-10 04:00:00,3.2602,3.2811,3.173,3.2709
2020-12-10 08:00:00,3.2702,3.3583,3.1012,3.1644
2020-12-10 12:00:00,3.1588,3.2197,3.0643,3.119
2020-12-10 16:00:00,3.1133,3.1589,3.0715,3.1347
2020-12-10 20:00:00,3.1394,3.194,3.12,3.1499
2020-12-11 00:00:00,3.1482,3.1647,3.0235,3.0761
2020-12-11 04:00:00,3.0757,3.0876,3.0131,3.0535
2020-12-11 08:00:00,3.0561,3.1146,3.0133,3.0637
2020-12-11 12:00:00,3.0614,3.307,3.0482,3.27
2020-12-11 16:00:00,3.27,3.27,3.1837,3.2042
2020-12-11 20:00:00,3.2052,3.3056,3.1821,3.2375
2020-12-12 00:00:00,3.232,3.4283,3.2318,3.4019
2020-12-12 04:00:00,3.3953,3.45,3.3951,3.4399
2020-12-12 08:00:00,3.4421,3.4454,3.361,3.4012
2020-12-12 12:00:00,3.4007,3.4016,3.2629,3.2999
2020-12-12 16:00:00,3.3,3.355,3.2846,3.3318
2020-12-12 20:00:00,3.3317,3.3541,3.324,3.3332
2020-12-13 00:00:00,3.3409,3.3496,3.2901,3.3035
2020-12-13 04:00:00,3.3041,3.3547,3.2931,3.3385
2020-12-13 08:00:00,3.3447,3.4173,3.3385,3.4061
2020-12-13 12:00:00,3.406,3.4062,3.2893,3.32
2020-12-13 16:00:00,3.32,3.3789,3.32,3.3505
2020-12-13 20:00:00,3.3506,3.368,3.2806,3.3405
2020-12-14 00:00:00,3.3401,3.3401,3.2655,3.3359
2020-12-14 04:00:00,3.3319,3.3424,3.2388,3.265
2020-12-14 08:00:00,3.265,3.277,3.2019,3.2528
2020-12-14 12:00:00,3.2592,3.2768,3.2178,3.2305
2020-12-14 16:00:00,3.2305,3.2419,3.1826,3.2318
2020-12-14 20:00:00,3.2328,3.239,3.1357,3.1433
2020-12-15 00:00:00,3.1439,3.1519,3.085,3.1285
2020-12-15 04:00:00,3.1291,3.13,3.06,3.12
2020-12-15 08:00:00,3.12,3.1551,3.094,3.1497
2020-12-15 12:00:00,3.1499,3.1885,3.148,3.1702
2020-12-15 16:00:00,3.1705,3.225,3.16,3.2027
2020-12-15 20:00:00,3.2027,3.5441,3.1625,3.3014
2020-12-16 00:00:00,3.3012,3.3025,3.1561,3.165
2020-12-16 04:00:00,3.1651,3.2035,3.1571,3.1967
2020-12-16 08:00:00,3.1878,3.2007,3.1639,3.1709
2020-12-16 12:00:00,3.1709,3.3098,3.1451,3.2951
2020-12-16 16:00:00,3.2968,3.384,3.2556,3.3644
2020-12-16 20:00:00,3.3642,3.3844,3.303,3.3409
2020-12-17 00:00:00,3.3444,3.3823,3.27,3.2826
2020-12-17 04:00:00,3.2882,3.3096,3.2711,3.283
2020-12-17 08:00:00,3.285,3.3274,3.1761,3.2965
2020-12-17 12:00:00,3.2919,3.3231,3.2657,3.3176
2020-12-17 16:00:00,3.3227,3.365,3.24,3.28
2020-12-17 20:00:00,3.2826,3.3181,3.1866,3.2079
2020-12-18 00:00:00,3.2068,3.3343,3.1424,3.3161
2020-12-18 04:00:00,3.3151,3.411,3.305,3.405
2020-12-18 08:00:00,3.4053,3.4084,3.3206,3.3731
2020-12-18 12:00:00,3.3708,3.4737,3.3172,3.3587
2020-12-18 16:00:00,3.3529,3.3999,3.33,3.3909
2020-12-18 20:00:00,3.3909,3.436,3.3803,3.4081
2020-12-19 00:00:00,3.4081,3.419,3.3783,3.4165
2020-12-19 04:00:00,3.4133,3.45,3.4082,3.4248
2020-12-19 08:00:00,3.4279,3.5977,3.4181,3.5671
2020-12-19 12:00:00,3.5671,3.6076,3.5108,3.535
2020-12-19 16:00:00,3.5429,3.5577,3.435,3.4524
2020-12-19 20:00:00,3.4532,3.4936,3.4414,3.4651
2020-12-20 00:00:00,3.458,3.458,3.3901,3.4351
2020-12-20 04:00:00,3.4351,3.498,3.382,3.4771
2020-12-20 08:00:00,3.4854,3.4883,3.4056,3.4154
2020-12-20 12:00:00,3.4129,3.4402,3.33,3.3698
2020-12-20 16:00:00,3.3697,3.3899,3.3338,3.341
2020-12-20 20:00:00,3.3393,3.4587,3.2755,3.304
2020-12-21 00:00:00,3.3041,3.3564,3.2625,3.28
2020-12-21 04:00:00,3.2837,3.313,3.22,3.273
2020-12-21 08:00:00,3.2703,3.271,3.0487,3.0826
2020-12-21 12:00:00,3.0811,3.1243,3.03,3.1171
2020-12-21 16:00:00,3.1075,3.1297,2.925,3.1083
2020-12-21 20:00:00,3.1087,3.1717,3.0862,3.0892
2020-12-22 00:00:00,3.0922,3.1222,3.06,3.1032
2020-12-22 04:00:00,3.1043,3.1247,2.9702,2.9929
2020-12-22 08:00:00,2.9927,3.0449,2.9198,3.0151
2020-12-22 12:00:00,3.0069,3.1299,3.0058,3.1052
2020-12-22 16:00:00,3.1093,3.1331,3.0722,3.1045
2020-12-22 20:00:00,3.1066,3.1215,3.0455,3.0761
2020-12-23 00:00:00,3.0705,3.0773,2.9702,2.9995
2020-12-23 04:00:00,3.0016,3.0016,2.911,2.99
2020-12-23 08:00:00,2.99,3.6937,2.9763,3.1581
2020-12-23 12:00:00,3.1581,3.2625,3.0796,3.099
2020-12-23 16:00:00,3.0933,3.2476,3.0785,3.2085
2020-12-23 20:00:00,3.2187,3.227,2.7501,2.9465
2020-12-24 00:00:00,2.9525,2.9693,2.7679,2.8718
2020-12-24 04:00:00,2.8742,2.972,2.8502,2.944
2020-12-24 08:00:00,2.945,3.0456,2.9281,3.0375
2020-12-24 12:00:00,3.0347,3.0657,2.9482,3.0573
2020-12-24 16:00:00,3.0575,3.0701,2.9275,2.933
2020-12-24 20:00:00,2.9411,3.1153,2.9106,3.1006
2020-12-25 00:00:00,3.1171,3.1222,3.0305,3.0423
2020-12-25 04:00:00,3.0469,3.0852,3.0069,3.0747
2020-12-25 08:00:00,3.0773,3.1301,3.0318,3.0395
2020-12-25 12:00:00,3.0395,3.0644,2.8986,2.9206
2020-12-25 16:00:00,2.9188,2.9675,2.84,2.9159
2020-12-25 20:00:00,2.9115,2.9672,2.9,2.9517
2020-12-26 00:00:00,2.9497,2.9544,2.905,2.9333
2020-12-26 04:00:00,2.933,2.9375,2.8588,2.8846
2020-12-26 08:00:00,2.8862,2.9284,2.85,2.9216
2020-12-26 12:00:00,2.9236,2.9399,2.8793,2.8987
2020-12-26 16:00:00,2.898,2.9975,2.8848,2.9243
2020-12-26 20:00:00,2.9291,2.9751,2.8842,2.9178
2020-12-27 00:00:00,2.9223,2.9945,2.8985,2.955
2020-12-27 04:00:00,2.9605,2.9767,2.9269,2.9521
2020-12-27 08:00:00,2.9577,2.9601,2.855,2.8947
2020-12-27 12:00:00,2.8958,3.0559,2.8401,3.0364
2020-12-27 16:00:00,3.0476,3.0759,2.9392,2.9728
2020-12-27 20:00:00,2.9742,2.9743,2.8649,2.9026
2020-12-28 00:00:00,2.9168,3.0,2.8774,2.8885
2020-12-28 04:00:00,2.8889,2.9445,2.8685,2.9381
2020-12-28 08:00:00,2.9426,2.9716,2.8884,2.9441
2020-12-28 12:00:00,2.9399,3.0496,2.8855,2.982
2020-12-28 16:00:00,2.9848,3.0351,2.9718,2.9818
2020-12-28 20:00:00,2.9804,3.0246,2.9201,2.9577
2020-12-29 00:00:00,2.9609,3.01,2.8814,2.8896
2020-12-29 04:00:00,2.8897,2.9516,2.8646,2.9304
2020-12-29 08:00:00,2.9304,2.9521,2.8825,2.9217
2020-12-29 12:00:00,2.9247,2.9395,2.8646,2.8756
2020-12-29 16:00:00,2.8749,2.909,2.8322,2.8721
2020-12-29 20:00:00,2.8712,2.938,2.8629,2.9248
2020-12-30 00:00:00,2.925,2.94,2.8749,2.9066
2020-12-30 04:00:00,2.9062,2.9188,2.8466,2.8518
2020-12-30 08:00:00,2.8518,2.8811,2.8327,2.8719
2020-12-30 12:00:00,2.8709,2.9026,2.8508,2.901
2020-12-30 16:00:00,2.9036,2.9362,2.8617,2.929
2020-12-30 20:00:00,2.9289,2.9358,2.9,2.9162
2020-12-31 00:00:00,2.9166,2.92,2.8511,2.8681
2020-12-31 04:00:00,2.8634,2.9129,2.8559,2.8832
2020-12-31 08:00:00,2.8861,2.9184,2.8556,2.8815
2020-12-31 12:00:00,2.88,2.8904,2.78,2.8332
2020-12-31 16:00:00,2.8372,2.856,2.8007,2.8526
2020-12-31 20:00:00,2.8526,3.2997,2.8237,3.1859
2021-01-01 00:00:00,3.1859,3.2609,3.0178,3.1085
2021-01-01 04:00:00,3.1123,3.1753,3.0592,3.1753
2021-01-01 08:00:00,3.1753,3.5501,3.1381,3.5259
2021-01-01 12:00:00,3.516,3.86,3.4515,3.6472
2021-01-01 16:00:00,3.6454,3.6666,3.4267,3.5644
2021-01-01 20:00:00,3.5644,3.815,3.5344,3.6497
2021-01-02 00:00:00,3.6544,3.939,3.5351,3.8916
2021-01-02 04:00:00,3.8921,3.8922,3.6578,3.6622
2021-01-02 08:00:00,3.6623,3.6834,3.5,3.5797
2021-01-02 12:00:00,3.5786,3.62,3.4862,3.5472
2021-01-02 16:00:00,3.5473,3.5518,3.32,3.3587
2021-01-02 20:00:00,3.3539,3.6,3.2851,3.4956
2021-01-03 00:00:00,3.5005,3.5413,3.3916,3.493
2021-01-03 04:00:00,3.4967,3.5908,3.4806,3.5031
2021-01-03 08:00:00,3.5108,3.743,3.4901,3.656
2021-01-03 12:00:00,3.6561,3.78,3.6134,3.7369
2021-01-03 16:00:00,3.7454,3.83,3.5,3.5558
2021-01-03 20:00:00,3.5518,3.6389,3.4135,3.4691
2021-01-04 00:00:00,3.477,3.7055,3.4596,3.6125
2021-01-04 04:00:00,3.6125,3.83,3.4779,3.5642
2021-01-04 08:00:00,3.5705,3.6454,3.2283,3.4216
2021-01-04 12:00:00,3.4164,3.507,3.3426,3.448
2021-01-04 16:00:00,3.4488,3.4956,3.33,3.4579
2021-01-04 20:00:00,3.4655,3.6185,3.4001,3.5999
2021-01-05 00:00:00,3.5999,3.78,3.5653,3.6189
2021-01-05 04:00:00,3.62,3.6595,3.4703,3.606
2021-01-05 08:00:00,3.615,4.1781,3.6051,4.0495
2021-01-05 12:00:00,4.0613,4.24,3.9121,4.1989
2021-01-05 16:00:00,4.1988,4.3556,4.1004,4.1573
2021-01-05 20:00:00,4.1544,4.332,4.1151,4.2501
2021-01-06 00:00:00,4.2502,4.4,4.1361,4.303
2021-01-06 04:00:00,4.3148,4.6795,4.2221,4.4849
2021-01-06 08:00:00,4.4849,4.9473,4.3923,4.9278
2021-01-06 12:00:00,4.9278,4.9442,4.6315,4.714
2021-01-06 16:00:00,4.7138,4.9773,4.3684,4.3699
2021-01-06 20:00:00,4.3699,4.7705,4.3279,4.5788
2021-01-07 00:00:00,4.5803,4.8205,4.4576,4.7301
2021-01-07 04:00:00,4.7306,4.7448,4.4501,4.4733
2021-01-07 08:00:00,4.4738,4.66,4.3526,4.5719
2021-01-07 12:00:00,4.5606,4.7999,4.5218,4.7615
2021-01-07 16:00:00,4.7666,4.7999,4.1827,4.5556
2021-01-07 20:00:00,4.5556,4.6155,4.3685,4.4707
2021-01-08 00:00:00,4.4728,4.5479,4.0,4.2954
2021-01-08 04:00:00,4.2954,4.6781,4.2292,4.6548
2021-01-08 08:00:00,4.6677,5.5276,4.55,5.0682
2021-01-08 12:00:00,5.0684,5.705,5.0662,5.3221
2021-01-08 16:00:00,5.3127,5.3785,5.0501,5.1185
2021-01-08 20:00:00,5.1219,5.9,5.0,5.7
2021-01-09 00:00:00,5.6999,6.82,5.5761,6.4462
2021-01-09 04:00:00,6.4482,6.775,6.0621,6.5379
2021-01-09 08:00:00,6.5389,6.95,6.3011,6.4672
2021-01-09 12:00:00,6.4678,7.2525,6.4192,7.0465
2021-01-09 16:00:00,7.0465,7.4563,6.8219,7.1732
2021-01-09 20:00:00,7.1607,7.487,6.93,7.1877
2021-01-10 00:00:00,7.2115,7.4969,6.9555,7.0153
2021-01-10 04:00:00,7.0175,7.311,6.9951,7.2128
2021-01-10 08:00:00,7.2291,7.2472,6.5655,6.5978
2021-01-10 12:00:00,6.5973,6.985,6.51,6.8276
2021-01-10 16:00:00,6.8329,7.0051,6.4043,6.4629
2021-01-10 20:00:00,6.4767,6.7944,6.15,6.5416
2021-01-11 00:00:00,6.541,6.541,5.8454,6.1348
2021-01-11 04:00:00,6.1348,6.2849,5.81,6.1071
2021-01-11 08:00:00,6.1052,6.75,6.0311,6.58
2021-01-11 12:00:00,6.5737,7.0,5.72,6.0351
2021-01-11 16:00:00,6.0239,6.3395,5.7784,6.0114
2021-01-11 20:00:00,6.0103,6.5032,5.8766,6.4713
2021-01-12 00:00:00,6.4623,7.4089,6.4198,7.2204
2021-01-12 04:00:00,7.2222,7.9929,7.1269,7.8985
2021-01-12 08:00:00,7.9092,8.0779,7.4355,7.8774
2021-01-12 12:00:00,7.8777,8.2356,7.5145,7.9297
2021-01-12 16:00:00,7.9291,8.0798,7.4709,7.6439
2021-01-12 20:00:00,7.645,7.9,7.5133,7.72
2021-01-13 00:00:00,7.7254,7.7552,7.1356,7.4293
2021-01-13 04:00:00,7.4146,7.89,7.2039,7.6402
2021-01-13 08:00:00,7.6446,8.0,7.562,7.6571
2021-01-13 12:00:00,7.6565,7.9696,7.605,7.7861
2021-01-13 16:00:00,7.7999,7.8891,7.5049,7.8131
2021-01-13 20:00:00,7.8133,8.5,7.7733,8.4695
2021-01-14 00:00:00,8.4693,8.62,8.2198,8.2896
2021-01-14 04:00:00,8.2901,8.449,8.21,8.3988
2021-01-14 08:00:00,8.3993,9.52,8.35,9.4095
2021-01-14 12:00:00,9.4008,9.6004,9.1612,9.4924
2021-01-14 16:00:00,9.4924,9.5712,8.8142,8.8413
2021-01-14 20:00:00,8.8438,9.5186,8.5137,9.3177
2021-01-15 00:00:00,9.3192,9.6142,9.02,9.183
2021-01-15 04:00:00,9.1804,9.4655,8.8848,9.2708
2021-01-15 08:00:00,9.2735,9.8714,9.1418,9.56
2021-01-15 12:00:00,9.5728,9.89,9.1203,9.186
2021-01-15 16:00:00,9.1897,9.434,8.57,9.0588
2021-01-15 20:00:00,9.05,9.5926,9.0,9.3794
2021-01-16 00:00:00,9.3795,9.5211,9.1629,9.2884
2021-01-16 04:00:00,9.2999,9.87,9.1847,9.8455
2021-01-16 08:00:00,9.8449,12.0122,9.73,11.7363
2021-01-16 12:00:00,11.7363,13.4991,11.3023,12.736
2021-01-16 16:00:00,12.736,13.2386,12.2512,13.0106
2021-01-16 20:00:00,13.038,13.4327,12.4124,12.8421
2021-01-17 00:00:00,12.8222,13.92,12.3883,13.5901
2021-01-17 04:00:00,13.5871,14.69,12.6857,12.998
2021-01-17 08:00:00,12.985,14.0273,12.5511,13.6878
2021-01-17 12:00:00,13.6865,13.742,12.9,13.1507
2021-01-17 16:00:00,13.1232,13.1548,12.3231,12.7184
2021-01-17 20:00:00,12.7247,14.4,12.645,13.1746
2021-01-18 00:00:00,13.1748,13.2347,12.5737,12.6575
2021-01-18 04:00:00,12.6602,13.85,12.6394,13.8185
2021-01-18 08:00:00,13.7853,13.858,13.0286,13.2134
2021-01-18 12:00:00,13.2053,13.65,13.0,13.2897
2021-01-18 16:00:00,13.2951,13.5471,13.1539,13.5269
2021-01-18 20:00:00,13.5269,13.5999,12.5854,12.7035
2021-01-19 00:00:00,12.6825,12.7506,12.0717,12.1546
2021-01-19 04:00:00,12.1725,13.1774,12.1547,12.6911
2021-01-19 08:00:00,12.7277,13.4799,12.6799,12.7123
2021-01-19 12:00:00,12.7142,12.9809,12.6,12.8121
2021-01-19 16:00:00,12.8149,14.0,11.3433,11.6546
2021-01-19 20:00:00,11.645,12.4,11.58,11.7367
2021-01-20 00:00:00,11.7346,12.1291,11.6076,11.6188
2021-01-20 04:00:00,11.6146,12.2363,11.6006,12.0268
2021-01-20 08:00:00,12.0293,12.5,11.25,11.2509
2021-01-20 12:00:00,11.2693,12.0005,11.03,11.8386
2021-01-20 16:00:00,11.8071,13.012,11.8,13.012
2021-01-20 20:00:00,13.012,13.0765,12.1782,12.3768
2021-01-21 00:00:00,12.3768,12.5453,12.1647,12.461
2021-01-21 04:00:00,12.4342,13.0147,12.0238,12.5558
2021-01-21 08:00:00,12.5677,12.572,11.6061,12.0197
2021-01-21 12:00:00,12.0197,12.72,11.7129,11.8418
2021-01-21 16:00:00,11.8141,12.08,11.5797,12.063
2021-01-21 20:00:00,12.063,12.179,11.0659,11.3225
2021-01-22 00:00:00,11.3329,11.9757,10.673,11.9359
2021-01-22 04:00:00,11.9382,12.3315,11.5617,11.6576
2021-01-22 08:00:00,11.6561,11.9195,11.5194,11.6591
2021-01-22 12:00:00,11.6967,12.8447,11.6967,12.5337
2021-01-22 16:00:00,12.531,13.2429,12.3241,13.1198
2021-01-22 20:00:00,13.1177,13.3899,12.6425,12.7097
2021-01-23 00:00:00,12.7153,13.249,12.5059,13.0927
2021-01-23 04:00:00,13.075,13.35,12.9388,13.2349
2021-01-23 08:00:00,13.2354,13.48,12.58,12.75
2021-01-23 12:00:00,12.7345,13.2399,12.5347,13.046
2021-01-23 16:00:00,13.046,13.2856,12.745,13.005
2021-01-23 20:00:00,13.005,13.1,12.7394,12.8669
2021-01-24 00:00:00,12.8914,13.15,12.61,12.6795
2021-01-24 04:00:00,12.6866,13.0058,12.6611,12.9681
2021-01-24 08:00:00,12.964,13.1725,12.75,13.1479
2021-01-24 12:00:00,13.1486,13.1725,12.5609,12.6745
2021-01-24 16:00:00,12.6821,12.8139,12.2,12.2894
2021-01-24 20:00:00,12.289,12.5364,12.2701,12.4801
2021-01-25 00:00:00,12.4801,12.897,12.3061,12.8833
2021-01-25 04:00:00,12.897,12.95,12.7113,12.77
2021-01-25 08:00:00,12.77,12.86,12.4286,12.6723
2021-01-25 12:00:00,12.6717,12.8501,12.5313,12.7915
2021-01-25 16:00:00,12.7915,12.82,12.2571,12.3814
2021-01-25 20:00:00,12.3846,12.3871,12.0598,12.1816
2021-01-26 00:00:00,12.1816,12.666,11.796,11.8414
2021-01-26 04:00:00,11.8371,12.1358,11.8191,12.0215
2021-01-26 08:00:00,12.041,12.0568,11.48,11.8961
2021-01-26 12:00:00,11.8944,11.9735,11.3804,11.8912
2021-01-26 16:00:00,11.8973,12.7333,11.6031,12.4677
2021-01-26 20:00:00,12.4726,12.6,12.05,12.2088
2021-01-27 00:00:00,12.178,12.215,11.56,11.6688
2021-01-27 04:00:00,11.6688,12.024,11.51,11.8698
2021-01-27 08:00:00,11.8629,11.8629,11.3015,11.3521
2021-01-27 12:00:00,11.33,11.5491,10.77,11.3866
2021-01-27 16:00:00,11.3866,11.5899,10.9753,11.3449
2021-01-27 20:00:00,11.3178,11.4887,11.0608,11.158
2021-01-28 00:00:00,11.1379,11.4123,10.8,11.4084
2021-01-28 04:00:00,11.4084,11.8433,11.2299,11.4113
2021-01-28 08:00:00,11.4088,12.0954,11.3001,11.8425
2021-01-28 12:00:00,11.8693,12.7524,11.7574,12.264
2021-01-28 16:00:00,12.2731,12.39,11.9,12.1002
2021-01-28 20:00:00,12.1066,12.2859,11.94,11.9615
2021-01-29 00:00:00,11.9596,12.4604,11.7395,11.7762
2021-01-29 04:00:00,11.7624,12.6757,11.3145,11.7299
2021-01-29 08:00:00,11.7275,12.1444,11.54,11.9799
2021-01-29 12:00:00,11.9799,12.0292,11.686,11.7963
2021-01-29 16:00:00,11.801,11.8998,11.4233,11.6093
2021-01-29 20:00:00,11.6093,11.7381,11.5125,11.6158
2021-01-30 00:00:00,11.6158,11.6926,11.293,11.6862
2021-01-30 04:00:00,11.6875,12.65,11.5967,12.1262
2021-01-30 08:00:00,12.1263,12.1539,11.66,11.6827
2021-01-30 12:00:00,11.6802,11.8766,11.42,11.8468
2021-01-30 16:00:00,11.8468,12.0862,11.55,11.8152
2021-01-30 20:00:00,11.8399,12.2245,11.8017,12.0433
2021-01-31 00:00:00,12.0125,12.37,11.83,12.2204
2021-01-31 04:00:00,12.2184,12.5,12.1686,12.3518
2021-01-31 08:00:00,12.3423,14.024,12.2511,13.6121
2021-01-31 12:00:00,13.6112,15.3728,13.0,13.2746
2021-01-31 16:00:00,13.2901,14.1369,12.5582,13.2122
2021-01-31 20:00:00,13.2122,13.6786,12.51,13.4704
2021-02-01 00:00:00,13.4704,13.6408,12.5741,12.6806
2021-02-01 04:00:00,12.6802,13.4699,12.6534,13.1827
2021-02-01 08:00:00,13.1827,13.59,12.7688,12.8981
2021-02-01 12:00:00,12.8852,13.0467,12.61,12.8763
2021-02-01 16:00:00,12.8705,13.0187,12.7106,12.9513
2021-02-01 20:00:00,12.9645,13.3159,12.8652,13.2153
2021-02-02 00:00:00,13.2105,13.5474,12.768,12.7979
2021-02-02 04:00:00,12.7707,13.2686,12.765,12.9606
2021-02-02 08:00:00,12.9508,13.25,12.8723,13.1686
2021-02-02 12:00:00,13.1759,13.2,13.0158,13.0933
2021-02-02 16:00:00,13.0933,13.349,13.051,13.235
2021-02-02 20:00:00,13.2346,13.725,13.0146,13.4703
2021-02-03 00:00:00,13.47,13.5568,13.1814,13.3488
2021-02-03 04:00:00,13.3508,14.2947,13.202,14.1752
2021-02-03 08:00:00,14.1752,14.2299,13.6081,13.9044
2021-02-03 12:00:00,13.9043,14.1,13.6975,14.0053
2021-02-03 16:00:00,14.0112,14.6862,13.8114,14.44
2021-02-03 20:00:00,14.4375,14.9409,14.1104,14.84
2021-02-04 00:00:00,14.84,15.4641,14.606,14.6609
2021-02-04 04:00:00,14.67,15.8795,14.4836,15.4701
2021-02-04 08:00:00,15.4703,15.4933,13.7978,14.8339
2021-02-04 12:00:00,14.8346,15.2756,14.3568,14.705
2021-02-04 16:00:00,14.7133,15.23,14.6352,15.0027
2021-02-04 20:00:00,14.9925,15.5,14.9245,15.2697
2021-02-05 00:00:00,15.2738,15.8,15.1206,15.8
2021-02-05 04:00:00,15.8,16.393,15.4038,16.0949
2021-02-05 08:00:00,16.0973,16.92,16.0941,16.668
2021-02-05 12:00:00,16.668,17.2858,16.2956,17.2534
2021-02-05 16:00:00,17.2533,18.0321,16.7742,17.1752
2021-02-05 20:00:00,17.1749,17.9397,16.9537,17.8973
2021-02-06 00:00:00,17.8971,17.98,15.8,16.8112
2021-02-06 04:00:00,16.7981,17.3799,16.43,17.3086
2021-02-06 08:00:00,17.2852,18.2473,17.025,17.315
2021-02-06 12:00:00,17.3148,17.8025,17.0611,17.1499
2021-02-06 16:00:00,17.1273,17.751,17.1,17.7033
2021-02-06 20:00:00,17.7037,18.6228,17.3127,18.1216
2021-02-07 00:00:00,18.1232,19.4899,17.8802,18.6177
2021-02-07 04:00:00,18.6148,19.5033,18.0001,19.4746
2021-02-07 08:00:00,19.4985,24.1306,18.9534,23.9503
2021-02-07 12:00:00,23.9704,23.985,20.666,20.7072
2021-02-07 16:00:00,20.6934,23.57,20.38,23.0975
2021-02-07 20:00:00,23.1203,24.4268,22.11,23.705
2021-02-08 00:00:00,23.7374,26.1539,23.55,23.8289
2021-02-08 04:00:00,23.845,29.3461,23.679,28.505
2021-02-08 08:00:00,28.4501,31.7,27.9345,30.2645
2021-02-08 12:00:00,30.2997,33.2758,27.2053,32.1525
2021-02-08 16:00:00,32.1525,33.8167,30.52,31.9974
2021-02-08 20:00:00,32.0011,32.4622,29.1887,30.056
2021-02-09 00:00:00,30.0564,30.2873,28.55,29.9235
2021-02-09 04:00:00,29.9234,30.929,29.0,30.6754
2021-02-09 08:00:00,30.639,30.7808,28.9,28.9155
2021-02-09 12:00:00,28.9116,30.2924,27.4769,29.0011
2021-02-09 16:00:00,29.0011,32.6337,28.2809,31.2273
2021-02-09 20:00:00,31.218,33.0,30.7408,31.9194
2021-02-10 00:00:00,31.8487,44.0,31.3408,40.4198
2021-02-10 04:00:00,40.4804,45.2116,38.6149,43.1437
2021-02-10 08:00:00,43.1338,54.45,42.1952,53.5742
2021-02-10 12:00:00,53.5667,57.999,42.0,47.0115
2021-02-10 16:00:00,47.0116,55.9,45.2499,52.8712
2021-02-10 20:00:00,52.84,60.3035,52.84,54.6861
2021-02-11 00:00:00,54.6872,55.4103,47.9,50.6725
2021-02-11 04:00:00,50.6725,56.4998,50.6725,52.6561
2021-02-11 08:00:00,52.6561,52.8568,48.0583,48.29
2021-02-11 12:00:00,48.2852,50.3,46.7783,48.7635
2021-02-11 16:00:00,48.8159,48.9295,41.6728,47.1889
2021-02-11 20:00:00,47.1441,48.4044,43.5,46.9673
2021-02-12 00:00:00,46.9726,47.4789,44.46,44.5089
2021-02-12 04:00:00,44.5088,52.3,43.5,51.7489
2021-02-12 08:00:00,51.7808,54.4775,48.7494,49.49
2021-02-12 12:00:00,49.4864,50.5046,46.0021,48.2658
2021-02-12 16:00:00,48.2658,52.7077,47.0862,49.7921
2021-02-12 20:00:00,49.7921,51.8997,48.1463,48.2978
2021-02-13 00:00:00,48.2961,51.3005,48.2961,51.1158
2021-02-13 04:00:00,51.107,51.9,49.0,49.0001
2021-02-13 08:00:00,49.0597,50.0266,44.2,46.5155
2021-02-13 12:00:00,46.5732,47.6317,45.0,46.5011
2021-02-13 16:00:00,46.5158,47.7613,44.47,45.8712
2021-02-13 20:00:00,45.8711,45.9508,43.4014,44.0832
2021-02-14 00:00:00,44.0691,44.3622,40.59,41.3813
2021-02-14 04:00:00,41.387,43.5,40.3,42.3511
2021-02-14 08:00:00,42.3528,45.75,41.9794,42.5928
2021-02-14 12:00:00,42.5963,44.8,40.3938,41.6373
2021-02-14 16:00:00,41.614,42.9642,41.3001,41.3995
2021-02-14 20:00:00,41.3958,42.1666,38.3724,39.1711
2021-02-15 00:00:00,39.17,39.6558,33.5,36.3463
2021-02-15 04:00:00,36.3478,39.6538,33.74,39.5962
2021-02-15 08:00:00,39.5981,39.83,36.7632,39.6965
2021-02-15 12:00:00,39.6999,44.599,38.5,42.4686
2021-02-15 16:00:00,42.4335,43.0,40.7043,42.1
2021-02-15 20:00:00,42.0821,44.98,35.3301,38.309
2021-02-16 00:00:00,38.3362,40.0,36.0786,37.8339
2021-02-16 04:00:00,37.8331,38.23,37.0,37.598
2021-02-16 08:00:00,37.598,39.5,37.1004,37.2212
2021-02-16 12:00:00,37.2212,38.458,36.5,37.025
2021-02-16 16:00:00,37.0976,39.0933,35.2316,36.0055
2021-02-16 20:00:00,36.0044,39.07,35.1417,36.5402
2021-02-17 00:00:00,36.5402,37.4783,34.2871,34.8822
2021-02-17 04:00:00,34.8682,36.15,34.1386,36.0635
2021-02-17 08:00:00,36.0752,38.5183,35.2088,37.6829
2021-02-17 12:00:00,37.7987,42.1299,37.4,38.203
2021-02-17 16:00:00,38.1495,39.03,37.1284,37.5559
2021-02-17 20:00:00,37.5523,37.9,35.8,37.3003
2021-02-18 00:00:00,37.3046,39.95,36.19,39.3
2021-02-18 04:00:00,39.2847,42.295,38.3982,41.8593
2021-02-18 08:00:00,41.8812,44.4907,41.6177,42.6272
2021-02-18 12:00:00,42.639,42.9616,39.9534,41.0
2021-02-18 16:00:00,40.9995,41.64,40.0276,41.38
2021-02-18 20:00:00,41.3806,41.56,40.4,40.9656
2021-02-19 00:00:00,41.023,41.2754,37.5,38.3885
2021-02-19 04:00:00,38.4038,40.05,38.0099,39.7811
2021-02-19 08:00:00,39.8076,40.3491,39.0,39.7542
2021-02-19 12:00:00,39.7654,40.7909,38.3749,39.0223
2021-02-19 16:00:00,39.0195,40.2897,38.0412,38.885
2021-02-19 20:00:00,38.8852,39.529,38.104,38.7274
2021-02-20 00:00:00,38.7264,39.5,37.5,38.3645
2021-02-20 04:00:00,38.4033,40.9,38.3028,39.6652
2021-02-20 08:00:00,39.6423,42.8463,39.3001,41.7097
2021-02-20 12:00:00,41.7065,41.9626,38.1207,39.3421
2021-02-20 16:00:00,39.342,40.3798,38.9054,39.5437
2021-02-20 20:00:00,39.5861,39.6165,31.9376,35.9985
2021-02-21 00:00:00,35.9553,37.9197,34.7906,36.2151
2021-02-21 04:00:00,36.2104,37.6745,35.75,36.2525
2021-02-21 08:00:00,36.27,38.0037,36.0,37.5974
2021-02-21 12:00:00,37.6,37.7,36.2775,36.5
2021-02-21 16:00:00,36.5,36.8,36.0011,36.35
2021-02-21 20:00:00,36.3499,36.4033,34.9402,36.1855
2021-02-22 00:00:00,36.1932,36.2941,34.1,34.242
2021-02-22 04:00:00,34.2267,35.281,33.32,35.2809
2021-02-22 08:00:00,35.2809,35.282,31.8118,32.95
2021-02-22 12:00:00,32.9618,33.5608,25.47,31.5284
2021-02-22 16:00:00,31.4843,32.5972,29.3344,31.95
2021-02-22 20:00:00,31.9447,33.1,31.1666,32.1502
2021-02-23 00:00:00,32.1504,32.4108,29.0399,29.3448
2021-02-23 04:00:00,29.3324,30.0032,26.9,28.2697
2021-02-23 08:00:00,28.2933,28.5414,22.51,25.0
2021-02-23 12:00:00,25.0151,28.9295,24.6458,27.613
2021-02-23 16:00:00,27.6061,28.3629,24.6989,25.0004
2021-02-23 20:00:00,25.0004,27.7,24.5,27.5924
2021-02-24 00:00:00,27.5966,28.6666,25.2501,27.881
2021-02-24 04:00:00,27.9253,30.5686,26.8699,30.4918
2021-02-24 08:00:00,30.4697,32.2699,29.4389,30.5188
2021-02-24 12:00:00,30.5,31.53,27.4147,29.5354
2021-02-24 16:00:00,29.5353,30.0,28.2001,28.3506
2021-02-24 20:00:00,28.3206,30.1384,27.3018,29.7396
2021-02-25 00:00:00,29.732,32.1836,29.2399,29.8803
2021-02-25 04:00:00,29.872,30.7689,29.2294,30.4148
2021-02-25 08:00:00,30.4576,30.5,28.25,29.1881
2021-02-25 12:00:00,29.1868,31.1426,28.9229,30.1353
2021-02-25 16:00:00,30.1381,30.8673,28.6605,28.8781
2021-02-25 20:00:00,28.8658,28.9991,26.4439,26.7
2021-02-26 00:00:00,26.7718,27.6899,25.9058,27.2618
2021-02-26 04:00:00,27.2496,27.58,24.7703,25.2881
2021-02-26 08:00:00,25.2625,26.9599,25.1254,26.3921
2021-02-26 12:00:00,26.4362,27.5263,26.2,27.3398
2021-02-26 16:00:00,27.3347,28.0474,26.2551,26.4268
2021-02-26 20:00:00,26.4292,26.6075,25.2,25.9695
2021-02-27 00:00:00,25.9695,26.8945,25.7687,26.0334
2021-02-27 04:00:00,26.1124,27.4999,25.7798,27.1801
2021-02-27 08:00:00,27.2292,27.3076,25.45,26.7895
2021-02-27 12:00:00,26.781,27.13,25.9324,26.1376
2021-02-27 16:00:00,26.1097,27.2321,25.8185,27.2321
2021-02-27 20:00:00,27.2101,27.25,25.0,25.7616
2021-02-28 00:00:00,25.7423,25.9299,23.58,23.6534
2021-02-28 04:00:00,23.6848,24.2426,22.7544,23.08
2021-02-28 08:00:00,23.071,24.5948,23.0691,24.138
2021-02-28 12:00:00,24.1519,24.3088,22.1533,22.445
2021-02-28 16:00:00,22.4376,23.8196,22.1237,23.8029
2021-02-28 20:00:00,23.7902,25.0001,23.1501,23.9566
2021-03-01 00:00:00,23.9698,26.5606,23.6073,24.6936
2021-03-01 04:00:00,24.6849,25.6608,24.1248,24.6645
2021-03-01 08:00:00,24.671,26.9621,24.66,26.5
2021-03-01 12:00:00,26.5,27.195,25.75,27.1934
2021-03-01 16:00:00,27.1987,27.3219,25.4357,25.7654
2021-03-01 20:00:00,25.7663,27.8227,25.76,27.5107
2021-03-02 00:00:00,27.5189,29.5,27.01,27.2691
2021-03-02 04:00:00,27.3116,27.4242,25.9,26.4812
2021-03-02 08:00:00,26.4991,28.8045,26.4599,28.2486
2021-03-02 12:00:00,28.2409,31.99,28.1801,28.3808
2021-03-02 16:00:00,28.4128,28.7891,26.1052,26.5161
2021-03-02 20:00:00,26.5141,27.3599,25.8604,27.1101
2021-03-03 00:00:00,27.1144,27.6257,26.5202,26.6632
2021-03-03 04:00:00,26.6807,29.0866,26.6697,28.1468
2021-03-03 08:00:00,28.1764,29.4503,27.76,28.2595
2021-03-03 12:00:00,28.2598,28.85,27.22,27.6085
2021-03-03 16:00:00,27.6113,29.029,27.4509,28.1875
2021-03-03 20:00:00,28.1543,28.2303,27.2,27.22
2021-03-04 00:00:00,27.2126,28.82,26.7723,27.0387
2021-03-04 04:00:00,27.0377,27.6637,26.6124,27.3991
2021-03-04 08:00:00,27.4138,27.8753,26.517,26.9114
2021-03-04 12:00:00,26.9114,27.1574,26.0286,26.2231
2021-03-04 16:00:00,26.2204,26.659,24.2222,25.1244
2021-03-04 20:00:00,25.1245,25.85,24.6845,25.7781
2021-03-05 00:00:00,25.7781,25.7781,23.5269,24.41
2021-03-05 04:00:00,24.4101,24.9777,23.7334,24.7967
2021-03-05 08:00:00,24.7883,24.977,23.7634,24.8944
2021-03-05 12:00:00,24.8939,25.61,24.3934,24.44
2021-03-05 16:00:00,24.4536,25.0816,23.89,24.9712
2021-03-05 20:00:00,24.9456,25.1828,24.2229,24.2414
2021-03-06 00:00:00,24.2708,24.6347,24.0,24.1401
2021-03-06 04:00:00,24.1548,25.5,23.8267,25.1472
2021-03-06 08:00:00,25.1563,25.4,24.5329,24.8391
2021-03-06 12:00:00,24.8128,24.8591,23.9175,24.2417
2021-03-06 16:00:00,24.2687,24.9999,24.1542,24.714
2021-03-06 20:00:00,24.7142,25.45,24.5,24.911
2021-03-07 00:00:00,24.9225,26.6021,24.9225,25.7667
2021-03-07 04:00:00,25.7845,27.3137,25.5937,27.2637
2021-03-07 08:00:00,27.2576,27.95,26.7189,27.1874
2021-03-07 12:00:00,27.2067,27.9204,26.4808,27.2069
2021-03-07 16:00:00,27.2162,27.4723,26.011,26.2616
2021-03-07 20:00:00,26.2337,26.8,25.6179,26.6863
2021-03-08 00:00:00,26.6884,26.98,25.6218,25.9658
2021-03-08 04:00:00,25.9642,27.1147,25.731,26.0053
2021-03-08 08:00:00,26.0057,26.1631,24.8921,25.739
2021-03-08 12:00:00,25.7612,26.1492,25.2136,26.1231
2021-03-08 16:00:00,26.1231,26.3,25.4745,26.0736
2021-03-08 20:00:00,26.0831,26.1694,25.1665,25.6179
2021-03-09 00:00:00,25.6178,26.0999,23.4102,25.0342
2021-03-09 04:00:00,25.0433,25.3,24.6135,25.1696
2021-03-09 08:00:00,25.1745,28.8584,25.1527,28.07
2021-03-09 12:00:00,28.0776,29.4999,26.6326,29.499
2021-03-09 16:00:00,29.4971,31.5,28.8066,30.5541
2021-03-09 20:00:00,30.5341,34.7857,30.1972,34.314
2021-03-10 00:00:00,34.3007,35.8,30.5032,31.4534
2021-03-10 04:00:00,31.4641,33.3002,31.0583,32.7448
2021-03-10 08:00:00,32.7658,33.6992,30.6199,31.1115
2021-03-10 12:00:00,31.1154,32.3,30.8344,31.2045
2021-03-10 16:00:00,31.2,32.0942,30.2189,30.5755
2021-03-10 20:00:00,30.5704,30.6315,28.691,29.5858
2021-03-11 00:00:00,29.6171,30.2139,28.4,29.7363
2021-03-11 04:00:00,29.75,30.4738,28.9633,29.5355
2021-03-11 08:00:00,29.5673,32.8149,28.78,31.8501
2021-03-11 12:00:00,31.866,32.8333,30.713,31.3527
2021-03-11 16:00:00,31.3343,31.7904,30.4609,30.5712
2021-03-11 20:00:00,30.5797,31.772,30.5376,30.8005
2021-03-12 00:00:00,30.798,31.5823,29.6069,31.5452
2021-03-12 04:00:00,31.5287,31.5669,30.0,30.3355
2021-03-12 08:00:00,30.3339,30.9619,29.1,29.6265
2021-03-12 12:00:00,29.6469,29.959,27.3681,29.0184
2021-03-12 16:00:00,28.9929,29.2716,27.9163,27.9164
2021-03-12 20:00:00,27.92,28.5,26.7837,27.9561
2021-03-13 00:00:00,27.9469,28.3622,26.8568,27.8284
2021-03-13 04:00:00,27.8131,29.0,27.6051,28.202
2021-03-13 08:00:00,28.2031,29.7248,27.33,28.8768
2021-03-13 12:00:00,28.8616,29.7,28.7,29.3741
2021-03-13 16:00:00,29.3741,33.2249,29.3726,31.0441
2021-03-13 20:00:00,31.0195,31.7035,30.6096,30.8799
2021-03-14 00:00:00,30.9086,31.8902,29.9559,31.3098
2021-03-14 04:00:00,31.3303,31.4,30.0,30.2603
2021-03-14 08:00:00,30.2649,32.3,30.1575,30.9805
2021-03-14 12:00:00,30.9679,31.3251,29.64,29.9233
2021-03-14 16:00:00,29.9214,30.3861,29.6523,29.8416
2021-03-14 20:00:00,29.8418,30.325,28.8,28.8423
2021-03-15 00:00:00,28.8383,29.8744,28.7,29.662
2021-03-15 04:00:00,29.6913,30.3361,27.4733,28.3133
2021-03-15 08:00:00,28.2747,28.7036,27.0,28.5332
2021-03-15 12:00:00,28.5089,29.7,27.7632,28.9399
2021-03-15 16:00:00,28.9277,30.6472,28.3478,29.785
2021-03-15 20:00:00,29.785,30.1965,28.8381,28.9472
2021-03-16 00:00:00,28.9221,29.5778,27.5189,28.2356
2021-03-16 04:00:00,28.2443,29.6412,27.8254,29.4335
2021-03-16 08:00:00,29.4372,30.3502,28.9448,29.2975
2021-03-16 12:00:00,29.2658,31.38,28.71,30.7397
2021-03-16 16:00:00,30.7699,31.1017,29.53,31.031
2021-03-16 20:00:00,31.031,33.25,31.0153,33.036
2021-03-17 00:00:00,33.036,33.9899,31.7556,32.5641
2021-03-17 04:00:00,32.5562,32.9582,31.5535,32.6461
2021-03-17 08:00:00,32.5997,33.5,30.5307,31.3653
2021-03-17 12:00:00,31.3347,31.7005,30.7995,31.6299
2021-03-17 16:00:00,31.6096,32.6284,30.9,31.8659
2021-03-17 20:00:00,31.8873,33.0725,31.8658,32.6789
2021-03-18 00:00:00,32.6789,34.0,32.4384,32.5477
2021-03-18 04:00:00,32.5364,32.9982,31.8187,32.1874
2021-03-18 08:00:00,32.19,33.8817,31.9593,32.98
2021-03-18 12:00:00,32.9659,34.9,32.3266,34.8968
2021-03-18 16:00:00,34.8967,35.6073,32.956,33.0201
2021-03-18 20:00:00,33.0004,34.5781,32.5502,33.2132
2021-03-19 00:00:00,33.2131,33.8721,31.3409,33.293
2021-03-19 04:00:00,33.3062,34.55,33.0561,34.1469
2021-03-19 08:00:00,34.15,37.49,34.0207,37.1233
2021-03-19 12:00:00,37.1484,38.4866,36.0613,36.2896
2021-03-19 16:00:00,36.3041,38.4731,35.8669,38.3134
2021-03-19 20:00:00,38.3327,38.3986,36.7297,37.3166
2021-03-20 00:00:00,37.3219,39.3,37.1069,38.2525
2021-03-20 04:00:00,38.2336,38.7729,37.545,37.5749
2021-03-20 08:00:00,37.59,37.82,36.18,36.4045
2021-03-20 12:00:00,36.3962,36.7201,35.9029,36.0836
2021-03-20 16:00:00,36.0936,36.4506,35.3615,35.9864
2021-03-20 20:00:00,35.9823,36.0253,34.1701,34.2022
2021-03-21 00:00:00,34.1783,35.4516,33.5322,34.1694
2021-03-21 04:00:00,34.1694,34.5813,33.1301,34.2652
2021-03-21 08:00:00,34.2779,34.7377,32.1366,32.8214
2021-03-21 12:00:00,32.8075,33.6485,32.0001,33.2197
2021-03-21 16:00:00,33.2113,33.6001,32.6125,33.0053
2021-03-21 20:00:00,33.0195,33.8547,32.6201,32.8117
2021-03-22 00:00:00,32.8109,32.8549,31.2233,32.3406
2021-03-22 04:00:00,32.3406,33.2317,32.2025,32.9979
2021-03-22 08:00:00,33.0294,33.5892,32.1582,33.0095
2021-03-22 12:00:00,33.0107,33.3872,31.8089,32.268
2021-03-22 16:00:00,32.2679,32.5,31.0,31.1164
2021-03-22 20:00:00,31.1147,31.3757,28.6202,29.17
2021-03-23 00:00:00,29.1805,30.72,29.0,29.65
2021-03-23 04:00:00,29.6529,29.9062,28.1111,29.6746
2021-03-23 08:00:00,29.6709,30.4394,29.0,29.2402
2021-03-23 12:00:00,29.2516,30.6,29.2516,30.5053
2021-03-23 16:00:00,30.4886,30.8899,29.0884,29.2466
2021-03-23 20:00:00,29.2467,29.34,28.246,28.4704
2021-03-24 00:00:00,28.4541,28.751,27.6446,28.1802
2021-03-24 04:00:00,28.1582,29.8,27.8001,29.5446
2021-03-24 08:00:00,29.5118,30.4914,29.4468,29.5778
2021-03-24 12:00:00,29.5637,30.2352,29.2614,29.3898
2021-03-24 16:00:00,29.3898,29.4869,27.7329,27.9271
2021-03-24 20:00:00,27.9271,28.27,24.6652,25.8387
2021-03-25 00:00:00,25.8,26.2178,24.3291,25.918
2021-03-25 04:00:00,25.9533,27.1629,25.6821,26.3689
2021-03-25 08:00:00,26.3701,27.5152,26.1041,26.3258
2021-03-25 12:00:00,26.3294,26.597,25.02,25.4886
2021-03-25 16:00:00,25.4691,26.25,25.0254,25.7669
2021-03-25 20:00:00,25.7669,26.6049,25.45,25.825
2021-03-26 00:00:00,25.8109,27.632,25.7873,27.2531
2021-03-26 04:00:00,27.2603,28.3305,27.11,28.0872
2021-03-26 08:00:00,28.1097,28.2782,27.2102,27.6772
2021-03-26 12:00:00,27.6553,28.5529,27.4922,28.1775
2021-03-26 16:00:00,28.1798,28.8782,27.8266,28.0191
2021-03-26 20:00:00,28.0092,28.6181,27.683,28.2527
2021-03-27 00:00:00,28.2744,28.6667,27.7,28.0649
2021-03-27 04:00:00,28.0691,28.5896,27.8857,28.1437
2021-03-27 08:00:00,28.1534,28.5,27.4641,27.5199
2021-03-27 12:00:00,27.52,27.7,26.789,27.6339
2021-03-27 16:00:00,27.64,28.2789,27.6333,27.8464
2021-03-27 20:00:00,27.85,28.4952,27.5157,27.6225
2021-03-28 00:00:00,27.6226,29.1888,27.22,28.8622
2021-03-28 04:00:00,28.89,29.1,28.2857,28.9361
2021-03-28 08:00:00,28.9499,29.5578,28.4046,28.4852
2021-03-28 12:00:00,28.4894,29.3609,27.9986,29.16
2021-03-28 16:00:00,29.1757,29.2445,27.5327,28.2647
2021-03-28 20:00:00,28.2497,28.76,27.8974,28.7167
2021-03-29 00:00:00,28.7392,29.4235,28.2,29.0723
2021-03-29 04:00:00,29.0759,29.535,28.6613,29.3783
2021-03-29 08:00:00,29.3783,30.3702,29.3697,29.9131
2021-03-29 12:00:00,29.92,30.3646,29.2,29.6641
2021-03-29 16:00:00,29.6975,30.15,29.35,29.4332
2021-03-29 20:00:00,29.45,29.8803,29.145,29.5
2021-03-30 00:00:00,29.5,29.65,28.6023,29.4038
2021-03-30 04:00:00,29.4032,30.9802,29.0954,30.4521
2021-03-30 08:00:00,30.4521,30.8166,29.9963,30.3471
2021-03-30 12:00:00,30.332,30.3612,29.06,29.2695
2021-03-30 16:00:00,29.2761,29.8758,29.24,29.8458
2021-03-30 20:00:00,29.8362,29.899,29.2432,29.6009
2021-03-31 00:00:00,29.6009,29.9641,28.1769,28.5018
2021-03-31 04:00:00,28.4864,29.29,27.66,28.3185
2021-03-31 08:00:00,28.2957,28.3916,25.9,28.197
2021-03-31 12:00:00,28.1689,28.9391,27.8,28.4861
2021-03-31 16:00:00,28.4863,28.6692,27.7159,28.0245
2021-03-31 20:00:00,28.0216,28.7573,27.8289,28.7218
2021-04-01 00:00:00,28.7217,29.2919,28.48,29.263
2021-04-01 04:00:00,29.2631,29.373,28.3576,28.4768
2021-04-01 08:00:00,28.4769,29.12,27.886,28.0904
2021-04-01 12:00:00,28.0609,28.9274,27.9357,28.7485
2021-04-01 16:00:00,28.7613,28.9365,27.6921,28.5807
2021-04-01 20:00:00,28.5998,28.6964,27.95,28.2456
2021-04-02 00:00:00,28.2686,28.9,27.9429,28.9
2021-04-02 04:00:00,28.8904,29.58,28.5001,29.35
2021-04-02 08:00:00,29.35,29.5805,28.9324,29.2199
2021-04-02 12:00:00,29.2199,29.3878,28.45,29.2155
2021-04-02 16:00:00,29.1918,29.4113,28.35,28.617
2021-04-02 20:00:00,28.61,29.1,28.4103,29.0353
2021-04-03 00:00:00,29.0137,30.43,29.0101,30.0841
2021-04-03 04:00:00,30.0861,32.8025,30.025,32.5929
2021-04-03 08:00:00,32.5983,32.8727,30.9252,31.9285
2021-04-03 12:00:00,31.9421,32.5675,30.312,30.3684
2021-04-03 16:00:00,30.3677,30.9494,28.596,29.9431
2021-04-03 20:00:00,29.9388,29.9388,27.8274,28.1787
2021-04-04 00:00:00,28.1709,29.3436,27.5607,29.25
2021-04-04 04:00:00,29.2501,29.4181,28.4424,29.3985
2021-04-04 08:00:00,29.41,29.8372,28.7597,28.9775
2021-04-04 12:00:00,28.9709,29.9171,28.6793,29.0633
2021-04-04 16:00:00,29.054,29.8524,28.9485,29.2143
2021-04-04 20:00:00,29.2001,29.3993,28.97,29.1573
2021-04-05 00:00:00,29.174,30.5978,28.5455,30.0773
2021-04-05 04:00:00,30.0772,31.475,29.2158,30.6494
2021-04-05 08:00:00,30.6378,32.64,30.0,32.2991
2021-04-05 12:00:00,32.2978,33.0,31.5921,31.9744
2021-04-05 16:00:00,31.9615,32.4567,31.1,31.6448
2021-04-05 20:00:00,31.6311,32.4,30.9792,31.2559
2021-04-06 00:00:00,31.2913,33.8145,31.2817,33.1441
2021-04-06 04:00:00,33.1371,34.5578,32.8138,33.6819
2021-04-06 08:00:00,33.6989,34.26,32.7456,33.2246
2021-04-06 12:00:00,33.1983,33.7613,30.0,31.4566
2021-04-06 16:00:00,31.4566,32.5131,31.3123,31.78
2021-04-06 20:00:00,31.7892,31.98,30.8155,31.4635
2021-04-07 00:00:00,31.4838,32.1883,30.66,31.4561
2021-04-07 04:00:00,31.4561,31.9597,30.5794,30.9275
2021-04-07 08:00:00,30.9047,34.15,28.6874,29.9116
2021-04-07 12:00:00,29.8838,30.5297,28.825,29.6202
2021-04-07 16:00:00,29.6202,30.2804,28.6023,29.4094
2021-04-07 20:00:00,29.4095,30.25,28.9139,29.5068
2021-04-08 00:00:00,29.54,30.7953,29.2287,30.3775
2021-04-08 04:00:00,30.3792,31.0945,30.2575,31.0388
2021-04-08 08:00:00,31.0418,31.3626,29.8512,30.1387
2021-04-08 12:00:00,30.138,31.5,30.023,31.0939
2021-04-08 16:00:00,31.1,31.6137,30.5,30.6343
2021-04-08 20:00:00,30.6361,30.91,30.2,30.751
2021-04-09 00:00:00,30.7475,31.1918,30.3031,30.4587
2021-04-09 04:00:00,30.4433,31.0686,30.36,30.8551
2021-04-09 08:00:00,30.85,31.46,30.45,31.0873
2021-04-09 12:00:00,31.0873,32.05,30.8581,31.2782
2021-04-09 16:00:00,31.262,31.9183,30.671,31.758
2021-04-09 20:00:00,31.7873,32.482,31.2505,31.5178
2021-04-10 00:00:00,31.5178,33.5565,31.2877,33.2602
2021-04-10 04:00:00,33.25,33.97,32.6291,33.1785
2021-04-10 08:00:00,33.159,33.6782,32.7311,32.9589
2021-04-10 12:00:00,32.9589,33.2,32.0554,32.5002
2021-04-10 16:00:00,32.5142,33.6572,31.6628,31.9584
2021-04-10 20:00:00,31.9635,32.175,30.865,31.776
2021-04-11 00:00:00,31.7628,32.202,31.4983,32.0154
2021-04-11 04:00:00,32.0335,32.07,31.0507,31.3072
2021-04-11 08:00:00,31.313,32.29,31.3072,31.5784
2021-04-11 12:00:00,31.5784,32.06,30.8928,31.9393
2021-04-11 16:00:00,31.933,32.33,31.2569,31.8114
2021-04-11 20:00:00,31.7837,32.1,31.3818,31.5976
2021-04-12 00:00:00,31.5853,32.8499,31.3,32.8303
2021-04-12 04:00:00,32.8303,33.3581,32.565,32.6319
2021-04-12 08:00:00,32.6313,32.9587,31.1,32.0659
2021-04-12 12:00:00,32.0547,32.198,31.3035,31.4488
2021-04-12 16:00:00,31.4488,34.8275,31.4,34.6
2021-04-12 20:00:00,34.6145,35.6418,33.7347,33.8055
2021-04-13 00:00:00,33.8125,34.888,33.55,33.7867
2021-04-13 04:00:00,33.7749,33.84,32.2001,32.5454
2021-04-13 08:00:00,32.5458,33.078,31.7,32.9075
2021-04-13 12:00:00,32.9075,33.4606,32.5101,33.0378
2021-04-13 16:00:00,33.0202,34.6397,32.4477,33.8271
2021-04-13 20:00:00,33.8534,34.1829,33.2091,33.6462
2021-04-14 00:00:00,33.6426,34.693,32.8907,34.4633
2021-04-14 04:00:00,34.4634,36.6945,34.0131,35.5524
2021-04-14 08:00:00,35.5522,36.1573,33.4117,35.4873
2021-04-14 12:00:00,35.4855,38.58,34.4758,37.1387
2021-04-14 16:00:00,37.1338,39.2,36.0,37.3239
2021-04-14 20:00:00,37.3437,39.45,36.7086,38.3391
2021-04-15 00:00:00,38.3892,40.759,37.9128,39.976
2021-04-15 04:00:00,39.9707,39.9707,38.555,38.6154
2021-04-15 08:00:00,38.6081,39.1766,36.5008,37.0508
2021-04-15 12:00:00,37.025,38.2161,36.795,37.0489
2021-04-15 16:00:00,37.0492,37.4559,36.21,37.4026
2021-04-15 20:00:00,37.4013,38.2137,36.963,37.0174
2021-04-16 00:00:00,37.0256,37.4212,35.4912,36.2559
2021-04-16 04:00:00,36.2559,36.3851,35.0,36.02
2021-04-16 08:00:00,36.0396,36.2,33.6,34.9218
2021-04-16 12:00:00,34.9218,35.4041,33.0618,35.1271
2021-04-16 16:00:00,35.1061,36.3012,34.3668,35.3652
2021-04-16 20:00:00,35.3846,37.5412,34.905,35.45
2021-04-17 00:00:00,35.4383,36.6187,34.7369,36.6187
2021-04-17 04:00:00,36.6097,36.7483,35.738,36.0616
2021-04-17 08:00:00,36.0661,36.9062,34.653,35.2101
2021-04-17 12:00:00,35.2103,35.6192,34.1041,34.2864
2021-04-17 16:00:00,34.2697,35.0,33.51,34.5874
2021-04-17 20:00:00,34.5874,35.2273,33.8537,33.9342
2021-04-18 00:00:00,33.9673,34.3,22.5473,26.3578
2021-04-18 04:00:00,26.4201,29.6983,25.4494,29.5356
2021-04-18 08:00:00,29.562,29.7493,25.6,25.9867
2021-04-18 12:00:00,25.9664,28.9938,25.956,28.8551
2021-04-18 16:00:00,28.8551,29.4288,28.0719,28.8392
2021-04-18 20:00:00,28.8392,29.6098,28.276,29.3348
2021-04-19 00:00:00,29.323,30.26,28.0,29.8716
2021-04-19 04:00:00,29.8712,30.5796,29.1891,30.1075
2021-04-19 08:00:00,30.112,30.2846,27.5002,28.65
2021-04-19 12:00:00,28.65,28.6689,25.5472,25.8726
2021-04-19 16:00:00,25.9048,27.55,25.6757,27.2556
2021-04-19 20:00:00,27.256,27.7509,26.0,26.1827
2021-04-20 00:00:00,26.2029,26.389,23.8766,24.4635
2021-04-20 04:00:00,24.4495,25.8439,23.9793,24.8681
2021-04-20 08:00:00,24.8813,29.9752,24.7649,27.9128
2021-04-20 12:00:00,27.9303,27.9303,25.9092,26.5008
2021-04-20 16:00:00,26.5212,28.27,26.0725,28.1196
2021-04-20 20:00:00,28.16,28.3008,26.8837,27.4058
2021-04-21 00:00:00,27.4059,28.0235,26.5,26.9161
2021-04-21 04:00:00,26.9475,28.0,26.5827,27.1831
2021-04-21 08:00:00,27.1828,27.8585,26.0011,26.3133
2021-04-21 12:00:00,26.2998,28.0,26.0045,27.8807
2021-04-21 16:00:00,27.8853,28.4899,27.1313,28.0469
2021-04-21 20:00:00,28.0468,28.0544,25.75,25.8131
2021-04-22 00:00:00,25.8131,26.4631,25.1,25.2431
2021-04-22 04:00:00,25.25,26.6147,25.2181,26.3179
2021-04-22 08:00:00,26.327,27.0683,25.3333,27.0096
2021-04-22 12:00:00,27.0371,27.6502,26.73,27.1601
2021-04-22 16:00:00,27.1591,27.7519,25.3,25.6455
2021-04-22 20:00:00,25.6461,27.42,22.87,23.9703
2021-04-23 00:00:00,23.9692,24.6948,19.8,22.0625
2021-04-23 04:00:00,22.0611,22.383,20.0,20.4174
2021-04-23 08:00:00,20.4174,26.557,20.2345,23.5391
2021-04-23 12:00:00,23.5728,23.8499,21.6114,23.1384
2021-04-23 16:00:00,23.1103,23.5,22.4697,23.4152
2021-04-23 20:00:00,23.3878,23.85,22.6145,23.5317
2021-04-24 00:00:00,23.55,23.7808,22.1688,23.7735
2021-04-24 04:00:00,23.7809,23.9381,22.8978,23.05
2021-04-24 08:00:00,23.05,23.6077,21.3801,21.7882
2021-04-24 12:00:00,21.8088,22.5748,21.4884,22.4642
2021-04-24 16:00:00,22.4496,22.6998,21.9218,22.466
2021-04-24 20:00:00,22.48,22.735,21.6,21.8523
2021-04-25 00:00:00,21.8429,22.5172,21.5954,21.6033
2021-04-25 04:00:00,21.5963,21.7153,21.5963,21.7131
2021-04-25 08:00:00,21.7154,22.508,21.667,22.458
2021-04-25 12:00:00,22.484,23.68,22.458,23.66
2021-04-25 16:00:00,23.661,23.75,21.931,21.992
2021-04-25 20:00:00,21.962,22.318,20.359,21.624
2021-04-26 00:00:00,21.628,23.7,21.39,23.576
2021-04-26 04:00:00,23.596,25.48,23.501,25.016
2021-04-26 08:00:00,25.016,25.768,24.48,25.522
2021-04-26 12:00:00,25.522,25.71,25.054,25.552
2021-04-26 16:00:00,25.574,26.49,25.0,26.072
2021-04-26 20:00:00,26.06,26.5,24.558,26.451
2021-04-27 00:00:00,26.441,27.268,25.7,26.56
2021-04-27 04:00:00,26.555,27.85,26.402,27.368
2021-04-27 08:00:00,27.368,27.824,27.22,27.662
2021-04-27 12:00:00,27.69,27.7,26.408,27.529
2021-04-27 16:00:00,27.532,27.68,26.533,26.92
2021-04-27 20:00:00,26.929,28.0,26.797,27.949
2021-04-28 00:00:00,27.961,29.077,27.68,27.8
2021-04-28 04:00:00,27.767,28.225,25.826,26.748
2021-04-28 08:00:00,26.761,27.5,25.85,27.196
2021-04-28 12:00:00,27.174,28.003,26.6,26.966
2021-04-28 16:00:00,26.992,28.896,26.664,28.6
2021-04-28 20:00:00,28.592,29.045,27.274,28.233
2021-04-29 00:00:00,28.246,28.326,27.071,27.443
2021-04-29 04:00:00,27.443,28.362,26.62,28.362
2021-04-29 08:00:00,28.355,28.791,27.576,28.691
2021-04-29 12:00:00,28.7,29.765,27.857,28.15
2021-04-29 16:00:00,28.146,28.193,26.831,27.267
2021-04-29 20:00:00,27.262,28.266,26.6,27.912
2021-04-30 00:00:00,27.926,28.473,27.501,28.428
2021-04-30 04:00:00,28.434,30.6496,28.278,30.151
2021-04-30 08:00:00,30.167,30.884,29.81,30.277
2021-04-30 12:00:00,30.282,31.768,30.25,31.076
2021-04-30 16:00:00,31.08,32.9,31.074,32.268
2021-04-30 20:00:00,32.279,33.0,31.562,32.8
2021-05-01 00:00:00,32.819,34.618,32.357,34.338
2021-05-01 04:00:00,34.371,35.68,33.219,33.446
2021-05-01 08:00:00,33.446,34.648,32.521,34.633
2021-05-01 12:00:00,34.645,34.677,32.6,32.976
2021-05-01 16:00:00,32.976,33.379,32.542,32.547
2021-05-01 20:00:00,32.547,32.785,31.722,31.805
2021-05-02 00:00:00,31.815,32.459,30.811,30.811
2021-05-02 04:00:00,30.811,31.729,30.383,31.427
2021-05-02 08:00:00,31.416,32.449,30.8,32.223
2021-05-02 12:00:00,32.225,32.451,31.45,31.763
2021-05-02 16:00:00,31.763,32.352,31.552,32.15
2021-05-02 20:00:00,32.15,32.681,30.87,31.28
2021-05-03 00:00:00,31.262,32.852,31.16,32.824
2021-05-03 04:00:00,32.851,32.961,32.305,32.8
2021-05-03 08:00:00,32.825,34.55,30.697,32.991
2021-05-03 12:00:00,32.996,34.01,31.182,33.04
2021-05-03 16:00:00,33.074,37.36,32.963,35.813
2021-05-03 20:00:00,35.832,36.349,34.343,35.871
2021-05-04 00:00:00,35.885,36.194,32.0,33.2
2021-05-04 04:00:00,33.191,34.853,32.96,33.4
2021-05-04 08:00:00,33.382,34.842,32.598,34.406
2021-05-04 12:00:00,34.375,34.497,29.723,30.41
2021-05-04 16:00:00,30.395,32.294,29.501,31.959
2021-05-04 20:00:00,31.962,32.237,30.139,30.287
2021-05-05 00:00:00,30.307,32.4,29.7,31.259
2021-05-05 04:00:00,31.268,32.429,30.413,32.323
2021-05-05 08:00:00,32.342,32.823,31.839,32.114
2021-05-05 12:00:00,32.12,33.549,32.12,33.132
2021-05-05 16:00:00,33.113,35.616,32.751,34.991
2021-05-05 20:00:00,34.985,35.5,33.994,35.258
2021-05-06 00:00:00,35.225,36.773,34.676,34.993
2021-05-06 04:00:00,34.992,38.338,34.887,37.279
2021-05-06 08:00:00,37.294,38.5,37.019,37.723
2021-05-06 12:00:00,37.723,38.0,36.2,36.47
2021-05-06 16:00:00,36.454,39.3,34.66,36.992
2021-05-06 20:00:00,36.964,38.45,36.082,38.003
2021-05-07 00:00:00,38.002,39.45,35.969,37.107
2021-05-07 04:00:00,37.069,39.94,36.884,39.595
2021-05-07 08:00:00,39.583,43.0,38.462,42.125
2021-05-07 12:00:00,42.125,43.885,41.314,41.67
2021-05-07 16:00:00,41.667,42.15,39.252,39.766
2021-05-07 20:00:00,39.759,40.559,36.588,37.875
2021-05-08 00:00:00,37.852,39.008,37.384,38.995
2021-05-08 04:00:00,38.983,38.993,37.157,38.41
2021-05-08 08:00:00,38.448,38.7,37.397,38.388
2021-05-08 12:00:00,38.388,39.844,37.17,37.509
2021-05-08 16:00:00,37.523,39.5,37.492,39.356
2021-05-08 20:00:00,39.336,39.549,38.278,38.399
2021-05-09 00:00:00,38.399,38.789,36.802,37.038
2021-05-09 04:00:00,37.053,37.515,35.017,36.483
2021-05-09 08:00:00,36.484,37.635,36.484,36.9
2021-05-09 12:00:00,36.948,37.26,35.467,37.047
2021-05-09 16:00:00,37.044,38.4,36.754,37.698
2021-05-09 20:00:00,37.698,39.5,37.65,38.969
2021-05-10 00:00:00,38.988,39.566,38.517,38.983
2021-05-10 04:00:00,39.02,41.8,38.793,40.864
2021-05-10 08:00:00,40.841,41.174,38.089,38.774
2021-05-10 12:00:00,38.774,39.247,37.02,38.4
2021-05-10 16:00:00,38.4,38.487,32.2,33.405
2021-05-10 20:00:00,33.384,35.5,29.69,34.652
2021-05-11 00:00:00,34.65,35.389,32.575,33.354
2021-05-11 04:00:00,33.351,35.48,32.934,35.001
2021-05-11 08:00:00,35.042,36.241,33.976,34.683
2021-05-11 12:00:00,34.7,36.157,33.783,35.783
2021-05-11 16:00:00,35.747,36.178,34.844,35.365
2021-05-11 20:00:00,35.4,37.3,35.1,36.8
2021-05-12 00:00:00,36.768,38.888,36.709,38.494
2021-05-12 04:00:00,38.497,38.82,37.384,38.716
2021-05-12 08:00:00,38.67,40.788,37.958,40.34
2021-05-12 12:00:00,40.329,41.47,38.2,38.462
2021-05-12 16:00:00,38.432,38.678,35.81,37.694
2021-05-12 20:00:00,37.689,39.0,32.0,32.8
2021-05-13 00:00:00,32.872,36.35,30.739,35.591
2021-05-13 04:00:00,35.585,37.17,35.501,36.541
2021-05-13 08:00:00,36.585,36.89,32.05,33.92
2021-05-13 12:00:00,33.879,35.76,33.482,33.902
2021-05-13 16:00:00,33.9,35.083,31.2,32.756
2021-05-13 20:00:00,32.793,35.196,32.55,35.075
2021-05-14 00:00:00,35.036,35.5,33.603,34.118
2021-05-14 04:00:00,34.118,35.103,33.276,35.095
2021-05-14 08:00:00,35.103,36.844,34.685,36.143
2021-05-14 12:00:00,36.185,37.481,35.2,37.186
2021-05-14 16:00:00,37.22,38.0,35.738,35.92
2021-05-14 20:00:00,35.923,37.531,34.708,36.999
2021-05-15 00:00:00,36.993,37.92,35.903,37.299
2021-05-15 04:00:00,37.28,38.75,35.7,35.755
2021-05-15 08:00:00,35.746,38.0,34.43,37.19
2021-05-15 12:00:00,37.198,39.99,36.603,38.608
2021-05-15 16:00:00,38.627,38.664,34.858,36.28
2021-05-15 20:00:00,36.276,36.89,34.031,34.439
2021-05-16 00:00:00,34.464,35.975,34.141,35.768
2021-05-16 04:00:00,35.773,37.417,35.423,37.038
2021-05-16 08:00:00,37.091,39.1,36.793,37.338
2021-05-16 12:00:00,37.33,39.7,36.673,37.05
2021-05-16 16:00:00,37.049,37.7,32.5,33.62
2021-05-16 20:00:00,33.62,36.6,32.624,36.6
2021-05-17 00:00:00,36.597,36.686,32.69,32.978
2021-05-17 04:00:00,32.976,35.448,31.75,35.301
2021-05-17 08:00:00,35.344,35.888,34.155,35.234
2021-05-17 12:00:00,35.195,37.936,34.05,34.319
2021-05-17 16:00:00,34.311,35.39,32.577,34.944
2021-05-17 20:00:00,34.93,35.5,32.849,33.67
2021-05-18 00:00:00,33.684,36.0,33.268,35.966
2021-05-18 04:00:00,35.938,37.644,35.865,36.89
2021-05-18 08:00:00,36.858,37.7,35.994,37.18
2021-05-18 12:00:00,37.186,37.32,33.932,34.796
2021-05-18 16:00:00,34.822,36.558,34.357,36.148
2021-05-18 20:00:00,36.114,37.2,35.538,36.875
2021-05-19 00:00:00,36.907,38.535,34.123,34.4
2021-05-19 04:00:00,34.443,34.886,31.443,33.493
2021-05-19 08:00:00,33.452,33.639,25.229,28.371
2021-05-19 12:00:00,28.384,29.25,17.775,26.84
2021-05-19 16:00:00,26.689,29.363,24.659,26.816
2021-05-19 20:00:00,26.785,27.387,23.005,23.052
2021-05-20 00:00:00,23.064,24.594,20.809,22.657
2021-05-20 04:00:00,22.661,26.608,22.523,25.933
2021-05-20 08:00:00,25.959,26.31,24.155,25.773
2021-05-20 12:00:00,25.739,28.2,25.272,26.937
2021-05-20 16:00:00,26.937,26.975,23.895,26.024
2021-05-20 20:00:00,26.049,26.794,24.607,25.086
2021-05-21 00:00:00,25.042,26.712,25.01,25.409
2021-05-21 04:00:00,25.38,25.541,24.01,24.407
2021-05-21 08:00:00,24.407,25.414,23.7,24.788
2021-05-21 12:00:00,24.791,25.195,21.4,21.649
2021-05-21 16:00:00,21.734,22.63,20.323,20.866
2021-05-21 20:00:00,20.839,21.855,18.368,21.827
2021-05-22 00:00:00,21.825,22.474,20.15,20.383
2021-05-22 04:00:00,20.395,20.692,18.65,19.578
2021-05-22 08:00:00,19.566,21.065,19.382,20.537
2021-05-22 12:00:00,20.537,20.891,19.229,19.972
2021-05-22 16:00:00,19.972,20.199,18.3,18.353
2021-05-22 20:00:00,18.351,19.524,18.313,18.797
2021-05-23 00:00:00,18.809,19.668,18.42,19.296
2021-05-23 04:00:00,19.253,19.332,17.154,17.575
2021-05-23 08:00:00,17.586,17.602,15.577,15.676
2021-05-23 12:00:00,15.689,15.852,13.28,13.719
2021-05-23 16:00:00,13.722,14.878,12.086,14.464
2021-05-23 20:00:00,14.488,16.195,14.464,15.606
2021-05-24 00:00:00,15.603,16.35,15.229,15.745
2021-05-24 04:00:00,15.763,18.0,15.034,17.949
2021-05-24 08:00:00,17.949,18.11,16.671,17.979
2021-05-24 12:00:00,17.98,18.687,17.4,18.453
2021-05-24 16:00:00,18.442,20.0,17.446,19.895
2021-05-24 20:00:00,19.895,20.5,18.749,19.395
2021-05-25 00:00:00,19.395,20.243,17.9,18.438
2021-05-25 04:00:00,18.429,19.943,17.904,19.519
2021-05-25 08:00:00,19.5,19.741,17.001,17.309
2021-05-25 12:00:00,17.318,19.276,17.205,19.211
2021-05-25 16:00:00,19.182,19.359,17.886,18.059
2021-05-25 20:00:00,18.083,19.94,18.039,19.446
2021-05-26 00:00:00,19.431,20.574,19.0,20.468
2021-05-26 04:00:00,20.496,21.446,20.012,21.312
2021-05-26 08:00:00,21.303,21.453,20.371,20.899
2021-05-26 12:00:00,20.911,21.3,19.178,19.52
2021-05-26 16:00:00,19.534,19.983,18.918,19.393
2021-05-26 20:00:00,19.404,20.897,19.236,20.797
2021-05-27 00:00:00,20.794,21.198,18.717,19.284
2021-05-27 04:00:00,19.284,20.05,18.843,19.671
2021-05-27 08:00:00,19.666,20.423,19.3,20.197
2021-05-27 12:00:00,20.238,20.583,19.75,19.946
2021-05-27 16:00:00,19.95,20.033,19.2,19.544
2021-05-27 20:00:00,19.534,19.59,18.8,19.118
2021-05-28 00:00:00,19.133,19.568,18.452,19.49
2021-05-28 04:00:00,19.49,19.499,17.25,17.958
2021-05-28 08:00:00,17.928,18.127,16.1,16.354
2021-05-28 12:00:00,16.333,17.93,16.194,17.684
2021-05-28 16:00:00,17.671,17.691,16.807,17.274
2021-05-28 20:00:00,17.274,17.599,16.015,16.727
2021-05-29 00:00:00,16.727,17.405,16.671,17.179
2021-05-29 04:00:00,17.155,17.592,16.505,16.795
2021-05-29 08:00:00,16.787,16.994,16.04,16.687
2021-05-29 12:00:00,16.66,16.679,15.407,15.675
2021-05-29 16:00:00,15.688,16.075,15.169,15.621
2021-05-29 20:00:00,15.639,16.306,15.35,16.168
2021-05-30 00:00:00,16.194,16.261,15.101,16.15
2021-05-30 04:00:00,16.174,17.15,16.059,17.096
2021-05-30 08:00:00,17.124,17.468,16.866,17.376
2021-05-30 12:00:00,17.398,17.451,16.454,16.73
2021-05-30 16:00:00,16.767,17.25,16.598,17.022
2021-05-30 20:00:00,17.0,17.15,16.384,16.518
2021-05-31 00:00:00,16.504,16.866,15.671,16.04
2021-05-31 04:00:00,16.024,17.244,15.789,17.081
2021-05-31 08:00:00,17.068,17.831,16.908,17.653
2021-05-31 12:00:00,17.649,17.896,17.021,17.821
2021-05-31 16:00:00,17.828,18.198,17.36,17.556
2021-05-31 20:00:00,17.562,18.175,17.471,18.14
2021-06-01 00:00:00,18.153,18.583,17.73,17.836
2021-06-01 04:00:00,17.804,18.531,17.68,17.903
2021-06-01 08:00:00,17.906,18.015,17.066,17.888
2021-06-01 12:00:00,17.872,18.208,17.187,17.544
2021-06-01 16:00:00,17.555,17.841,17.321,17.406
2021-06-01 20:00:00,17.402,17.925,17.334,17.748
2021-06-02 00:00:00,17.748,17.949,17.145,17.827
2021-06-02 04:00:00,17.827,18.05,17.561,17.914
2021-06-02 08:00:00,17.926,18.332,17.812,18.17
2021-06-02 12:00:00,18.18,19.419,18.169,19.24
2021-06-02 16:00:00,19.24,19.321,18.678,19.041
2021-06-02 20:00:00,19.046,19.082,18.373,18.687
2021-06-03 00:00:00,18.686,19.32,18.219,19.224
2021-06-03 04:00:00,19.233,20.184,19.188,19.959
2021-06-03 08:00:00,19.949,20.7,19.908,20.023
2021-06-03 12:00:00,20.049,20.3,19.328,19.472
2021-06-03 16:00:00,19.474,20.278,19.39,19.621
2021-06-03 20:00:00,19.627,20.563,19.607,20.268
2021-06-04 00:00:00,20.247,20.55,18.386,19.107
2021-06-04 04:00:00,19.106,19.22,17.41,17.956
2021-06-04 08:00:00,17.962,18.245,17.66,17.914
2021-06-04 12:00:00,17.904,18.393,17.45,18.279
2021-06-04 16:00:00,18.264,18.998,18.17,18.4
2021-06-04 20:00:00,18.4,18.745,17.952,18.243
2021-06-05 00:00:00,18.236,19.07,18.095,18.638
2021-06-05 04:00:00,18.641,19.142,18.633,18.733
2021-06-05 08:00:00,18.736,19.112,17.615,17.789
2021-06-05 12:00:00,17.788,18.105,17.467,18.1
2021-06-05 16:00:00,18.108,18.108,17.452,17.47
2021-06-05 20:00:00,17.469,17.86,16.86,17.23
2021-06-06 00:00:00,17.233,17.75,17.161,17.655
2021-06-06 04:00:00,17.655,17.946,17.407,17.77
2021-06-06 08:00:00,17.777,18.0,17.573,17.658
2021-06-06 12:00:00,17.67,17.979,17.298,17.686
2021-06-06 16:00:00,17.678,17.944,17.438,17.488
2021-06-06 20:00:00,17.475,17.827,17.09,17.383
2021-06-07 00:00:00,17.38,18.053,17.087,17.45
2021-06-07 04:00:00,17.45,17.579,17.2,17.429
2021-06-07 08:00:00,17.433,17.528,16.84,17.319
2021-06-07 12:00:00,17.327,17.636,17.1,17.266
2021-06-07 16:00:00,17.259,17.355,16.514,16.8
2021-06-07 20:00:00,16.794,16.864,15.304,15.536
2021-06-08 00:00:00,15.533,16.048,14.325,14.8
2021-06-08 04:00:00,14.792,15.352,14.59,14.998
2021-06-08 08:00:00,14.997,15.351,14.791,15.141
2021-06-08 12:00:00,15.141,15.364,13.639,14.256
2021-06-08 16:00:00,14.246,14.871,14.17,14.851
2021-06-08 20:00:00,14.856,15.16,14.619,14.792
2021-06-09 00:00:00,14.803,14.88,13.806,13.903
2021-06-09 04:00:00,13.903,15.21,13.65,14.801
2021-06-09 08:00:00,14.807,14.988,14.387,14.96
2021-06-09 12:00:00,14.971,15.62,14.509,15.533
2021-06-09 16:00:00,15.545,15.765,14.85,15.075
2021-06-09 20:00:00,15.099,15.4,14.846,15.4
2021-06-10 00:00:00,15.403,15.578,14.608,14.627
2021-06-10 04:00:00,14.626,14.8,14.288,14.703
2021-06-10 08:00:00,14.7,14.942,14.208,14.618
2021-06-10 12:00:00,14.623,14.727,14.081,14.239
2021-06-10 16:00:00,14.23,14.433,13.876,13.98
2021-06-10 20:00:00,13.987,14.336,13.73,14.193
2021-06-11 00:00:00,14.193,14.452,13.656,13.911
2021-06-11 04:00:00,13.907,14.154,13.521,13.862
2021-06-11 08:00:00,13.86,14.604,13.833,14.415
2021-06-11 12:00:00,14.414,14.616,13.867,13.961
2021-06-11 16:00:00,13.979,14.069,13.64,13.843
2021-06-11 20:00:00,13.842,14.013,13.14,13.408
2021-06-12 00:00:00,13.423,13.428,12.638,13.101
2021-06-12 04:00:00,13.08,13.428,12.8,13.319
2021-06-12 08:00:00,13.303,14.0,12.8,13.295
2021-06-12 12:00:00,13.302,13.642,13.125,13.198
2021-06-12 16:00:00,13.181,13.7,13.133,13.435
2021-06-12 20:00:00,13.437,13.924,13.434,13.545
2021-06-13 00:00:00,13.551,13.912,13.258,13.27
2021-06-13 04:00:00,13.262,13.577,13.241,13.505
2021-06-13 08:00:00,13.491,14.049,13.317,14.017
2021-06-13 12:00:00,14.017,14.261,13.701,14.06
2021-06-13 16:00:00,14.06,14.64,14.01,14.4
2021-06-13 20:00:00,14.409,14.999,14.409,14.761
2021-06-14 00:00:00,14.762,15.0,14.431,14.564
2021-06-14 04:00:00,14.569,15.199,14.446,14.796
2021-06-14 08:00:00,14.791,14.801,14.371,14.595
2021-06-14 12:00:00,14.595,15.301,14.455,15.288
2021-06-14 16:00:00,15.288,15.419,14.701,14.85
2021-06-14 20:00:00,14.85,15.14,14.739,15.113
2021-06-15 00:00:00,15.111,15.229,14.932,15.068
2021-06-15 04:00:00,15.063,15.632,15.005,15.324
2021-06-15 08:00:00,15.33,15.415,14.824,15.038
2021-06-15 12:00:00,15.037,15.285,14.641,14.782
2021-06-15 16:00:00,14.782,15.323,14.761,14.8
2021-06-15 20:00:00,14.8,14.966,14.581,14.714
2021-06-16 00:00:00,14.715,14.752,14.285,14.524
2021-06-16 04:00:00,14.535,14.951,14.486,14.672
2021-06-16 08:00:00,14.675,14.881,14.106,14.16
2021-06-16 12:00:00,14.157,14.448,14.078,14.26
2021-06-16 16:00:00,14.259,14.532,14.142,14.395
2021-06-16 20:00:00,14.39,14.469,13.913,14.078
2021-06-17 00:00:00,14.081,14.989,14.02,14.844
2021-06-17 04:00:00,14.84,15.48,14.619,15.261
2021-06-17 08:00:00,15.266,15.498,15.052,15.196
2021-06-17 12:00:00,15.192,15.229,14.835,15.124
2021-06-17 16:00:00,15.133,15.175,14.319,14.379
2021-06-17 20:00:00,14.378,14.869,14.248,14.844
2021-06-18 00:00:00,14.858,15.3,14.557,15.041
2021-06-18 04:00:00,15.05,15.091,14.645,14.827
2021-06-18 08:00:00,14.843,14.851,14.27,14.464
2021-06-18 12:00:00,14.471,14.473,13.701,13.724
2021-06-18 16:00:00,13.725,13.967,13.1,13.252
2021-06-18 20:00:00,13.248,13.706,13.214,13.64
2021-06-19 00:00:00,13.635,13.794,13.209,13.265
2021-06-19 04:00:00,13.265,13.743,13.255,13.711
2021-06-19 08:00:00,13.715,13.946,13.643,13.796
2021-06-19 12:00:00,13.803,14.04,13.716,13.881
2021-06-19 16:00:00,13.872,13.92,13.534,13.804
2021-06-19 20:00:00,13.805,13.85,13.371,13.383
2021-06-20 00:00:00,13.374,13.722,13.221,13.649
2021-06-20 04:00:00,13.632,13.87,13.597,13.633
2021-06-20 08:00:00,13.64,13.661,12.843,12.94
2021-06-20 12:00:00,12.937,13.405,12.783,13.302
2021-06-20 16:00:00,13.3,13.743,13.175,13.719
2021-06-20 20:00:00,13.736,14.188,13.68,13.917
2021-06-21 00:00:00,13.914,14.069,13.403,13.403
2021-06-21 04:00:00,13.404,13.42,12.404,12.731
2021-06-21 08:00:00,12.726,12.872,11.774,12.156
2021-06-21 12:00:00,12.156,12.496,11.848,12.348
2021-06-21 16:00:00,12.336,12.469,11.75,11.95
2021-06-21 20:00:00,11.95,12.009,11.077,11.2
2021-06-22 00:00:00,11.19,11.764,10.809,11.655
2021-06-22 04:00:00,11.655,11.685,10.999,11.217
2021-06-22 08:00:00,11.223,11.228,10.25,10.252
2021-06-22 12:00:00,10.267,10.591,9.325,10.547
2021-06-22 16:00:00,10.544,11.149,10.471,10.731
2021-06-22 20:00:00,10.715,11.05,10.42,10.578
2021-06-23 00:00:00,10.585,11.609,10.15,11.452
2021-06-23 04:00:00,11.452,11.552,11.217,11.412
2021-06-23 08:00:00,11.419,11.899,11.247,11.416
2021-06-23 12:00:00,11.411,11.759,11.055,11.134
2021-06-23 16:00:00,11.134,11.367,10.821,10.836
2021-06-23 20:00:00,10.843,11.5,10.818,11.456
2021-06-24 00:00:00,11.467,11.555,10.822,11.077
2021-06-24 04:00:00,11.073,11.378,10.964,10.986
2021-06-24 08:00:00,10.987,11.467,10.974,11.397
2021-06-24 12:00:00,11.385,11.62,11.34,11.38
2021-06-24 16:00:00,11.381,11.757,11.27,11.591
2021-06-24 20:00:00,11.609,11.643,11.375,11.493
2021-06-25 00:00:00,11.499,11.756,11.255,11.515
2021-06-25 04:00:00,11.512,11.518,11.011,11.119
2021-06-25 08:00:00,11.12,11.285,10.681,10.748
2021-06-25 12:00:00,10.742,10.921,10.407,10.5
2021-06-25 16:00:00,10.503,10.631,10.225,10.491
2021-06-25 20:00:00,10.49,10.633,10.2,10.235
2021-06-26 00:00:00,10.238,10.575,10.126,10.407
2021-06-26 04:00:00,10.427,10.6,9.921,9.957
2021-06-26 08:00:00,9.956,10.341,9.784,10.308
2021-06-26 12:00:00,10.297,10.349,9.812,10.105
2021-06-26 16:00:00,10.105,10.278,9.85,10.099
2021-06-26 20:00:00,10.101,10.318,9.93,10.318
2021-06-27 00:00:00,10.317,10.581,10.223,10.516
2021-06-27 04:00:00,10.529,10.619,10.341,10.535
2021-06-27 08:00:00,10.524,10.633,10.215,10.376
2021-06-27 12:00:00,10.372,10.527,10.241,10.391
2021-06-27 16:00:00,10.391,10.418,10.118,10.18
2021-06-27 20:00:00,10.18,10.98,10.087,10.941
2021-06-28 00:00:00,10.953,11.254,10.852,10.958
2021-06-28 04:00:00,10.971,11.23,10.85,11.23
2021-06-28 08:00:00,11.231,11.247,10.694,10.796
2021-06-28 12:00:00,10.784,11.386,10.722,11.368
2021-06-28 16:00:00,11.368,11.448,11.108,11.397
2021-06-28 20:00:00,11.394,11.469,11.121,11.322
2021-06-29 00:00:00,11.333,11.46,11.077,11.217
2021-06-29 04:00:00,11.22,11.57,11.22,11.361
2021-06-29 08:00:00,11.36,12.0,11.3,11.895
2021-06-29 12:00:00,11.897,12.348,11.801,12.045
2021-06-29 16:00:00,12.049,12.29,11.9,12.106
2021-06-29 20:00:00,12.098,12.12,11.675,11.92
2021-06-30 00:00:00,11.921,12.107,11.561,11.58
2021-06-30 04:00:00,11.569,11.914,11.339,11.88
2021-06-30 08:00:00,11.888,11.888,11.44,11.65
2021-06-30 12:00:00,11.654,11.705,11.07,11.15
2021-06-30 16:00:00,11.142,11.692,11.035,11.686
2021-06-30 20:00:00,11.685,12.166,11.559,11.949
2021-07-01 00:00:00,11.94,12.08,11.405,11.413
2021-07-01 04:00:00,11.417,11.712,11.203,11.209
2021-07-01 08:00:00,11.209,11.36,11.07,11.341
2021-07-01 12:00:00,11.348,11.391,11.083,11.241
2021-07-01 16:00:00,11.23,11.331,11.0,11.116
2021-07-01 20:00:00,11.117,11.346,11.114,11.181
2021-07-02 00:00:00,11.19,11.355,10.8,10.809
2021-07-02 04:00:00,10.808,10.91,10.636,10.827
2021-07-02 08:00:00,10.834,10.937,10.572,10.64
2021-07-02 12:00:00,10.63,10.958,10.592,10.943
2021-07-02 16:00:00,10.944,11.126,10.812,11.01
2021-07-02 20:00:00,11.001,11.144,10.748,11.112
2021-07-03 00:00:00,11.117,11.144,10.878,11.057
2021-07-03 04:00:00,11.055,11.4,10.937,11.338
2021-07-03 08:00:00,11.348,11.54,11.336,11.437
2021-07-03 12:00:00,11.44,11.61,11.41,11.489
2021-07-03 16:00:00,11.489,11.676,11.46,11.592
2021-07-03 20:00:00,11.58,11.6,11.251,11.509
2021-07-04 00:00:00,11.499,11.512,11.21,11.342
2021-07-04 04:00:00,11.34,11.918,11.336,11.885
2021-07-04 08:00:00,11.885,12.05,11.785,12.019
2021-07-04 12:00:00,12.019,12.54,11.803,12.426
2021-07-04 16:00:00,12.435,12.547,12.254,12.418
2021-07-04 20:00:00,12.418,12.9,12.268,12.345
2021-07-05 00:00:00,12.342,12.42,11.977,12.14
2021-07-05 04:00:00,12.135,12.417,11.981,12.135
2021-07-05 08:00:00,12.156,12.44,11.519,11.645
2021-07-05 12:00:00,11.64,11.98,11.542,11.821
2021-07-05 16:00:00,11.824,12.245,11.58,12.052
2021-07-05 20:00:00,12.068,12.411,11.875,12.042
2021-07-06 00:00:00,12.041,12.894,12.026,12.729
2021-07-06 04:00:00,12.738,13.883,12.738,13.789
2021-07-06 08:00:00,13.796,14.226,13.248,13.639
2021-07-06 12:00:00,13.638,13.978,13.401,13.558
2021-07-06 16:00:00,13.557,13.675,13.244,13.579
2021-07-06 20:00:00,13.58,13.643,13.011,13.384
2021-07-07 00:00:00,13.369,13.678,13.12,13.553
2021-07-07 04:00:00,13.558,13.917,13.422,13.53
2021-07-07 08:00:00,13.533,13.683,13.33,13.571
2021-07-07 12:00:00,13.576,13.927,13.464,13.804
2021-07-07 16:00:00,13.809,14.2,13.615,13.938
2021-07-07 20:00:00,13.937,13.937,13.04,13.105
2021-07-08 00:00:00,13.091,13.118,12.383,12.512
2021-07-08 04:00:00,12.5,12.574,11.932,12.058
2021-07-08 08:00:00,12.055,12.261,11.838,12.228
2021-07-08 12:00:00,12.216,12.315,11.988,12.275
2021-07-08 16:00:00,12.262,12.494,12.228,12.358
2021-07-08 20:00:00,12.36,12.416,11.883,12.098
2021-07-09 00:00:00,12.093,12.19,11.639,12.107
2021-07-09 04:00:00,12.109,12.458,12.086,12.237
2021-07-09 08:00:00,12.234,12.423,11.884,11.928
2021-07-09 12:00:00,11.928,12.679,11.84,12.645
2021-07-09 16:00:00,12.645,12.699,12.19,12.24
2021-07-09 20:00:00,12.237,12.88,12.233,12.552
2021-07-10 00:00:00,12.559,12.851,12.229,12.294
2021-07-10 04:00:00,12.281,12.45,12.116,12.349
2021-07-10 08:00:00,12.354,12.529,12.228,12.37
2021-07-10 12:00:00,12.354,12.391,12.119,12.248
2021-07-10 16:00:00,12.235,12.422,11.883,12.029
2021-07-10 20:00:00,12.027,12.122,11.838,12.015
2021-07-11 00:00:00,12.023,12.15,11.954,11.963
2021-07-11 04:00:00,11.978,12.195,11.912,12.177
2021-07-11 08:00:00,12.177,12.316,12.115,12.289
2021-07-11 12:00:00,12.296,12.335,12.137,12.308
2021-07-11 16:00:00,12.306,12.332,12.167,12.203
2021-07-11 20:00:00,12.197,12.49,12.172,12.433
2021-07-12 00:00:00,12.437,12.77,12.304,12.755
2021-07-12 04:00:00,12.767,12.841,12.417,12.635
2021-07-12 08:00:00,12.634,12.713,12.22,12.22
2021-07-12 12:00:00,12.22,12.468,12.182,12.307
2021-07-12 16:00:00,12.301,12.376,11.758,11.819
2021-07-12 20:00:00,11.802,12.246,11.7,12.157
2021-07-13 00:00:00,12.162,12.377,12.015,12.29
2021-07-13 04:00:00,12.304,12.337,11.909,12.161
2021-07-13 08:00:00,12.161,12.434,12.124,12.289
2021-07-13 12:00:00,12.289,12.301,11.871,12.275
2021-07-13 16:00:00,12.287,12.358,11.763,11.79
2021-07-13 20:00:00,11.799,11.99,11.744,11.91
2021-07-14 00:00:00,11.916,11.981,11.111,11.288
2021-07-14 04:00:00,11.272,11.506,11.12,11.327
2021-07-14 08:00:00,11.33,11.869,11.118,11.699
2021-07-14 12:00:00,11.7,12.11,11.606,11.899
2021-07-14 16:00:00,11.914,12.099,11.743,11.768
2021-07-14 20:00:00,11.763,11.978,11.723,11.793
2021-07-15 00:00:00,11.791,12.102,11.641,11.75
2021-07-15 04:00:00,11.75,11.848,11.642,11.731
2021-07-15 08:00:00,11.735,11.834,11.349,11.395
2021-07-15 12:00:00,11.387,11.505,11.211,11.24
2021-07-15 16:00:00,11.236,11.405,11.128,11.361
2021-07-15 20:00:00,11.358,11.46,11.231,11.391
2021-07-16 00:00:00,11.391,11.641,11.204,11.589
2021-07-16 04:00:00,11.611,11.82,11.296,11.353
2021-07-16 08:00:00,11.381,11.381,10.945,10.994
2021-07-16 12:00:00,10.977,11.569,10.972,11.524
2021-07-16 16:00:00,11.538,11.57,11.254,11.309
2021-07-16 20:00:00,11.31,11.362,10.8,10.814
2021-07-17 00:00:00,10.816,11.144,10.75,10.89
2021-07-17 04:00:00,10.877,11.018,10.816,10.963
2021-07-17 08:00:00,10.957,11.09,10.716,10.803
2021-07-17 12:00:00,10.799,10.928,10.75,10.86
2021-07-17 16:00:00,10.857,11.0,10.796,10.993
2021-07-17 20:00:00,10.993,11.07,10.882,10.958
2021-07-18 00:00:00,10.956,11.275,10.935,11.243
2021-07-18 04:00:00,11.235,11.245,11.066,11.117
2021-07-18 08:00:00,11.122,11.181,10.802,10.996
2021-07-18 12:00:00,10.995,11.01,10.65,10.789
2021-07-18 16:00:00,10.769,10.863,10.712,10.795
2021-07-18 20:00:00,10.795,10.908,10.682,10.69
2021-07-19 00:00:00,10.69,10.757,10.436,10.519
2021-07-19 04:00:00,10.522,10.694,10.508,10.604
2021-07-19 08:00:00,10.598,10.648,10.368,10.417
2021-07-19 12:00:00,10.417,10.475,10.01,10.155
2021-07-19 16:00:00,10.16,10.28,10.093,10.206
2021-07-19 20:00:00,10.221,10.325,10.107,10.183
2021-07-20 00:00:00,10.186,10.366,9.49,9.541
2021-07-20 04:00:00,9.532,9.709,9.532,9.69
2021-07-20 08:00:00,9.687,9.711,9.327,9.468
2021-07-20 12:00:00,9.473,9.685,9.333,9.67
2021-07-20 16:00:00,9.673,9.73,9.576,9.626
2021-07-20 20:00:00,9.63,9.758,9.521,9.639
2021-07-21 00:00:00,9.647,9.806,9.473,9.712
2021-07-21 04:00:00,9.711,10.276,9.705,10.163
2021-07-21 08:00:00,10.168,10.485,10.042,10.45
2021-07-21 12:00:00,10.462,10.637,10.257,10.582
2021-07-21 16:00:00,10.586,10.752,10.319,10.438
2021-07-21 20:00:00,10.44,10.488,10.288,10.425
2021-07-22 00:00:00,10.44,10.588,10.238,10.318
2021-07-22 04:00:00,10.313,10.74,10.31,10.637
2021-07-22 08:00:00,10.637,10.731,10.444,10.598
2021-07-22 12:00:00,10.594,10.713,10.426,10.713
2021-07-22 16:00:00,10.714,10.96,10.7,10.865
2021-07-22 20:00:00,10.867,10.922,10.582,10.833
2021-07-23 00:00:00,10.84,11.174,10.754,10.963
2021-07-23 04:00:00,10.964,11.098,10.812,10.912
2021-07-23 08:00:00,10.909,10.909,10.696,10.73
2021-07-23 12:00:00,10.721,10.9,10.674,10.775
2021-07-23 16:00:00,10.772,10.784,10.53,10.596
2021-07-23 20:00:00,10.596,11.097,10.569,11.086
2021-07-24 00:00:00,11.092,11.271,11.026,11.252
2021-07-24 04:00:00,11.263,11.343,11.127,11.181
2021-07-24 08:00:00,11.189,11.379,11.116,11.191
2021-07-24 12:00:00,11.19,11.36,11.122,11.172
2021-07-24 16:00:00,11.173,11.447,11.07,11.104
2021-07-24 20:00:00,11.104,11.181,10.954,11.142
2021-07-25 00:00:00,11.142,11.248,10.88,11.063
2021-07-25 04:00:00,11.067,11.339,11.04,11.31
2021-07-25 08:00:00,11.311,11.335,10.995,11.031
2021-07-25 12:00:00,11.031,11.034,10.765,10.948
2021-07-25 16:00:00,10.943,11.059,10.839,10.975
2021-07-25 20:00:00,10.971,11.249,10.91,11.247
2021-07-26 00:00:00,11.247,12.185,11.213,11.988
2021-07-26 04:00:00,11.988,12.7,11.975,12.283
2021-07-26 08:00:00,12.3,12.397,12.132,12.249
2021-07-26 12:00:00,12.25,12.389,11.948,12.149
2021-07-26 16:00:00,12.146,12.607,12.128,12.26
2021-07-26 20:00:00,12.26,12.28,11.342,11.46
2021-07-27 00:00:00,11.455,11.638,11.175,11.295
2021-07-27 04:00:00,11.293,11.504,11.233,11.5
2021-07-27 08:00:00,11.496,11.834,11.415,11.817
2021-07-27 12:00:00,11.836,12.352,11.75,11.835
2021-07-27 16:00:00,11.844,11.906,11.443,11.705
2021-07-27 20:00:00,11.699,12.045,11.679,11.917
2021-07-28 00:00:00,11.921,12.163,11.691,11.899
2021-07-28 04:00:00,11.89,12.183,11.758,12.18
2021-07-28 08:00:00,12.18,12.45,12.099,12.388
2021-07-28 12:00:00,12.388,12.485,12.033,12.148
2021-07-28 16:00:00,12.147,12.337,11.867,12.125
2021-07-28 20:00:00,12.127,12.349,11.958,12.32
2021-07-29 00:00:00,12.331,12.331,11.98,12.199
2021-07-29 04:00:00,12.199,12.635,12.135,12.544
2021-07-29 08:00:00,12.531,12.65,12.221,12.335
2021-07-29 12:00:00,12.335,12.34,11.995,12.299
2021-07-29 16:00:00,12.298,12.454,12.18,12.33
2021-07-29 20:00:00,12.328,12.525,12.028,12.433
2021-07-30 00:00:00,12.433,12.8,12.302,12.688
2021-07-30 04:00:00,12.689,12.779,12.375,12.45
2021-07-30 08:00:00,12.452,12.602,11.93,12.113
2021-07-30 12:00:00,12.102,12.24,11.977,12.238
2021-07-30 16:00:00,12.235,12.42,12.183,12.4
2021-07-30 20:00:00,12.394,13.0,12.394,12.978
2021-07-31 00:00:00,12.978,13.149,12.736,12.893
2021-07-31 04:00:00,12.893,12.952,12.627,12.769
2021-07-31 08:00:00,12.767,12.993,12.701,12.842
2021-07-31 12:00:00,12.84,12.949,12.585,12.829
2021-07-31 16:00:00,12.826,12.978,12.752,12.887
2021-07-31 20:00:00,12.883,13.63,12.859,13.525
2021-08-01 00:00:00,13.535,14.0,13.35,13.8
2021-08-01 04:00:00,13.8,14.077,13.63,13.709
2021-08-01 08:00:00,13.72,13.995,13.511,13.617
2021-08-01 12:00:00,13.623,13.749,13.501,13.576
2021-08-01 16:00:00,13.582,13.591,13.032,13.357
2021-08-01 20:00:00,13.357,13.556,12.617,12.853
2021-08-02 00:00:00,12.846,13.045,12.616,12.994
2021-08-02 04:00:00,12.99,13.374,12.934,13.263
2021-08-02 08:00:00,13.266,13.297,13.007,13.121
2021-08-02 12:00:00,13.122,13.22,12.837,13.161
2021-08-02 16:00:00,13.161,13.358,13.023,13.071
2021-08-02 20:00:00,13.073,13.131,12.847,12.993
2021-08-03 00:00:00,12.992,13.522,12.797,12.956
2021-08-03 04:00:00,12.933,12.987,12.426,12.72
2021-08-03 08:00:00,12.724,12.782,12.553,12.662
2021-08-03 12:00:00,12.668,12.846,12.412,12.674
2021-08-03 16:00:00,12.683,12.72,12.411,12.557
2021-08-03 20:00:00,12.554,12.696,12.325,12.557
2021-08-04 00:00:00,12.568,12.836,12.41,12.522
2021-08-04 04:00:00,12.531,12.735,12.444,12.519
2021-08-04 08:00:00,12.516,12.7,12.424,12.676
2021-08-04 12:00:00,12.673,13.219,12.665,13.118
2021-08-04 16:00:00,13.117,13.521,13.036,13.386
2021-08-04 20:00:00,13.392,13.78,13.364,13.696
2021-08-05 00:00:00,13.696,13.858,13.412,13.684
2021-08-05 04:00:00,13.678,13.7,13.255,13.352
2021-08-05 08:00:00,13.346,13.457,12.975,13.187
2021-08-05 12:00:00,13.18,13.737,12.849,13.481
2021-08-05 16:00:00,13.468,13.818,13.416,13.652
2021-08-05 20:00:00,13.655,14.0,13.655,13.834
2021-08-06 00:00:00,13.834,13.912,13.5,13.551
2021-08-06 04:00:00,13.54,13.89,13.499,13.518
2021-08-06 08:00:00,13.519,13.592,13.388,13.467
2021-08-06 12:00:00,13.452,14.449,13.407,14.427
2021-08-06 16:00:00,14.434,15.08,14.417,14.813
2021-08-06 20:00:00,14.82,14.98,14.579,14.77
2021-08-07 00:00:00,14.774,15.448,14.612,15.293
2021-08-07 04:00:00,15.296,15.519,15.129,15.21
2021-08-07 08:00:00,15.214,15.844,15.161,15.832
2021-08-07 12:00:00,15.832,15.941,15.011,15.113
2021-08-07 16:00:00,15.117,15.143,14.614,15.025
2021-08-07 20:00:00,15.01,15.952,14.962,15.834
2021-08-08 00:00:00,15.85,16.1,15.509,15.761
2021-08-08 04:00:00,15.775,15.949,15.481,15.663
2021-08-08 08:00:00,15.683,15.802,15.21,15.315
2021-08-08 12:00:00,15.32,15.631,14.919,15.048
2021-08-08 16:00:00,15.05,15.174,14.572,14.733
2021-08-08 20:00:00,14.709,15.108,14.557,14.826
2021-08-09 00:00:00,14.83,15.004,14.424,14.563
2021-08-09 04:00:00,14.563,14.95,14.524,14.941
2021-08-09 08:00:00,14.93,15.864,14.73,15.818
2021-08-09 12:00:00,15.828,16.634,15.577,16.609
2021-08-09 16:00:00,16.589,16.759,16.115,16.245
2021-08-09 20:00:00,16.243,16.404,15.622,16.169
2021-08-10 00:00:00,16.167,16.55,15.801,16.292
2021-08-10 04:00:00,16.274,16.653,16.2,16.507
2021-08-10 08:00:00,16.502,17.184,16.21,16.308
2021-08-10 12:00:00,16.311,16.876,16.028,16.193
2021-08-10 16:00:00,16.187,16.498,15.9,16.46
2021-08-10 20:00:00,16.469,16.75,16.336,16.42
2021-08-11 00:00:00,16.43,16.899,16.378,16.788
2021-08-11 04:00:00,16.787,17.472,16.762,17.284
2021-08-11 08:00:00,17.29,17.465,17.058,17.141
2021-08-11 12:00:00,17.147,17.496,16.979,17.162
2021-08-11 16:00:00,17.164,17.316,17.001,17.276
2021-08-11 20:00:00,17.272,17.547,16.446,16.688
2021-08-12 00:00:00,16.674,17.538,16.6,17.345
2021-08-12 04:00:00,17.323,17.489,16.178,16.58
2021-08-12 08:00:00,16.59,16.769,16.256,16.286
2021-08-12 12:00:00,16.286,16.347,15.555,15.717
2021-08-12 16:00:00,15.72,16.25,15.429,16.218
2021-08-12 20:00:00,16.235,16.593,16.177,16.575
2021-08-13 00:00:00,16.574,17.108,16.389,16.887
2021-08-13 04:00:00,16.893,18.0,16.893,17.95
2021-08-13 08:00:00,17.953,18.078,17.52,17.538
2021-08-13 12:00:00,17.546,17.928,17.515,17.611
2021-08-13 16:00:00,17.612,17.805,17.521,17.69
2021-08-13 20:00:00,17.685,18.291,17.631,18.031
2021-08-14 00:00:00,18.044,18.127,17.754,17.878
2021-08-14 04:00:00,17.875,18.356,17.776,18.271
2021-08-14 08:00:00,18.268,18.433,17.169,17.606
2021-08-14 12:00:00,17.603,18.277,17.332,18.088
2021-08-14 16:00:00,18.102,18.358,17.734,18.148
2021-08-14 20:00:00,18.144,18.151,17.642,18.093
2021-08-15 00:00:00,18.09,18.366,17.909,17.924
2021-08-15 04:00:00,17.936,17.936,17.058,17.226
2021-08-15 08:00:00,17.226,17.685,17.119,17.54
2021-08-15 12:00:00,17.512,17.665,17.238,17.544
2021-08-15 16:00:00,17.534,17.884,17.339,17.854
2021-08-15 20:00:00,17.854,18.855,17.783,18.762
2021-08-16 00:00:00,18.762,19.172,18.441,18.635
2021-08-16 04:00:00,18.615,19.687,18.615,19.41
2021-08-16 08:00:00,19.41,20.5,19.12,20.119
2021-08-16 12:00:00,20.118,20.211,18.869,20.022
2021-08-16 16:00:00,20.022,21.13,19.811,20.039
2021-08-16 20:00:00,20.038,20.709,18.984,19.071
2021-08-17 00:00:00,19.071,20.309,18.418,19.996
2021-08-17 04:00:00,20.016,20.081,19.03,19.79
2021-08-17 08:00:00,19.795,25.46,19.7,24.169
2021-08-17 12:00:00,24.186,24.885,23.035,23.286
2021-08-17 16:00:00,23.286,24.084,22.554,23.284
2021-08-17 20:00:00,23.295,24.022,21.568,23.446
2021-08-18 00:00:00,23.452,25.5,21.813,23.277
2021-08-18 04:00:00,23.32,24.856,22.426,23.158
2021-08-18 08:00:00,23.137,23.537,21.454,21.67
2021-08-18 12:00:00,21.669,27.5,21.647,27.061
2021-08-18 16:00:00,27.062,28.443,26.057,26.628
2021-08-18 20:00:00,26.626,30.885,26.399,29.993
2021-08-19 00:00:00,29.992,32.3,29.219,30.28
2021-08-19 04:00:00,30.26,33.5,30.04,33.138
2021-08-19 08:00:00,33.147,33.755,30.5,30.507
2021-08-19 12:00:00,30.507,31.5,28.718,29.397
2021-08-19 16:00:00,29.439,31.789,28.714,30.292
2021-08-19 20:00:00,30.273,31.087,29.218,30.653
2021-08-20 00:00:00,30.653,32.989,29.943,31.517
2021-08-20 04:00:00,31.548,36.087,30.999,34.923
2021-08-20 08:00:00,34.92,36.887,34.132,36.741
2021-08-20 12:00:00,36.734,37.379,35.238,35.841
2021-08-20 16:00:00,35.864,37.349,35.211,35.713
2021-08-20 20:00:00,35.696,39.229,35.555,39.155
2021-08-21 00:00:00,39.148,42.25,37.676,41.759
2021-08-21 04:00:00,41.76,44.0,41.513,43.188
2021-08-21 08:00:00,43.179,49.99,43.125,45.669
2021-08-21 12:00:00,45.697,50.27,45.465,48.956
2021-08-21 16:00:00,48.935,49.431,44.482,45.123
2021-08-21 20:00:00,45.128,47.613,43.012,43.676
2021-08-22 00:00:00,43.693,44.214,41.328,43.893
2021-08-22 04:00:00,43.857,44.91,42.048,42.422
2021-08-22 08:00:00,42.422,45.03,42.378,44.22
2021-08-22 12:00:00,44.245,44.349,40.537,42.003
2021-08-22 16:00:00,42.003,43.221,41.004,42.459
2021-08-22 20:00:00,42.459,44.761,41.055,43.663
2021-08-23 00:00:00,43.682,53.623,43.614,49.613
2021-08-23 04:00:00,49.613,50.281,48.11,49.37
2021-08-23 08:00:00,49.334,51.586,47.7,50.222
2021-08-23 12:00:00,50.234,50.419,45.561,46.585
2021-08-23 16:00:00,46.566,47.33,44.918,46.124
2021-08-23 20:00:00,46.14,47.0,45.242,46.451
2021-08-24 00:00:00,46.407,49.708,44.151,49.195
2021-08-24 04:00:00,49.166,51.543,47.477,50.474
2021-08-24 08:00:00,50.487,50.5,48.4,49.668
2021-08-24 12:00:00,49.687,53.5,47.624,48.365
2021-08-24 16:00:00,48.363,52.974,46.188,52.597
2021-08-24 20:00:00,52.578,58.977,51.85,55.474
2021-08-25 00:00:00,55.475,57.584,51.88,52.252
2021-08-25 04:00:00,52.234,54.584,50.744,51.423
2021-08-25 08:00:00,51.423,51.784,48.5,49.243
2021-08-25 12:00:00,49.258,52.0,48.756,50.911
2021-08-25 16:00:00,50.904,51.096,47.111,47.924
2021-08-25 20:00:00,47.916,49.059,45.65,46.208
2021-08-26 00:00:00,46.211,48.463,44.379,45.153
2021-08-26 04:00:00,45.147,45.585,42.324,43.43
2021-08-26 08:00:00,43.46,44.78,42.38,43.42
2021-08-26 12:00:00,43.4,47.88,42.24,44.95
2021-08-26 16:00:00,44.96,45.6,41.51,42.32
2021-08-26 20:00:00,42.32,43.66,41.2,41.32
2021-08-27 00:00:00,41.32,45.85,40.3,42.91
2021-08-27 04:00:00,42.91,46.9,41.31,46.81
2021-08-27 08:00:00,46.8,47.0,43.67,45.64
2021-08-27 12:00:00,45.61,47.87,44.2,46.85
2021-08-27 16:00:00,46.86,49.4,46.01,48.11
2021-08-27 20:00:00,48.06,50.47,47.1,50.14
2021-08-28 00:00:00,50.12,50.65,46.59,46.92
2021-08-28 04:00:00,46.92,47.68,46.12,46.46
2021-08-28 08:00:00,46.47,48.47,46.21,46.59
2021-08-28 12:00:00,46.61,49.43,46.27,48.43
2021-08-28 16:00:00,48.44,51.79,48.16,49.29
2021-08-28 20:00:00,49.29,50.53,48.73,50.2
2021-08-29 00:00:00,50.2,52.4,48.9,48.92
2021-08-29 04:00:00,48.91,49.61,48.0,48.69
2021-08-29 08:00:00,48.66,49.23,47.5,47.68
2021-08-29 12:00:00,47.68,48.38,46.66,47.12
2021-08-29 16:00:00,47.13,49.02,47.04,48.55
2021-08-29 20:00:00,48.55,49.26,47.23,47.39
2021-08-30 00:00:00,47.43,48.33,44.52,45.32
2021-08-30 04:00:00,45.28,46.5,44.71,45.86
2021-08-30 08:00:00,45.86,46.25,44.92,45.09
2021-08-30 12:00:00,45.09,45.11,42.6,43.73
2021-08-30 16:00:00,43.72,44.76,42.57,44.64
2021-08-30 20:00:00,44.64,44.67,41.0,41.44
2021-08-31 00:00:00,41.42,42.45,40.5,41.25
2021-08-31 04:00:00,41.24,43.58,41.21,43.43
2021-08-31 08:00:00,43.43,44.22,42.39,43.65
2021-08-31 12:00:00,43.63,43.93,41.57,42.86
2021-08-31 16:00:00,42.84,42.89,38.17,39.72
2021-08-31 20:00:00,39.72,40.19,38.3,39.5
2021-09-01 00:00:00,39.51,40.39,38.55,39.27
2021-09-01 04:00:00,39.26,45.71,39.02,44.33
2021-09-01 08:00:00,44.31,45.44,42.55,43.09
2021-09-01 12:00:00,43.07,44.8,42.66,44.25
2021-09-01 16:00:00,44.21,45.2,43.35,43.57
2021-09-01 20:00:00,43.58,43.69,41.34,42.47
2021-09-02 00:00:00,42.5,43.47,41.0,42.74
2021-09-02 04:00:00,42.73,43.94,42.57,42.79
2021-09-02 08:00:00,42.77,44.14,42.76,43.62
2021-09-02 12:00:00,43.64,43.85,41.59,42.01
2021-09-02 16:00:00,42.01,44.0,41.96,43.81
2021-09-02 20:00:00,43.8,47.98,43.12,47.58
2021-09-03 00:00:00,47.6,51.66,44.76,50.21
2021-09-03 04:00:00,50.21,50.78,48.49,49.56
2021-09-03 08:00:00,49.55,50.5,46.58,48.57
2021-09-03 12:00:00,48.57,48.97,46.75,47.09
2021-09-03 16:00:00,47.07,47.74,45.52,46.39
2021-09-03 20:00:00,46.42,46.44,44.45,45.89
2021-09-04 00:00:00,45.9,46.48,44.07,46.35
2021-09-04 04:00:00,46.37,47.93,45.01,47.5
2021-09-04 08:00:00,47.5,49.88,46.82,47.49
2021-09-04 12:00:00,47.48,48.26,46.15,47.3
2021-09-04 16:00:00,47.31,47.81,45.42,46.28
2021-09-04 20:00:00,46.27,49.0,46.24,47.15
2021-09-05 00:00:00,47.19,47.2,45.52,45.65
2021-09-05 04:00:00,45.65,47.52,45.44,47.05
2021-09-05 08:00:00,47.07,47.67,46.3,46.51
2021-09-05 12:00:00,46.52,46.85,45.86,46.15
2021-09-05 16:00:00,46.12,49.0,46.08,47.39
2021-09-05 20:00:00,47.39,49.4,47.3,48.15
2021-09-06 00:00:00,48.14,48.49,46.88,47.59
2021-09-06 04:00:00,47.59,48.85,47.45,48.65
2021-09-06 08:00:00,48.63,51.36,47.28,48.6
2021-09-06 12:00:00,48.6,48.66,42.45,46.63
2021-09-06 16:00:00,46.63,47.37,46.11,46.67
2021-09-06 20:00:00,46.68,47.5,46.4,47.1
2021-09-07 00:00:00,47.11,47.2,45.52,45.96
2021-09-07 04:00:00,45.97,46.61,44.06,45.11
2021-09-07 08:00:00,45.11,45.15,41.5,43.44
2021-09-07 12:00:00,43.41,43.71,32.23,37.88
2021-09-07 16:00:00,37.88,41.2,35.17,37.46
2021-09-07 20:00:00,37.47,38.3,35.61,37.93
2021-09-08 00:00:00,37.97,39.5,36.51,37.88
2021-09-08 04:00:00,37.86,38.52,34.0,34.51
2021-09-08 08:00:00,34.53,36.54,33.08,35.76
2021-09-08 12:00:00,35.76,36.84,34.12,35.83
2021-09-08 16:00:00,35.83,37.75,35.53,37.2
2021-09-08 20:00:00,37.2,37.85,35.95,37.0
2021-09-09 00:00:00,37.03,37.9,36.21,37.69
2021-09-09 04:00:00,37.68,44.6,37.45,43.08
2021-09-09 08:00:00,43.05,43.36,41.31,42.02
2021-09-09 12:00:00,42.01,44.49,39.01,43.57
2021-09-09 16:00:00,43.55,44.0,40.4,41.81
2021-09-09 20:00:00,41.8,41.85,40.42,40.77
2021-09-10 00:00:00,40.75,47.12,40.38,44.92
2021-09-10 04:00:00,44.92,45.3,41.83,42.25
2021-09-10 08:00:00,42.25,46.95,41.5,46.45
2021-09-10 12:00:00,46.44,49.44,43.0,47.98
2021-09-10 16:00:00,47.99,49.7,46.05,47.96
2021-09-10 20:00:00,47.96,49.6,44.05,49.3
2021-09-11 00:00:00,49.33,53.1,48.23,52.61
2021-09-11 04:00:00,52.62,53.23,48.53,50.78
2021-09-11 08:00:00,50.8,51.19,48.11,48.39
2021-09-11 12:00:00,48.42,51.9,48.39,50.48
2021-09-11 16:00:00,50.51,57.32,49.97,56.37
2021-09-11 20:00:00,56.36,59.25,54.28,57.02
2021-09-12 00:00:00,57.02,59.73,53.59,59.55
2021-09-12 04:00:00,59.55,64.9,57.93,62.81
2021-09-12 08:00:00,62.82,64.05,59.42,62.08
2021-09-12 12:00:00,62.09,62.5,59.63,60.35
2021-09-12 16:00:00,60.32,64.73,60.29,61.18
2021-09-12 20:00:00,61.15,61.63,55.82,59.22
2021-09-13 00:00:00,59.21,60.92,52.0,52.29
2021-09-13 04:00:00,52.29,55.23,49.88,51.1
2021-09-13 08:00:00,51.12,55.18,49.26,55.07
2021-09-13 12:00:00,55.07,58.0,47.66,52.12
2021-09-13 16:00:00,52.12,55.0,51.14,53.1
2021-09-13 20:00:00,53.12,55.5,52.61,53.15
2021-09-14 00:00:00,53.14,57.2,51.68,55.4
2021-09-14 04:00:00,55.4,57.63,54.28,54.64
2021-09-14 08:00:00,54.65,55.45,53.41,54.04
2021-09-14 12:00:00,54.04,54.59,50.32,52.57
2021-09-14 16:00:00,52.57,52.75,50.51,51.06
2021-09-14 20:00:00,51.06,51.81,48.8,51.5
2021-09-15 00:00:00,51.51,53.05,50.31,50.9
2021-09-15 04:00:00,50.88,53.16,50.3,52.85
2021-09-15 08:00:00,52.87,54.49,52.22,52.35
2021-09-15 12:00:00,52.35,53.59,51.45,53.21
2021-09-15 16:00:00,53.21,55.44,52.27,55.1
2021-09-15 20:00:00,55.08,58.18,54.82,57.84
2021-09-16 00:00:00,57.83,62.24,57.17,59.1
2021-09-16 04:00:00,59.09,61.1,58.26,60.39
2021-09-16 08:00:00,60.39,62.38,59.0,60.76
2021-09-16 12:00:00,60.76,66.0,58.69,65.4
2021-09-16 16:00:00,65.4,67.9,64.15,65.48
2021-09-16 20:00:00,65.49,68.33,61.89,67.56
2021-09-17 00:00:00,67.59,68.89,64.82,67.19
2021-09-17 04:00:00,67.18,67.21,62.39,62.69
2021-09-17 08:00:00,62.7,64.2,60.36,62.12
2021-09-17 12:00:00,62.12,67.74,61.36,63.99
2021-09-17 16:00:00,64.01,66.85,63.3,65.09
2021-09-17 20:00:00,65.09,70.9,64.4,70.11
2021-09-18 00:00:00,70.15,73.85,68.81,71.69
2021-09-18 04:00:00,71.67,75.59,71.18,73.94
2021-09-18 08:00:00,73.96,74.21,70.7,71.67
2021-09-18 12:00:00,71.7,73.37,69.23,71.23
2021-09-18 16:00:00,71.24,71.66,67.63,68.25
2021-09-18 20:00:00,68.25,69.84,67.16,69.02
2021-09-19 00:00:00,69.02,71.5,66.42,69.96
2021-09-19 04:00:00,69.95,72.91,68.28,72.62
2021-09-19 08:00:00,72.62,73.82,69.3,70.37
2021-09-19 12:00:00,70.33,75.29,69.71,75.03
2021-09-19 16:00:00,75.03,76.27,71.67,71.85
2021-09-19 20:00:00,71.85,73.16,68.28,70.07
2021-09-20 00:00:00,70.06,70.45,62.89,64.64
2021-09-20 04:00:00,64.62,67.3,60.83,63.17
2021-09-20 08:00:00,63.17,65.32,58.89,60.19
2021-09-20 12:00:00,60.19,63.24,55.0,61.46
2021-09-20 16:00:00,61.49,63.62,57.2,60.79
2021-09-20 20:00:00,60.76,61.88,56.27,57.33
2021-09-21 00:00:00,57.34,59.75,52.55,57.72
2021-09-21 04:00:00,57.72,61.45,55.33,61.39
2021-09-21 08:00:00,61.43,64.62,60.0,63.91
2021-09-21 12:00:00,63.88,66.1,62.13,65.63
2021-09-21 16:00:00,65.63,66.24,60.43,60.99
2021-09-21 20:00:00,61.01,63.36,55.2,58.98
2021-09-22 00:00:00,59.0,65.0,57.72,63.0
2021-09-22 04:00:00,63.0,64.9,61.53,64.4
2021-09-22 08:00:00,64.4,65.6,60.89,61.33
2021-09-22 12:00:00,61.34,67.98,60.84,67.79
2021-09-22 16:00:00,67.8,71.65,66.29,70.1
2021-09-22 20:00:00,70.1,74.69,69.13,74.07
2021-09-23 00:00:00,74.04,77.77,72.76,74.38
2021-09-23 04:00:00,74.39,79.1,73.01,78.79
2021-09-23 08:00:00,78.79,79.8,74.11,75.22
2021-09-23 12:00:00,75.22,77.59,73.49,73.62
2021-09-23 16:00:00,73.63,76.6,72.82,75.59
2021-09-23 20:00:00,75.58,77.79,73.44,76.44
2021-09-24 00:00:00,76.43,78.86,73.62,73.83
2021-09-24 04:00:00,73.81,74.74,71.42,73.93
2021-09-24 08:00:00,73.93,74.87,66.59,69.97
2021-09-24 12:00:00,69.96,74.65,68.63,73.13
2021-09-24 16:00:00,73.13,74.25,70.77,71.76
2021-09-24 20:00:00,71.75,74.94,71.56,72.31
2021-09-25 00:00:00,72.3,72.6,69.27,70.61
2021-09-25 04:00:00,70.65,71.98,69.5,69.81
2021-09-25 08:00:00,69.8,72.36,67.71,70.44
2021-09-25 12:00:00,70.46,72.2,69.27,70.22
2021-09-25 16:00:00,70.21,70.34,68.12,69.08
2021-09-25 20:00:00,69.07,69.14,67.5,68.28
2021-09-26 00:00:00,68.28,68.47,64.36,65.27
2021-09-26 04:00:00,65.26,66.33,61.59,62.91
2021-09-26 08:00:00,62.93,69.09,61.88,67.22
2021-09-26 12:00:00,67.24,70.48,67.21,70.01
2021-09-26 16:00:00,70.02,71.44,67.86,68.21
2021-09-26 20:00:00,68.22,69.2,65.31,66.77
2021-09-27 00:00:00,66.77,70.8,65.31,68.72
2021-09-27 04:00:00,68.7,70.32,68.04,68.26
2021-09-27 08:00:00,68.24,70.93,67.97,70.71
2021-09-27 12:00:00,70.72,72.69,69.0,69.78
2021-09-27 16:00:00,69.8,70.17,67.39,68.27
2021-09-27 20:00:00,68.24,68.79,66.25,66.33
2021-09-28 00:00:00,66.34,68.89,65.89,68.53
2021-09-28 04:00:00,68.57,69.44,66.23,66.49
2021-09-28 08:00:00,66.49,67.51,65.55,67.08
2021-09-28 12:00:00,67.09,67.54,63.75,63.85
2021-09-28 16:00:00,63.85,64.57,61.71,63.11
2021-09-28 20:00:00,63.18,64.47,61.11,61.51
2021-09-29 00:00:00,61.51,65.02,61.26,64.83
2021-09-29 04:00:00,64.83,66.11,64.42,65.77
2021-09-29 08:00:00,65.75,65.88,64.23,65.12
2021-09-29 12:00:00,65.11,69.0,61.99,67.31
2021-09-29 16:00:00,67.33,69.5,62.58,63.22
2021-09-29 20:00:00,63.2,65.65,62.38,65.46
2021-09-30 00:00:00,65.46,68.91,65.0,67.54
2021-09-30 04:00:00,67.56,68.0,65.93,66.04
2021-09-30 08:00:00,66.05,66.24,64.28,65.04
2021-09-30 12:00:00,65.03,66.79,64.62,65.56
2021-09-30 16:00:00,65.56,66.95,64.66,65.28
2021-09-30 20:00:00,65.29,66.88,64.82,66.63
2021-10-01 00:00:00,66.64,66.89,65.0,65.38
2021-10-01 04:00:00,65.38,65.56,63.12,64.83
2021-10-01 08:00:00,64.83,69.48,64.8,68.47
2021-10-01 12:00:00,68.47,69.58,65.81,67.16
2021-10-01 16:00:00,67.15,69.39,66.83,68.45
2021-10-01 20:00:00,68.46,68.5,66.28,67.67
2021-10-02 00:00:00,67.66,68.1,65.81,66.11
2021-10-02 04:00:00,66.11,67.41,65.8,66.95
2021-10-02 08:00:00,66.94,67.09,66.0,66.75
2021-10-02 12:00:00,66.76,70.81,66.6,70.03
2021-10-02 16:00:00,70.04,73.41,69.95,72.55
2021-10-02 20:00:00,72.57,72.61,67.17,69.08
2021-10-03 00:00:00,69.09,70.87,67.55,70.25
2021-10-03 04:00:00,70.25,71.36,69.67,70.14
2021-10-03 08:00:00,70.12,71.0,68.78,70.13
2021-10-03 12:00:00,70.13,71.61,69.21,69.99
2021-10-03 16:00:00,69.99,70.97,68.8,69.77
2021-10-03 20:00:00,69.78,69.87,67.65,68.69
2021-10-04 00:00:00,68.69,68.76,66.1,66.27
2021-10-04 04:00:00,66.27,67.49,65.07,67.43
2021-10-04 08:00:00,67.43,67.61,65.56,65.98
2021-10-04 12:00:00,65.98,68.0,63.3,65.86
2021-10-04 16:00:00,65.84,67.39,65.7,66.46
2021-10-04 20:00:00,66.47,66.61,64.18,65.29
2021-10-05 00:00:00,65.26,65.69,64.17,65.0
2021-10-05 04:00:00,65.01,66.45,64.66,65.93
2021-10-05 08:00:00,65.92,66.78,65.3,65.66
2021-10-05 12:00:00,65.67,65.82,63.0,63.61
2021-10-05 16:00:00,63.61,64.21,62.7,63.83
2021-10-05 20:00:00,63.84,66.21,63.81,64.6
2021-10-06 00:00:00,64.6,65.76,62.91,63.07
2021-10-06 04:00:00,63.1,63.12,61.16,61.75
2021-10-06 08:00:00,61.74,61.77,58.16,60.14
2021-10-06 12:00:00,60.15,62.74,59.62,62.13
2021-10-06 16:00:00,62.12,62.98,61.2,61.52
2021-10-06 20:00:00,61.52,61.71,59.74,60.01
2021-10-07 00:00:00,60.0,60.16,57.39,58.64
2021-10-07 04:00:00,58.63,61.44,58.32,61.28
2021-10-07 08:00:00,61.29,62.0,59.61,60.57
2021-10-07 12:00:00,60.58,61.0,58.51,59.52
2021-10-07 16:00:00,59.53,60.76,58.58,60.37
2021-10-07 20:00:00,60.38,62.29,59.89,61.52
2021-10-08 00:00:00,61.53,63.64,61.15,62.48
2021-10-08 04:00:00,62.45,63.97,62.04,63.39
2021-10-08 08:00:00,63.39,64.94,62.76,64.02
2021-10-08 12:00:00,64.05,64.24,62.13,62.75
2021-10-08 16:00:00,62.77,63.17,61.5,61.98
2021-10-08 20:00:00,61.97,62.0,59.76,60.51
2021-10-09 00:00:00,60.52,61.44,59.7,61.15
2021-10-09 04:00:00,61.14,61.47,60.79,61.32
2021-10-09 08:00:00,61.32,61.49,60.09,61.02
2021-10-09 12:00:00,61.05,62.04,61.02,61.29
2021-10-09 16:00:00,61.29,61.36,60.2,60.44
2021-10-09 20:00:00,60.41,61.21,59.97,60.63
2021-10-10 00:00:00,60.63,60.76,59.12,60.17
2021-10-10 04:00:00,60.16,61.01,60.0,60.32
2021-10-10 08:00:00,60.32,60.39,59.5,59.77
2021-10-10 12:00:00,59.78,60.24,59.24,59.66
2021-10-10 16:00:00,59.67,59.91,58.46,59.16
2021-10-10 20:00:00,59.15,59.27,55.39,56.51
2021-10-11 00:00:00,56.5,57.62,55.62,57.28
2021-10-11 04:00:00,57.3,59.1,57.12,58.43
2021-10-11 08:00:00,58.44,59.23,57.06,57.49
2021-10-11 12:00:00,57.51,57.86,56.21,56.55
2021-10-11 16:00:00,56.54,56.77,54.46,54.56
2021-10-11 20:00:00,54.55,55.38,53.76,55.3
2021-10-12 00:00:00,55.3,55.31,52.11,53.24
2021-10-12 04:00:00,53.24,54.33,52.54,53.05
2021-10-12 08:00:00,53.06,53.69,51.04,52.83
2021-10-12 12:00:00,52.85,54.82,51.43,54.47
2021-10-12 16:00:00,54.46,54.85,53.3,53.59
2021-10-12 20:00:00,53.57,54.9,52.88,54.34
2021-10-13 00:00:00,54.33,56.85,53.7,55.88
2021-10-13 04:00:00,55.89,57.09,54.33,55.47
2021-10-13 08:00:00,55.46,56.57,54.74,55.44
2021-10-13 12:00:00,55.44,55.75,54.16,54.26
2021-10-13 16:00:00,54.26,54.71,53.23,53.72
2021-10-13 20:00:00,53.75,55.28,53.53,55.01
2021-10-14 00:00:00,55.0,56.81,54.92,55.77
2021-10-14 04:00:00,55.78,56.58,55.72,56.49
2021-10-14 08:00:00,56.51,58.28,56.49,57.83
2021-10-14 12:00:00,57.83,58.46,56.2,56.95
2021-10-14 16:00:00,56.95,57.31,55.75,56.23
2021-10-14 20:00:00,56.24,56.35,55.61,56.18
2021-10-15 00:00:00,56.18,56.59,54.74,55.7
2021-10-15 04:00:00,55.71,57.61,55.0,56.81
2021-10-15 08:00:00,56.81,57.17,54.44,55.31
2021-10-15 12:00:00,55.29,55.49,54.63,55.15
2021-10-15 16:00:00,55.15,56.7,54.85,56.29
2021-10-15 20:00:00,56.3,56.76,55.54,56.36
2021-10-16 00:00:00,56.33,56.88,55.68,56.7
2021-10-16 04:00:00,56.67,57.45,56.4,56.73
2021-10-16 08:00:00,56.73,59.9,56.55,59.89
2021-10-16 12:00:00,59.89,62.11,58.64,59.85
2021-10-16 16:00:00,59.85,60.42,58.36,58.5
2021-10-16 20:00:00,58.49,58.78,57.26,57.61
2021-10-17 00:00:00,57.62,58.17,56.88,58.08
2021-10-17 04:00:00,58.07,58.55,57.45,57.79
2021-10-17 08:00:00,57.79,58.34,57.62,57.9
2021-10-17 12:00:00,57.91,57.95,56.11,56.33
2021-10-17 16:00:00,56.33,57.04,55.59,55.88
2021-10-17 20:00:00,55.87,56.28,53.27,56.1
2021-10-18 00:00:00,56.11,56.46,55.37,55.63
2021-10-18 04:00:00,55.62,56.14,55.36,55.43
2021-10-18 08:00:00,55.41,55.64,54.23,54.72
2021-10-18 12:00:00,54.73,55.37,54.05,54.9
2021-10-18 16:00:00,54.9,55.57,54.44,55.07
2021-10-18 20:00:00,55.06,55.79,55.0,55.48
2021-10-19 00:00:00,55.47,56.44,55.12,56.37
2021-10-19 04:00:00,56.37,56.44,55.38,55.67
2021-10-19 08:00:00,55.67,56.03,55.28,55.87
2021-10-19 12:00:00,55.83,58.1,55.71,56.63
2021-10-19 16:00:00,56.63,57.39,56.1,56.14
2021-10-19 20:00:00,56.13,57.04,55.84,56.8
2021-10-20 00:00:00,56.81,57.95,56.7,56.95
2021-10-20 04:00:00,56.95,57.7,56.8,57.13
2021-10-20 08:00:00,57.12,57.42,56.9,57.4
2021-10-20 12:00:00,57.41,58.96,57.36,58.94
2021-10-20 16:00:00,58.94,61.5,58.67,61.02
2021-10-20 20:00:00,61.01,61.64,58.9,59.66
2021-10-21 00:00:00,59.66,63.0,59.21,61.91
2021-10-21 04:00:00,61.93,62.6,60.61,62.58
2021-10-21 08:00:00,62.56,64.35,60.81,61.61
2021-10-21 12:00:00,61.58,62.44,58.78,60.05
2021-10-21 16:00:00,60.03,60.69,59.3,59.92
2021-10-21 20:00:00,59.92,61.5,59.58,61.48
2021-10-22 00:00:00,61.48,65.26,61.36,64.53
2021-10-22 04:00:00,64.54,66.3,63.52,65.05
2021-10-22 08:00:00,65.05,66.12,64.24,64.9
2021-10-22 12:00:00,64.89,68.83,64.61,67.46
2021-10-22 16:00:00,67.47,67.66,64.51,65.36
2021-10-22 20:00:00,65.35,65.64,63.97,65.54
2021-10-23 00:00:00,65.54,69.18,64.51,66.87
2021-10-23 04:00:00,66.86,66.94,65.45,66.6
2021-10-23 08:00:00,66.6,67.95,64.66,66.24
2021-10-23 12:00:00,66.24,66.9,65.32,66.0
2021-10-23 16:00:00,66.0,66.54,64.69,64.96
2021-10-23 20:00:00,64.97,65.9,64.91,65.38
2021-10-24 00:00:00,65.39,66.7,65.37,66.32
2021-10-24 04:00:00,66.33,67.61,65.28,65.44
2021-10-24 08:00:00,65.43,66.63,65.22,65.85
2021-10-24 12:00:00,65.84,65.92,62.89,62.98
2021-10-24 16:00:00,62.97,63.91,61.94,63.07
2021-10-24 20:00:00,63.07,64.79,63.01,64.53
2021-10-25 00:00:00,64.53,66.2,64.35,66.07
2021-10-25 04:00:00,66.06,66.64,65.54,66.24
2021-10-25 08:00:00,66.24,67.0,65.41,66.08
2021-10-25 12:00:00,66.09,68.12,65.19,67.94
2021-10-25 16:00:00,67.94,68.01,66.2,66.59
2021-10-25 20:00:00,66.6,69.9,66.57,69.73
2021-10-26 00:00:00,69.74,73.01,69.45,70.98
2021-10-26 04:00:00,70.97,71.62,69.77,71.33
2021-10-26 08:00:00,71.3,72.49,69.48,69.82
2021-10-26 12:00:00,69.82,70.33,68.52,69.34
2021-10-26 16:00:00,69.34,71.7,69.03,71.21
2021-10-26 20:00:00,71.21,71.24,67.61,68.66
2021-10-27 00:00:00,68.68,69.46,67.11,68.16
2021-10-27 04:00:00,68.16,69.82,65.62,65.7
2021-10-27 08:00:00,65.71,65.73,57.02,62.16
2021-10-27 12:00:00,62.12,63.35,61.44,62.06
2021-10-27 16:00:00,62.04,63.42,60.7,62.35
2021-10-27 20:00:00,62.35,63.0,61.4,61.57
2021-10-28 00:00:00,61.58,63.31,61.44,62.66
2021-10-28 04:00:00,62.66,62.98,61.48,61.62
2021-10-28 08:00:00,61.62,64.5,61.61,63.45
2021-10-28 12:00:00,63.45,64.55,62.98,63.4
2021-10-28 16:00:00,63.41,64.03,61.74,63.98
2021-10-28 20:00:00,63.99,64.98,63.31,64.34
2021-10-29 00:00:00,64.34,66.0,63.43,65.32
2021-10-29 04:00:00,65.31,65.58,63.74,64.2
2021-10-29 08:00:00,64.21,64.94,63.77,64.56
2021-10-29 12:00:00,64.54,65.65,63.85,65.5
2021-10-29 16:00:00,65.48,66.19,64.98,65.4
2021-10-29 20:00:00,65.43,65.68,64.48,64.87
2021-10-30 00:00:00,64.87,64.96,63.01,63.46
2021-10-30 04:00:00,63.48,64.0,63.24,63.77
2021-10-30 08:00:00,63.77,63.86,62.9,63.16
2021-10-30 12:00:00,63.16,63.19,61.73,62.64
2021-10-30 16:00:00,62.62,62.89,62.07,62.65
2021-10-30 20:00:00,62.63,63.0,60.89,62.35
2021-10-31 00:00:00,62.33,63.56,62.1,62.88
2021-10-31 04:00:00,62.88,63.68,62.71,63.23
2021-10-31 08:00:00,63.24,63.25,60.69,61.11
2021-10-31 12:00:00,61.1,62.74,60.09,61.77
2021-10-31 16:00:00,61.77,63.32,61.77,62.68
2021-10-31 20:00:00,62.68,64.5,62.46,64.5
2021-11-01 00:00:00,64.5,64.64,62.19,62.86
2021-11-01 04:00:00,62.86,63.95,62.39,63.85
2021-11-01 08:00:00,63.87,64.34,63.29,63.45
2021-11-01 12:00:00,63.46,66.85,63.11,66.12
2021-11-01 16:00:00,66.12,66.28,63.85,64.9
2021-11-01 20:00:00,64.91,65.09,63.88,64.93
2021-11-02 00:00:00,64.94,65.54,64.26,65.44
2021-11-02 04:00:00,65.45,65.87,65.14,65.23
2021-11-02 08:00:00,65.24,66.65,65.07,66.09
2021-11-02 12:00:00,66.1,66.44,65.35,65.83
2021-11-02 16:00:00,65.83,68.04,65.0,67.8
2021-11-02 20:00:00,67.8,67.83,66.77,67.74
2021-11-03 00:00:00,67.75,71.97,67.09,70.64
2021-11-03 04:00:00,70.64,72.0,70.05,71.13
2021-11-03 08:00:00,71.1,72.65,70.31,71.32
2021-11-03 12:00:00,71.32,71.5,68.29,71.42
2021-11-03 16:00:00,71.41,75.0,71.13,74.44
2021-11-03 20:00:00,74.44,75.57,73.41,75.55
2021-11-04 00:00:00,75.56,80.34,74.87,78.45
2021-11-04 04:00:00,78.44,80.91,76.37,76.59
2021-11-04 08:00:00,76.61,78.63,75.91,76.12
2021-11-04 12:00:00,76.11,77.51,74.05,74.46
2021-11-04 16:00:00,74.46,78.65,73.91,76.96
2021-11-04 20:00:00,76.98,79.65,75.77,78.97
2021-11-05 00:00:00,78.96,81.0,77.13,78.06
2021-11-05 04:00:00,78.07,78.69,77.45,78.05
2021-11-05 08:00:00,78.07,78.19,76.01,76.22
2021-11-05 12:00:00,76.21,77.82,74.04,74.48
2021-11-05 16:00:00,74.5,75.89,74.4,74.64
2021-11-05 20:00:00,74.64,74.77,72.13,74.19
2021-11-06 00:00:00,74.19,75.14,73.36,74.99
2021-11-06 04:00:00,74.99,75.66,74.22,75.03
2021-11-06 08:00:00,75.03,76.32,73.04,73.32
2021-11-06 12:00:00,73.3,75.22,72.32,75.22
2021-11-06 16:00:00,75.21,77.26,74.95,76.99
2021-11-06 20:00:00,76.99,78.72,76.51,78.72
2021-11-07 00:00:00,78.7,85.0,78.0,84.8
2021-11-07 04:00:00,84.82,85.77,82.74,83.63
2021-11-07 08:00:00,83.63,84.3,82.15,83.23
2021-11-07 12:00:00,83.25,85.6,82.82,84.13
2021-11-07 16:00:00,84.13,88.76,83.93,88.24
2021-11-07 20:00:00,88.24,88.88,85.41,87.57
2021-11-08 00:00:00,87.56,90.11,83.61,89.55
2021-11-08 04:00:00,89.51,95.51,89.39,93.03
2021-11-08 08:00:00,93.03,94.2,90.83,92.69
2021-11-08 12:00:00,92.69,96.92,92.16,93.36
2021-11-08 16:00:00,93.35,94.33,89.5,89.94
2021-11-08 20:00:00,89.92,92.11,88.73,91.18
2021-11-09 00:00:00,91.18,91.49,89.06,89.6
2021-11-09 04:00:00,89.6,91.1,87.64,89.96
2021-11-09 08:00:00,89.96,89.99,87.61,88.99
2021-11-09 12:00:00,88.98,91.09,87.07,88.19
2021-11-09 16:00:00,88.19,89.16,87.0,88.64
2021-11-09 20:00:00,88.65,90.85,87.71,88.33
2021-11-10 00:00:00,88.35,93.39,87.94,92.52
2021-11-10 04:00:00,92.51,94.0,91.16,91.38
2021-11-10 08:00:00,91.38,93.39,90.33,90.41
2021-11-10 12:00:00,90.4,91.8,87.38,90.63
2021-11-10 16:00:00,90.63,91.0,85.26,85.82
2021-11-10 20:00:00,85.62,87.6,78.31,85.23
2021-11-11 00:00:00,85.19,87.31,83.73,87.22
2021-11-11 04:00:00,87.2,89.14,86.07,88.74
2021-11-11 08:00:00,88.74,89.56,87.49,89.16
2021-11-11 12:00:00,89.17,89.25,86.19,87.47
2021-11-11 16:00:00,87.44,88.6,86.68,88.51
2021-11-11 20:00:00,88.51,89.3,87.39,87.88
2021-11-12 00:00:00,87.86,89.88,86.08,89.45
2021-11-12 04:00:00,89.46,89.5,85.32,86.11
2021-11-12 08:00:00,86.13,86.57,82.5,83.01
2021-11-12 12:00:00,83.04,84.09,81.92,82.43
2021-11-12 16:00:00,82.45,84.86,81.11,83.5
2021-11-12 20:00:00,83.51,85.85,83.45,84.78
2021-11-13 00:00:00,84.81,86.4,84.79,85.97
2021-11-13 04:00:00,85.99,87.92,85.5,87.85
2021-11-13 08:00:00,87.82,88.5,86.23,88.12
2021-11-13 12:00:00,88.13,94.0,86.42,92.47
2021-11-13 16:00:00,92.47,96.66,92.1,96.32
2021-11-13 20:00:00,96.24,98.69,95.65,97.54
2021-11-14 00:00:00,97.56,98.69,94.6,95.56
2021-11-14 04:00:00,95.57,99.9,95.23,97.2
2021-11-14 08:00:00,97.21,97.93,95.04,95.21
2021-11-14 12:00:00,95.2,96.8,93.62,94.0
2021-11-14 16:00:00,94.02,94.32,91.65,93.26
2021-11-14 20:00:00,93.26,95.49,92.14,95.4
2021-11-15 00:00:00,95.4,101.7,94.09,99.42
2021-11-15 04:00:00,99.41,99.77,97.07,98.58
2021-11-15 08:00:00,98.59,99.7,96.93,97.3
2021-11-15 12:00:00,97.3,98.61,95.93,96.93
2021-11-15 16:00:00,96.98,99.81,93.83,96.19
2021-11-15 20:00:00,96.19,96.59,92.0,93.9
2021-11-16 00:00:00,93.86,93.9,87.78,89.33
2021-11-16 04:00:00,89.34,91.5,88.01,90.5
2021-11-16 08:00:00,90.5,91.18,83.5,89.09
2021-11-16 12:00:00,89.12,93.76,87.44,90.5
2021-11-16 16:00:00,90.49,96.3,90.39,95.61
2021-11-16 20:00:00,95.63,101.82,90.95,97.84
2021-11-17 00:00:00,97.8,99.43,91.5,94.64
2021-11-17 04:00:00,94.66,98.3,93.09,97.32
2021-11-17 08:00:00,97.32,100.3,94.0,100.21
2021-11-17 12:00:00,100.22,104.98,99.61,104.22
2021-11-17 16:00:00,104.24,110.0,102.98,107.85
2021-11-17 20:00:00,107.85,108.59,103.0,107.63
2021-11-18 00:00:00,107.62,110.41,104.39,106.61
2021-11-18 04:00:00,106.6,107.21,102.25,103.79
2021-11-18 08:00:00,103.79,105.98,102.0,102.36
2021-11-18 12:00:00,102.39,103.98,96.61,97.38
2021-11-18 16:00:00,97.38,101.91,92.0,99.63
2021-11-18 20:00:00,99.65,104.9,96.33,100.63
2021-11-19 00:00:00,100.54,102.28,95.89,97.4
2021-11-19 04:00:00,97.41,103.42,97.1,102.2
2021-11-19 08:00:00,102.2,107.98,102.05,107.3
2021-11-19 12:00:00,107.29,110.9,107.01,108.93
2021-11-19 16:00:00,108.92,110.7,106.78,109.35
2021-11-19 20:00:00,109.34,112.35,107.4,111.93
2021-11-20 00:00:00,111.91,118.9,111.57,117.48
2021-11-20 04:00:00,117.49,119.7,116.01,119.27
2021-11-20 08:00:00,119.28,119.89,114.5,116.68
2021-11-20 12:00:00,116.66,122.0,115.94,117.51
2021-11-20 16:00:00,117.5,129.67,117.27,129.16
2021-11-20 20:00:00,129.15,129.94,124.92,125.83
2021-11-21 00:00:00,125.86,133.54,123.23,132.04
2021-11-21 04:00:00,132.08,138.0,130.36,137.43
2021-11-21 08:00:00,137.42,138.83,133.25,137.77
2021-11-21 12:00:00,137.83,147.0,133.44,133.51
2021-11-21 16:00:00,133.54,139.89,127.2,131.37
2021-11-21 20:00:00,131.37,135.52,128.07,128.47
2021-11-22 00:00:00,128.52,137.45,125.76,135.94
2021-11-22 04:00:00,135.95,137.8,129.26,131.91
2021-11-22 08:00:00,131.89,137.98,131.68,134.78
2021-11-22 12:00:00,134.79,140.15,128.69,139.14
2021-11-22 16:00:00,139.08,145.0,135.51,136.26
2021-11-22 20:00:00,136.29,140.81,133.55,134.84
2021-11-23 00:00:00,134.84,136.49,130.88,134.16
2021-11-23 04:00:00,134.15,135.65,129.7,131.21
2021-11-23 08:00:00,131.17,132.25,126.56,127.69
2021-11-23 12:00:00,127.69,132.0,124.3,129.85
2021-11-23 16:00:00,129.78,131.44,125.47,129.46
2021-11-23 20:00:00,129.47,130.44,121.75,123.83
2021-11-24 00:00:00,123.83,124.68,118.68,119.67
2021-11-24 04:00:00,119.66,123.14,118.11,119.12
2021-11-24 08:00:00,119.12,120.94,115.96,118.31
2021-11-24 12:00:00,118.3,119.82,112.64,116.98
2021-11-24 16:00:00,116.98,119.2,113.05,115.21
2021-11-24 20:00:00,115.19,120.12,114.06,115.24
2021-11-25 00:00:00,115.25,127.0,114.22,125.89
2021-11-25 04:00:00,125.88,126.0,119.28,122.28
2021-11-25 08:00:00,122.25,129.45,120.5,127.33
2021-11-25 12:00:00,127.33,130.0,124.33,125.83
2021-11-25 16:00:00,125.82,126.41,119.59,121.0
2021-11-25 20:00:00,121.0,121.44,118.01,119.27
2021-11-26 00:00:00,119.25,119.87,114.76,115.52
2021-11-26 04:00:00,115.55,117.07,111.0,112.74
2021-11-26 08:00:00,112.73,112.76,102.5,102.75
2021-11-26 12:00:00,102.8,112.55,101.31,109.19
2021-11-26 16:00:00,109.2,111.55,107.52,109.43
2021-11-26 20:00:00,109.42,111.0,103.65,104.27
2021-11-27 00:00:00,104.3,108.7,103.22,107.81
2021-11-27 04:00:00,107.81,110.11,105.63,106.5
2021-11-27 08:00:00,106.49,109.99,106.0,107.64
2021-11-27 12:00:00,107.72,109.56,107.6,109.15
2021-11-27 16:00:00,109.17,117.88,108.52,116.53
2021-11-27 20:00:00,116.52,118.0,109.89,113.52
2021-11-28 00:00:00,113.55,113.97,103.95,106.11
2021-11-28 04:00:00,106.13,111.04,104.45,109.48
2021-11-28 08:00:00,109.47,110.47,106.74,108.54
2021-11-28 12:00:00,108.55,110.5,105.25,106.11
2021-11-28 16:00:00,106.12,107.2,100.57,106.4
2021-11-28 20:00:00,106.43,113.0,106.43,110.42
2021-11-29 00:00:00,110.42,114.71,110.41,113.44
2021-11-29 04:00:00,113.44,114.15,111.64,113.17
2021-11-29 08:00:00,113.14,113.24,109.03,109.92
2021-11-29 12:00:00,109.94,113.34,109.2,111.13
2021-11-29 16:00:00,111.13,117.66,110.55,114.6
2021-11-29 20:00:00,114.59,120.41,113.86,120.39
2021-11-30 00:00:00,120.39,122.34,116.18,118.1
2021-11-30 04:00:00,118.13,119.82,114.0,117.05
2021-11-30 08:00:00,117.08,121.1,115.67,118.08
2021-11-30 12:00:00,118.03,123.8,116.6,119.22
2021-11-30 16:00:00,119.18,124.8,117.24,122.19
2021-11-30 20:00:00,122.21,122.48,118.96,120.41
2021-12-01 00:00:00,120.42,127.41,119.55,125.34
2021-12-01 04:00:00,125.31,126.86,123.15,126.28
2021-12-01 08:00:00,126.28,126.62,121.25,122.15
2021-12-01 12:00:00,122.17,125.32,121.41,123.76
2021-12-01 16:00:00,123.77,127.0,122.7,123.89
2021-12-01 20:00:00,123.94,124.04,117.25,119.65
2021-12-02 00:00:00,119.64,119.75,114.15,116.24
2021-12-02 04:00:00,116.24,117.99,115.83,117.63
2021-12-02 08:00:00,117.62,118.38,116.58,117.94
2021-12-02 12:00:00,117.95,119.14,111.88,112.3
2021-12-02 16:00:00,112.3,113.49,110.28,111.58
2021-12-02 20:00:00,111.59,113.29,106.88,107.78
2021-12-03 00:00:00,107.79,109.41,105.62,106.49
2021-12-03 04:00:00,106.49,109.61,104.86,108.45
2021-12-03 08:00:00,108.45,111.68,107.78,111.29
2021-12-03 12:00:00,111.26,113.23,106.44,107.27
2021-12-03 16:00:00,107.25,108.05,101.77,102.71
2021-12-03 20:00:00,102.7,108.81,100.0,108.32
2021-12-04 00:00:00,108.36,108.81,96.14,96.27
2021-12-04 04:00:00,96.33,100.3,76.57,92.88
2021-12-04 08:00:00,92.83,95.11,85.42,86.72
2021-12-04 12:00:00,86.72,95.94,85.86,93.19
2021-12-04 16:00:00,93.22,93.63,89.27,92.14
2021-12-04 20:00:00,92.14,94.17,90.18,93.05
2021-12-05 00:00:00,93.02,95.5,88.55,91.05
2021-12-05 04:00:00,91.06,92.78,88.34,91.35
2021-12-05 08:00:00,91.36,92.49,88.55,91.37
2021-12-05 12:00:00,91.33,91.91,82.6,84.54
2021-12-05 16:00:00,84.51,86.8,83.81,84.72
2021-12-05 20:00:00,84.73,86.5,82.55,86.35
2021-12-06 00:00:00,86.34,86.62,80.6,84.86
2021-12-06 04:00:00,84.84,86.33,79.0,80.43
2021-12-06 08:00:00,80.42,82.59,77.0,81.88
2021-12-06 12:00:00,81.86,87.26,80.88,87.25
2021-12-06 16:00:00,87.22,94.52,86.57,90.95
2021-12-06 20:00:00,90.95,94.9,89.59,92.97
2021-12-07 00:00:00,92.93,95.67,92.21,94.66
2021-12-07 04:00:00,94.66,96.62,93.44,95.98
2021-12-07 08:00:00,96.01,96.44,92.81,93.22
2021-12-07 12:00:00,93.24,94.7,90.72,93.98
2021-12-07 16:00:00,94.0,94.53,91.09,92.51
2021-12-07 20:00:00,92.52,92.9,88.0,89.57
2021-12-08 00:00:00,89.54,90.56,87.28,87.49
2021-12-08 04:00:00,87.49,91.63,87.44,90.61
2021-12-08 08:00:00,90.57,91.35,86.0,87.72
2021-12-08 12:00:00,87.75,93.04,86.79,91.42
2021-12-08 16:00:00,91.41,91.7,89.69,91.26
2021-12-08 20:00:00,91.26,93.22,90.01,93.19
2021-12-09 00:00:00,93.2,94.57,91.09,93.71
2021-12-09 04:00:00,93.7,94.1,90.83,93.01
2021-12-09 08:00:00,93.04,93.05,88.9,89.5
2021-12-09 12:00:00,89.5,90.41,86.29,88.02
2021-12-09 16:00:00,88.03,88.43,83.33,84.37
2021-12-09 20:00:00,84.4,87.27,83.28,85.46
2021-12-10 00:00:00,85.41,90.79,85.34,90.38
2021-12-10 04:00:00,90.38,91.78,84.16,85.02
2021-12-10 08:00:00,85.05,88.93,84.76,88.06
2021-12-10 12:00:00,88.07,89.9,85.0,85.68
2021-12-10 16:00:00,85.68,85.76,82.53,84.29
2021-12-10 20:00:00,84.29,85.44,80.22,80.61
2021-12-11 00:00:00,80.57,82.48,78.32,81.46
2021-12-11 04:00:00,81.46,83.28,81.37,82.14
2021-12-11 08:00:00,82.13,84.0,81.68,82.96
2021-12-11 12:00:00,82.96,83.76,82.17,83.69
2021-12-11 16:00:00,83.69,87.07,83.0,83.17
2021-12-11 20:00:00,83.19,86.55,82.57,86.55
2021-12-12 00:00:00,86.55,86.56,83.58,85.04
2021-12-12 04:00:00,85.04,85.52,83.66,85.39
2021-12-12 08:00:00,85.38,85.55,82.94,84.48
2021-12-12 12:00:00,84.45,86.3,84.43,84.97
2021-12-12 16:00:00,84.96,88.44,84.69,87.34
2021-12-12 20:00:00,87.35,88.97,86.73,88.0
2021-12-13 00:00:00,88.01,89.92,86.41,88.43
2021-12-13 04:00:00,88.42,88.47,84.29,84.63
2021-12-13 08:00:00,84.63,86.28,83.61,84.38
2021-12-13 12:00:00,84.39,84.67,77.88,78.71
2021-12-13 16:00:00,78.72,81.25,75.5,77.86
2021-12-13 20:00:00,77.84,80.59,77.45,79.05
2021-12-14 00:00:00,79.05,80.99,78.06,78.99
2021-12-14 04:00:00,78.96,79.69,76.31,79.21
2021-12-14 08:00:00,79.22,80.93,78.58,80.91
2021-12-14 12:00:00,80.91,82.42,79.56,80.67
2021-12-14 16:00:00,80.67,81.84,78.23,79.57
2021-12-14 20:00:00,79.57,87.46,79.54,87.17
2021-12-15 00:00:00,87.16,90.61,86.81,90.27
2021-12-15 04:00:00,90.3,92.05,89.58,90.78
2021-12-15 08:00:00,90.78,92.76,90.67,90.69
2021-12-15 12:00:00,90.69,91.13,86.16,86.3
2021-12-15 16:00:00,86.25,99.9,86.1,99.01
2021-12-15 20:00:00,99.01,105.77,98.82,101.24
2021-12-16 00:00:00,101.28,107.29,101.02,105.05
2021-12-16 04:00:00,105.07,105.33,101.7,103.0
2021-12-16 08:00:00,102.99,108.39,102.08,107.92
2021-12-16 12:00:00,107.92,110.0,105.04,107.01
2021-12-16 16:00:00,106.99,107.19,101.35,101.86
2021-12-16 20:00:00,101.84,106.22,98.0,98.21
2021-12-17 00:00:00,98.23,105.22,98.14,102.3
2021-12-17 04:00:00,102.27,105.35,99.6,104.94
2021-12-17 08:00:00,104.94,105.66,102.06,104.83
2021-12-17 12:00:00,104.83,111.25,100.62,110.01
2021-12-17 16:00:00,110.01,116.1,109.35,112.75
2021-12-17 20:00:00,112.75,113.79,109.1,110.81
2021-12-18 00:00:00,110.82,111.61,105.51,108.96
2021-12-18 04:00:00,108.95,111.97,107.45,111.58
2021-12-18 08:00:00,111.58,117.0,111.51,116.03
2021-12-18 12:00:00,116.05,117.39,113.17,115.38
2021-12-18 16:00:00,115.38,115.76,113.6,113.83
2021-12-18 20:00:00,113.82,116.34,112.78,115.9
2021-12-19 00:00:00,115.91,116.69,113.36,114.93
2021-12-19 04:00:00,115.04,115.95,113.09,113.54
2021-12-19 08:00:00,113.56,114.03,110.02,111.5
2021-12-19 12:00:00,111.5,113.21,110.46,111.05
2021-12-19 16:00:00,111.03,111.48,106.66,108.41
2021-12-19 20:00:00,108.41,110.13,107.36,107.61
2021-12-20 00:00:00,107.61,109.63,103.8,105.1
2021-12-20 04:00:00,105.11,105.93,102.85,104.72
2021-12-20 08:00:00,104.73,105.53,101.68,104.24
2021-12-20 12:00:00,104.24,108.58,100.96,103.9
2021-12-20 16:00:00,103.89,112.7,103.15,112.31
2021-12-20 20:00:00,112.3,116.33,111.56,113.55
2021-12-21 00:00:00,113.52,115.0,110.59,114.41
2021-12-21 04:00:00,114.4,119.31,113.8,118.35
2021-12-21 08:00:00,118.36,120.0,117.82,119.57
2021-12-21 12:00:00,119.54,120.38,116.39,117.33
2021-12-21 16:00:00,117.32,118.33,116.56,117.53
2021-12-21 20:00:00,117.52,123.97,117.34,123.24
2021-12-22 00:00:00,123.23,127.32,121.74,125.36
2021-12-22 04:00:00,125.34,125.95,123.82,124.55
2021-12-22 08:00:00,124.57,124.74,121.74,122.83
2021-12-22 12:00:00,122.84,124.36,119.65,122.77
2021-12-22 16:00:00,122.78,123.7,118.11,119.78
2021-12-22 20:00:00,119.76,121.07,115.55,116.69
2021-12-23 00:00:00,116.68,124.85,116.22,122.89
2021-12-23 04:00:00,122.83,123.71,117.41,117.81
2021-12-23 08:00:00,117.75,119.62,117.19,118.61
2021-12-23 12:00:00,118.58,121.9,117.65,121.19
2021-12-23 16:00:00,121.19,125.06,119.35,122.91
2021-12-23 20:00:00,122.91,123.11,120.52,121.4
2021-12-24 00:00:00,121.45,122.48,119.28,119.85
2021-12-24 04:00:00,119.84,121.26,118.53,121.05
2021-12-24 08:00:00,121.07,124.18,120.62,121.87
2021-12-24 12:00:00,121.86,124.57,120.01,122.96
2021-12-24 16:00:00,122.96,123.1,119.5,119.77
2021-12-24 20:00:00,119.77,120.56,113.19,114.94
2021-12-25 00:00:00,114.95,116.8,112.0,113.27
2021-12-25 04:00:00,113.26,116.8,112.97,115.97
2021-12-25 08:00:00,115.99,116.2,113.78,115.52
2021-12-25 12:00:00,115.53,116.93,115.43,116.18
2021-12-25 16:00:00,116.19,116.59,113.0,114.5
2021-12-25 20:00:00,114.5,116.68,114.12,115.01
2021-12-26 00:00:00,114.99,115.8,109.28,109.91
2021-12-26 04:00:00,109.92,112.11,109.72,111.95
2021-12-26 08:00:00,111.94,112.92,110.7,111.86
2021-12-26 12:00:00,111.85,114.76,110.98,114.37
2021-12-26 16:00:00,114.36,118.0,113.61,117.76
2021-12-26 20:00:00,117.77,117.87,113.51,115.02
2021-12-27 00:00:00,115.06,116.46,113.85,116.17
2021-12-27 04:00:00,116.17,117.6,114.95,117.32
2021-12-27 08:00:00,117.31,118.11,115.13,116.95
2021-12-27 12:00:00,116.95,119.48,116.0,118.56
2021-12-27 16:00:00,118.58,120.96,117.14,117.44
2021-12-27 20:00:00,117.44,118.28,113.23,113.85
2021-12-28 00:00:00,113.85,113.87,108.63,111.17
2021-12-28 04:00:00,111.19,113.95,107.6,112.69
2021-12-28 08:00:00,112.68,116.6,112.37,116.46
2021-12-28 12:00:00,116.46,116.73,110.9,114.16
2021-12-28 16:00:00,114.17,114.5,104.33,107.04
2021-12-28 20:00:00,107.05,110.88,106.52,107.06
2021-12-29 00:00:00,107.05,110.55,106.45,110.25
2021-12-29 04:00:00,110.23,110.39,106.81,107.2
2021-12-29 08:00:00,107.21,108.2,105.53,107.09
2021-12-29 12:00:00,107.09,108.27,102.3,107.43
2021-12-29 16:00:00,107.43,108.44,104.8,105.35
2021-12-29 20:00:00,105.32,107.07,102.6,103.1
2021-12-30 00:00:00,103.1,103.65,98.25,98.73
2021-12-30 04:00:00,98.7,103.7,98.7,103.05
2021-12-30 08:00:00,103.09,104.42,101.72,104.2
2021-12-30 12:00:00,104.2,105.4,102.34,103.09
2021-12-30 16:00:00,103.11,104.87,103.09,103.38
2021-12-30 20:00:00,103.39,103.79,100.67,101.75
2021-12-31 00:00:00,101.75,102.85,100.13,102.47
2021-12-31 04:00:00,102.47,104.46,102.36,103.7
2021-12-31 08:00:00,103.71,107.62,103.27,105.83
2021-12-31 12:00:00,105.86,107.73,105.56,107.28
2021-12-31 16:00:00,107.28,109.0,102.62,102.81
2021-12-31 20:00:00,102.82,111.99,102.66,109.43
2022-01-01 00:00:00,109.43,112.0,108.91,109.72
2022-01-01 04:00:00,109.72,111.11,108.42,110.26
2022-01-01 08:00:00,110.26,110.7,108.8,109.07
2022-01-01 12:00:00,109.09,110.57,109.0,109.47
2022-01-01 16:00:00,109.49,114.5,109.29,112.69
2022-01-01 20:00:00,112.67,114.48,112.03,114.13
2022-01-02 00:00:00,114.12,117.53,113.38,117.3
2022-01-02 04:00:00,117.29,117.41,114.76,115.96
2022-01-02 08:00:00,115.97,116.54,115.1,115.77
2022-01-02 12:00:00,115.75,116.33,113.41,114.25
2022-01-02 16:00:00,114.26,115.95,112.24,112.37
2022-01-02 20:00:00,112.37,113.94,112.0,113.03
2022-01-03 00:00:00,113.02,114.13,110.73,110.9
2022-01-03 04:00:00,110.91,113.06,110.62,111.87
2022-01-03 08:00:00,111.89,112.63,110.05,111.78
2022-01-03 12:00:00,111.79,113.35,110.55,110.68
2022-01-03 16:00:00,110.69,111.2,107.56,108.04
2022-01-03 20:00:00,108.04,109.01,106.01,108.11
2022-01-04 00:00:00,108.11,108.41,105.1,105.62
2022-01-04 04:00:00,105.61,106.5,105.0,106.38
2022-01-04 08:00:00,106.38,107.67,105.84,107.48
2022-01-04 12:00:00,107.48,109.28,106.2,107.96
2022-01-04 16:00:00,107.96,108.86,103.28,103.9
2022-01-04 20:00:00,103.9,105.91,102.78,103.33
2022-01-05 00:00:00,103.33,106.07,102.48,105.77
2022-01-05 04:00:00,105.77,106.4,104.93,105.86
2022-01-05 08:00:00,105.85,106.66,104.61,104.93
2022-01-05 12:00:00,104.93,105.46,103.86,105.19
2022-01-05 16:00:00,105.2,105.25,97.74,98.34
2022-01-05 20:00:00,98.34,99.33,90.4,97.42
2022-01-06 00:00:00,97.42,97.97,92.54,92.68
2022-01-06 04:00:00,92.69,95.51,92.0,95.15
2022-01-06 08:00:00,95.16,95.33,91.34,91.79
2022-01-06 12:00:00,91.78,95.2,91.04,94.13
2022-01-06 16:00:00,94.13,97.0,93.7,96.38
2022-01-06 20:00:00,96.39,96.74,94.73,95.11
2022-01-07 00:00:00,95.1,95.54,87.45,87.74
2022-01-07 04:00:00,87.74,89.49,85.0,88.3
2022-01-07 08:00:00,88.32,90.95,87.85,90.03
2022-01-07 12:00:00,90.02,91.82,86.0,87.05
2022-01-07 16:00:00,87.0,89.69,85.67,88.71
2022-01-07 20:00:00,88.71,89.05,85.95,86.74
2022-01-08 00:00:00,86.74,88.88,85.85,87.23
2022-01-08 04:00:00,87.23,88.68,87.1,88.58
2022-01-08 08:00:00,88.59,89.64,86.3,86.85
2022-01-08 12:00:00,86.87,87.33,82.65,83.29
2022-01-08 16:00:00,83.3,83.96,79.18,80.28
2022-01-08 20:00:00,80.27,85.64,80.01,83.9
2022-01-09 00:00:00,83.87,86.39,82.46,85.08
2022-01-09 04:00:00,85.07,85.88,84.58,84.91
2022-01-09 08:00:00,84.9,85.85,83.28,85.48
2022-01-09 12:00:00,85.51,86.81,83.4,86.69
2022-01-09 16:00:00,86.69,91.85,86.49,91.51
2022-01-09 20:00:00,91.54,91.88,87.7,89.33
2022-01-10 00:00:00,89.32,90.98,87.24,89.22
2022-01-10 04:00:00,89.21,92.4,88.02,88.97
2022-01-10 08:00:00,89.0,89.2,86.5,86.98
2022-01-10 12:00:00,86.98,87.21,80.1,83.17
2022-01-10 16:00:00,83.2,85.72,81.16,83.2
2022-01-10 20:00:00,83.21,84.96,82.75,84.36
2022-01-11 00:00:00,84.42,86.62,83.21,86.36
2022-01-11 04:00:00,86.35,86.52,85.55,86.24
2022-01-11 08:00:00,86.27,87.37,84.92,85.42
2022-01-11 12:00:00,85.43,87.06,84.56,86.74
2022-01-11 16:00:00,86.74,91.0,86.7,89.66
2022-01-11 20:00:00,89.67,90.15,88.74,89.59
2022-01-12 00:00:00,89.57,89.96,88.8,89.32
2022-01-12 04:00:00,89.32,92.12,89.05,90.63
2022-01-12 08:00:00,90.63,95.25,90.25,94.88
2022-01-12 12:00:00,94.89,96.89,94.17,95.56
2022-01-12 16:00:00,95.57,96.04,93.6,94.5
2022-01-12 20:00:00,94.5,96.13,93.87,95.94
2022-01-13 00:00:00,95.95,96.4,92.71,93.48
2022-01-13 04:00:00,93.48,94.71,93.16,94.68
2022-01-13 08:00:00,94.67,95.38,93.58,93.87
2022-01-13 12:00:00,93.87,97.26,92.25,93.51
2022-01-13 16:00:00,93.5,94.56,90.57,91.14
2022-01-13 20:00:00,91.15,91.83,89.08,89.65
2022-01-14 00:00:00,89.65,90.42,88.6,89.74
2022-01-14 04:00:00,89.74,91.77,89.73,90.39
2022-01-14 08:00:00,90.38,90.49,87.23,88.34
2022-01-14 12:00:00,88.32,90.85,87.26,90.5
2022-01-14 16:00:00,90.5,90.84,89.49,90.18
2022-01-14 20:00:00,90.17,90.67,89.37,90.39
2022-01-15 00:00:00,90.4,91.77,90.01,90.96
2022-01-15 04:00:00,90.98,91.1,89.83,90.41
2022-01-15 08:00:00,90.41,90.78,89.82,90.6
2022-01-15 12:00:00,90.59,92.88,89.47,92.76
2022-01-15 16:00:00,92.78,94.29,92.41,94.29
2022-01-15 20:00:00,94.28,94.44,92.8,92.98
2022-01-16 00:00:00,92.98,93.87,91.82,92.12
2022-01-16 04:00:00,92.13,94.0,91.8,93.5
2022-01-16 08:00:00,93.52,94.29,92.15,93.28
2022-01-16 12:00:00,93.28,94.9,92.54,93.95
2022-01-16 16:00:00,93.98,94.45,92.0,92.35
2022-01-16 20:00:00,92.35,92.93,92.06,92.24
2022-01-17 00:00:00,92.25,92.5,89.67,89.69
2022-01-17 04:00:00,89.7,90.12,88.35,88.99
2022-01-17 08:00:00,89.01,89.85,88.38,88.61
2022-01-17 12:00:00,88.61,89.25,87.81,88.19
2022-01-17 16:00:00,88.19,88.48,85.92,87.51
2022-01-17 20:00:00,87.52,88.0,85.34,86.67
2022-01-18 00:00:00,86.67,87.41,85.86,86.01
2022-01-18 04:00:00,86.01,87.18,85.51,86.93
2022-01-18 08:00:00,86.94,86.97,84.63,85.93
2022-01-18 12:00:00,85.92,86.3,83.7,84.3
2022-01-18 16:00:00,84.3,84.97,83.81,84.7
2022-01-18 20:00:00,84.72,86.74,84.16,86.0
2022-01-19 00:00:00,86.03,86.38,84.04,84.61
2022-01-19 04:00:00,84.64,85.13,81.22,81.65
2022-01-19 08:00:00,81.67,83.37,81.08,83.02
2022-01-19 12:00:00,83.03,85.48,83.01,84.39
2022-01-19 16:00:00,84.38,84.9,82.88,84.24
2022-01-19 20:00:00,84.2,84.33,82.57,82.61
2022-01-20 00:00:00,82.58,83.77,82.19,83.46
2022-01-20 04:00:00,83.5,84.79,83.27,84.7
2022-01-20 08:00:00,84.7,85.18,84.23,85.05
2022-01-20 12:00:00,85.03,87.54,84.23,87.29
2022-01-20 16:00:00,87.29,87.8,85.84,86.02
2022-01-20 20:00:00,86.0,86.18,78.68,79.33
2022-01-21 00:00:00,79.32,80.38,74.01,74.72
2022-01-21 04:00:00,74.72,76.61,74.66,76.47
2022-01-21 08:00:00,76.45,77.1,75.2,75.5
2022-01-21 12:00:00,75.5,75.61,71.38,74.12
2022-01-21 16:00:00,74.13,74.98,72.17,72.26
2022-01-21 20:00:00,72.26,72.92,63.93,66.06
2022-01-22 00:00:00,66.03,67.54,65.16,66.48
2022-01-22 04:00:00,66.47,66.83,59.0,59.0
2022-01-22 08:00:00,59.0,61.23,52.95,58.85
2022-01-22 12:00:00,58.84,62.24,57.16,57.32
2022-01-22 16:00:00,57.31,60.1,56.43,57.34
2022-01-22 20:00:00,57.35,61.37,56.81,59.78
2022-01-23 00:00:00,59.81,62.04,59.02,60.26
2022-01-23 04:00:00,60.26,63.9,60.03,63.75
2022-01-23 08:00:00,63.72,66.88,63.06,64.36
2022-01-23 12:00:00,64.34,65.0,61.81,62.99
2022-01-23 16:00:00,63.01,64.16,60.49,60.88
2022-01-23 20:00:00,60.87,65.29,60.35,64.83
2022-01-24 00:00:00,64.8,64.83,61.21,61.96
2022-01-24 04:00:00,61.95,62.37,59.12,59.3
2022-01-24 08:00:00,59.3,60.8,56.17,56.92
2022-01-24 12:00:00,56.92,58.64,55.14,58.03
2022-01-24 16:00:00,58.03,62.79,56.51,61.1
2022-01-24 20:00:00,61.09,63.9,60.79,63.06
2022-01-25 00:00:00,63.0,64.25,61.65,62.71
2022-01-25 04:00:00,62.72,62.91,61.69,62.74
2022-01-25 08:00:00,62.74,65.1,62.1,63.67
2022-01-25 12:00:00,63.67,66.83,63.37,65.63
2022-01-25 16:00:00,65.63,70.53,65.51,68.89
2022-01-25 20:00:00,68.92,69.22,66.66,68.01
2022-01-26 00:00:00,68.01,69.27,66.17,68.68
2022-01-26 04:00:00,68.67,69.92,67.07,68.4
2022-01-26 08:00:00,68.39,69.28,67.77,68.94
2022-01-26 12:00:00,68.94,72.43,68.15,69.92
2022-01-26 16:00:00,69.91,73.5,66.81,69.54
2022-01-26 20:00:00,69.53,69.53,64.39,65.87
2022-01-27 00:00:00,65.87,66.7,61.25,62.01
2022-01-27 04:00:00,62.0,63.32,61.63,62.99
2022-01-27 08:00:00,63.02,65.13,62.81,65.0
2022-01-27 12:00:00,65.0,67.96,64.85,66.64
2022-01-27 16:00:00,66.65,66.91,63.91,64.03
2022-01-27 20:00:00,64.03,64.83,61.06,64.7
2022-01-28 00:00:00,64.68,66.14,63.07,65.66
2022-01-28 04:00:00,65.71,66.12,64.32,64.59
2022-01-28 08:00:00,64.6,64.72,62.35,62.76
2022-01-28 12:00:00,62.78,65.29,61.71,65.05
2022-01-28 16:00:00,65.06,66.44,64.65,65.68
2022-01-28 20:00:00,65.67,67.5,65.33,67.01
2022-01-29 00:00:00,67.02,68.36,66.86,67.54
2022-01-29 04:00:00,67.55,69.42,67.44,69.42
2022-01-29 08:00:00,69.38,69.55,68.29,69.23
2022-01-29 12:00:00,69.21,71.74,68.81,71.44
2022-01-29 16:00:00,71.38,72.88,69.65,72.37
2022-01-29 20:00:00,72.36,73.58,71.07,71.89
2022-01-30 00:00:00,71.91,72.27,70.06,70.58
2022-01-30 04:00:00,70.58,72.38,70.55,72.06
2022-01-30 08:00:00,72.08,72.39,70.28,70.96
2022-01-30 12:00:00,70.95,70.98,68.54,69.65
2022-01-30 16:00:00,69.66,69.84,66.98,67.19
2022-01-30 20:00:00,67.2,69.01,66.85,67.96
2022-01-31 00:00:00,67.94,68.4,64.61,65.27
2022-01-31 04:00:00,65.26,65.52,64.25,65.37
2022-01-31 08:00:00,65.4,66.81,65.26,66.49
2022-01-31 12:00:00,66.48,69.43,65.02,69.0
2022-01-31 16:00:00,68.99,70.65,68.63,69.7
2022-01-31 20:00:00,69.71,70.25,69.02,69.87
2022-02-01 00:00:00,69.9,70.93,69.1,69.79
2022-02-01 04:00:00,69.79,71.43,68.47,69.75
2022-02-01 08:00:00,69.76,72.0,69.28,70.26
2022-02-01 12:00:00,70.26,71.16,69.05,70.25
2022-02-01 16:00:00,70.27,73.02,70.22,70.95
2022-02-01 20:00:00,70.93,73.87,70.91,73.33
2022-02-02 00:00:00,73.32,74.86,73.02,73.7
2022-02-02 04:00:00,73.7,73.7,72.43,72.82
2022-02-02 08:00:00,72.82,73.25,72.22,73.11
2022-02-02 12:00:00,73.11,74.49,70.53,70.76
2022-02-02 16:00:00,70.73,72.4,68.59,71.74
2022-02-02 20:00:00,71.74,71.79,67.43,67.79
2022-02-03 00:00:00,67.79,69.31,67.21,67.81
2022-02-03 04:00:00,67.8,68.58,67.02,67.69
2022-02-03 08:00:00,67.69,68.3,64.85,66.41
2022-02-03 12:00:00,66.44,68.96,65.11,68.5
2022-02-03 16:00:00,68.5,68.61,66.02,66.21
2022-02-03 20:00:00,66.18,68.79,65.61,68.44
2022-02-04 00:00:00,68.44,68.51,67.43,67.88
2022-02-04 04:00:00,67.9,70.66,67.71,69.66
2022-02-04 08:00:00,69.66,72.65,69.63,71.34
2022-02-04 12:00:00,71.33,74.78,69.71,73.42
2022-02-04 16:00:00,73.42,76.92,73.36,76.67
2022-02-04 20:00:00,76.66,77.95,75.63,77.77
2022-02-05 00:00:00,77.8,78.6,76.45,78.29
2022-02-05 04:00:00,78.27,80.93,78.04,78.68
2022-02-05 08:00:00,78.67,79.53,78.28,78.66
2022-02-05 12:00:00,78.66,79.49,77.48,78.85
2022-02-05 16:00:00,78.84,79.08,74.94,76.26
2022-02-05 20:00:00,76.27,77.76,75.81,77.01
2022-02-06 00:00:00,77.01,78.97,76.97,78.1
2022-02-06 04:00:00,78.1,78.46,77.06,77.66
2022-02-06 08:00:00,77.65,78.17,76.86,77.11
2022-02-06 12:00:00,77.11,78.0,74.1,75.59
2022-02-06 16:00:00,75.59,76.9,75.37,76.37
2022-02-06 20:00:00,76.36,79.15,75.59,78.93
2022-02-07 00:00:00,78.91,80.97,77.44,80.83
2022-02-07 04:00:00,80.84,83.58,80.46,82.48
2022-02-07 08:00:00,82.48,82.7,80.95,82.3
2022-02-07 12:00:00,82.29,85.23,81.7,84.87
2022-02-07 16:00:00,84.84,85.42,82.57,84.47
2022-02-07 20:00:00,84.5,85.09,82.74,83.2
2022-02-08 00:00:00,83.23,83.96,81.65,83.82
2022-02-08 04:00:00,83.83,95.5,83.83,90.19
2022-02-08 08:00:00,90.19,91.42,85.64,86.57
2022-02-08 12:00:00,86.59,86.6,82.77,84.51
2022-02-08 16:00:00,84.51,86.43,82.75,85.5
2022-02-08 20:00:00,85.5,88.0,85.18,86.34
2022-02-09 00:00:00,86.35,88.97,84.34,86.57
2022-02-09 04:00:00,86.57,88.15,85.63,87.83
2022-02-09 08:00:00,87.88,89.44,87.4,88.75
2022-02-09 12:00:00,88.74,90.59,88.21,89.84
2022-02-09 16:00:00,89.86,92.03,89.06,91.63
2022-02-09 20:00:00,91.63,91.91,89.45,90.05
2022-02-10 00:00:00,90.05,90.13,87.58,88.89
2022-02-10 04:00:00,88.89,90.02,88.07,89.82
2022-02-10 08:00:00,89.83,91.0,89.21,90.46
2022-02-10 12:00:00,90.46,92.65,84.93,91.82
2022-02-10 16:00:00,91.81,95.0,90.05,91.02
2022-02-10 20:00:00,91.02,93.47,89.41,91.16
2022-02-11 00:00:00,91.18,92.66,88.0,89.11
2022-02-11 04:00:00,89.11,89.92,87.76,89.84
2022-02-11 08:00:00,89.83,91.19,88.29,89.98
2022-02-11 12:00:00,89.98,91.54,89.18,90.78
2022-02-11 16:00:00,90.78,91.13,84.51,84.8
2022-02-11 20:00:00,84.83,85.12,80.0,81.75
2022-02-12 00:00:00,81.76,84.8,80.6,83.14
2022-02-12 04:00:00,83.17,84.0,79.63,81.26
2022-02-12 08:00:00,81.27,82.7,79.88,81.86
2022-02-12 12:00:00,81.86,81.97,78.65,80.11
2022-02-12 16:00:00,80.11,84.8,79.64,81.97
2022-02-12 20:00:00,81.97,83.37,79.62,81.31
2022-02-13 00:00:00,81.29,82.67,80.51,82.15
2022-02-13 04:00:00,82.15,83.27,81.62,83.12
2022-02-13 08:00:00,83.1,83.28,81.76,82.2
2022-02-13 12:00:00,82.2,82.36,81.0,81.03
2022-02-13 16:00:00,81.03,81.27,77.49,78.27
2022-02-13 20:00:00,78.29,79.71,77.65,77.91
2022-02-14 00:00:00,77.93,78.38,76.14,77.34
2022-02-14 04:00:00,77.33,79.1,76.89,78.98
2022-02-14 08:00:00,78.99,79.7,77.39,78.13
2022-02-14 12:00:00,78.15,82.2,77.46,80.67
2022-02-14 16:00:00,80.66,82.03,78.88,80.11
2022-02-14 20:00:00,80.11,82.6,79.24,81.86
2022-02-15 00:00:00,81.84,85.16,81.41,84.24
2022-02-15 04:00:00,84.24,85.41,83.82,85.08
2022-02-15 08:00:00,85.1,89.3,85.01,88.1
2022-02-15 12:00:00,88.09,89.4,87.34,88.76
2022-02-15 16:00:00,88.78,90.65,88.08,90.11
2022-02-15 20:00:00,90.11,93.68,89.38,92.97
2022-02-16 00:00:00,92.96,94.68,91.7,93.93
2022-02-16 04:00:00,93.9,97.2,92.69,96.98
2022-02-16 08:00:00,96.99,97.35,93.15,94.91
2022-02-16 12:00:00,94.85,95.13,91.44,93.65
2022-02-16 16:00:00,93.65,96.29,91.74,96.13
2022-02-16 20:00:00,96.15,97.0,94.33,95.32
2022-02-17 00:00:00,95.33,98.77,94.75,94.79
2022-02-17 04:00:00,94.81,95.88,93.0,94.63
2022-02-17 08:00:00,94.65,94.77,91.69,92.85
2022-02-17 12:00:00,92.87,93.71,89.78,91.09
2022-02-17 16:00:00,91.09,91.67,86.69,88.29
2022-02-17 20:00:00,88.29,89.5,86.32,88.24
2022-02-18 00:00:00,88.24,89.96,86.3,89.75
2022-02-18 04:00:00,89.77,89.99,88.19,88.7
2022-02-18 08:00:00,88.73,89.68,86.51,86.78
2022-02-18 12:00:00,86.8,87.82,83.0,83.39
2022-02-18 16:00:00,83.36,85.74,82.35,85.16
2022-02-18 20:00:00,85.14,85.36,83.0,83.67
2022-02-19 00:00:00,83.69,85.18,83.19,84.07
2022-02-19 04:00:00,84.07,86.32,83.94,85.95
2022-02-19 08:00:00,85.94,86.34,82.45,83.0
2022-02-19 12:00:00,82.99,84.18,80.82,84.01
2022-02-19 16:00:00,84.02,85.47,82.69,83.12
2022-02-19 20:00:00,83.11,85.36,82.89,85.01
2022-02-20 00:00:00,85.01,85.73,83.28,83.4
2022-02-20 04:00:00,83.39,83.8,79.23,80.13
2022-02-20 08:00:00,80.1,80.17,78.34,79.74
2022-02-20 12:00:00,79.76,80.35,76.7,78.78
2022-02-20 16:00:00,78.79,79.66,78.21,79.14
2022-02-20 20:00:00,79.14,79.14,76.56,77.37
2022-02-21 00:00:00,77.34,81.78,76.72,79.87
2022-02-21 04:00:00,79.86,82.43,79.82,82.26
2022-02-21 08:00:00,82.25,82.7,76.27,77.38
2022-02-21 12:00:00,77.37,79.84,74.7,78.12
2022-02-21 16:00:00,78.09,79.38,73.76,75.01
2022-02-21 20:00:00,75.02,75.38,69.38,70.04
2022-02-22 00:00:00,70.03,71.07,67.2,67.72
2022-02-22 04:00:00,67.76,70.01,67.41,68.9
2022-02-22 08:00:00,68.91,72.51,68.84,72.3
2022-02-22 12:00:00,72.29,74.45,71.32,73.05
2022-02-22 16:00:00,73.03,73.54,71.45,73.12
2022-02-22 20:00:00,73.13,74.94,71.86,74.42
2022-02-23 00:00:00,74.42,76.88,74.15,75.11
2022-02-23 04:00:00,75.12,78.66,74.81,78.54
2022-02-23 08:00:00,78.51,82.5,78.0,81.42
2022-02-23 12:00:00,81.41,81.99,79.31,79.98
2022-02-23 16:00:00,79.98,81.42,76.05,76.7
2022-02-23 20:00:00,76.7,77.49,73.28,73.47
2022-02-24 00:00:00,73.46,74.61,65.75,67.33
2022-02-24 04:00:00,67.31,68.74,64.45,67.16
2022-02-24 08:00:00,67.15,69.64,65.07,67.27
2022-02-24 12:00:00,67.26,71.57,65.62,70.98
2022-02-24 16:00:00,70.98,76.9,68.97,76.82
2022-02-24 20:00:00,76.81,79.98,73.71,76.39
2022-02-25 00:00:00,76.39,77.82,74.6,75.98
2022-02-25 04:00:00,75.99,76.29,74.45,75.53
2022-02-25 08:00:00,75.53,75.91,72.68,75.79
2022-02-25 12:00:00,75.8,79.0,75.12,78.12
2022-02-25 16:00:00,78.13,78.8,76.42,77.13
2022-02-25 20:00:00,77.13,81.99,76.56,80.98
2022-02-26 00:00:00,80.98,83.94,80.17,80.63
2022-02-26 04:00:00,80.63,81.47,78.44,79.95
2022-02-26 08:00:00,79.96,81.04,78.02,78.95
2022-02-26 12:00:00,78.96,81.75,78.57,80.77
2022-02-26 16:00:00,80.76,83.37,80.07,82.43
2022-02-26 20:00:00,82.44,84.95,80.59,81.81
2022-02-27 00:00:00,81.81,83.07,77.68,78.62
2022-02-27 04:00:00,78.62,79.79,77.14,79.22
2022-02-27 08:00:00,79.21,81.56,78.34,81.14
2022-02-27 12:00:00,81.15,82.4,78.15,80.39
2022-02-27 16:00:00,80.38,80.43,73.28,73.87
2022-02-27 20:00:00,73.87,75.87,73.02,75.07
2022-02-28 00:00:00,75.06,75.5,72.8,73.46
2022-02-28 04:00:00,73.47,75.34,71.76,74.89
2022-02-28 08:00:00,74.9,76.18,74.39,75.01
2022-02-28 12:00:00,75.03,82.51,73.96,81.88
2022-02-28 16:00:00,81.87,82.35,78.61,80.28
2022-02-28 20:00:00,80.27,85.88,80.11,84.54
2022-03-01 00:00:00,84.54,89.7,84.51,86.66
2022-03-01 04:00:00,86.65,88.54,85.68,86.43
2022-03-01 08:00:00,86.44,87.94,83.48,85.81
2022-03-01 12:00:00,85.8,90.8,85.28,86.3
2022-03-01 16:00:00,86.29,87.77,84.51,86.06
2022-03-01 20:00:00,86.06,87.4,85.0,86.89
2022-03-02 00:00:00,86.89,89.94,84.38,88.92
2022-03-02 04:00:00,88.94,89.27,85.42,85.86
2022-03-02 08:00:00,85.88,87.03,85.07,85.88
2022-03-02 12:00:00,85.85,86.54,82.51,83.96
2022-03-02 16:00:00,83.96,84.8,82.29,83.07
2022-03-02 20:00:00,83.06,84.61,82.78,83.36
2022-03-03 00:00:00,83.35,84.33,80.88,81.59
2022-03-03 04:00:00,81.59,83.8,80.97,83.1
2022-03-03 08:00:00,83.08,83.38,81.49,81.98
2022-03-03 12:00:00,81.97,82.73,77.38,78.4
2022-03-03 16:00:00,78.4,79.06,77.02,78.14
2022-03-03 20:00:00,78.14,79.96,77.71,78.5
2022-03-04 00:00:00,78.5,78.59,74.92,78.19
2022-03-04 04:00:00,78.17,78.33,76.6,77.49
2022-03-04 08:00:00,77.49,81.7,76.6,80.88
2022-03-04 12:00:00,80.89,82.24,78.26,78.35
2022-03-04 16:00:00,78.35,80.73,77.56,78.6
2022-03-04 20:00:00,78.61,79.1,75.0,75.79
2022-03-05 00:00:00,75.78,75.82,73.27,75.02
2022-03-05 04:00:00,75.03,77.32,74.0,77.21
2022-03-05 08:00:00,77.2,77.92,76.36,77.1
2022-03-05 12:00:00,77.09,78.17,75.83,76.75
2022-03-05 16:00:00,76.75,78.74,76.75,77.66
2022-03-05 20:00:00,77.65,78.16,76.44,76.68
2022-03-06 00:00:00,76.69,77.1,75.17,75.61
2022-03-06 04:00:00,75.62,76.6,74.83,75.89
2022-03-06 08:00:00,75.91,75.93,73.58,75.16
2022-03-06 12:00:00,75.17,76.05,74.39,75.05
2022-03-06 16:00:00,75.06,75.56,72.61,72.97
2022-03-06 20:00:00,72.98,74.5,72.09,72.51
2022-03-07 00:00:00,72.51,72.95,70.35,71.17
2022-03-07 04:00:00,71.17,72.6,70.72,71.78
2022-03-07 08:00:00,71.78,74.72,71.54,74.43
2022-03-07 12:00:00,74.44,76.53,74.44,75.12
2022-03-07 16:00:00,75.14,75.8,70.64,70.97
2022-03-07 20:00:00,71.0,72.89,70.54,71.69
2022-03-08 00:00:00,71.67,73.97,71.32,73.0
2022-03-08 04:00:00,73.0,73.59,71.32,72.14
2022-03-08 08:00:00,72.14,73.4,71.9,72.53
2022-03-08 12:00:00,72.55,74.56,71.19,72.35
2022-03-08 16:00:00,72.36,76.62,71.86,74.45
2022-03-08 20:00:00,74.44,74.75,72.28,73.0
2022-03-09 00:00:00,73.02,80.0,72.34,79.93
2022-03-09 04:00:00,79.93,80.44,77.63,78.66
2022-03-09 08:00:00,78.66,79.35,77.91,78.77
2022-03-09 12:00:00,78.76,79.45,77.29,79.06
2022-03-09 16:00:00,79.07,79.53,76.43,77.12
2022-03-09 20:00:00,77.13,77.99,76.29,77.63
2022-03-10 00:00:00,77.6,79.0,75.39,75.43
2022-03-10 04:00:00,75.42,75.66,72.56,73.18
2022-03-10 08:00:00,73.18,73.63,72.64,72.99
2022-03-10 12:00:00,72.99,74.4,71.5,72.87
2022-03-10 16:00:00,72.85,73.15,71.97,73.03
2022-03-10 20:00:00,73.04,74.4,72.86,73.93
2022-03-11 00:00:00,73.93,76.39,71.87,75.28
2022-03-11 04:00:00,75.27,75.84,72.72,75.51
2022-03-11 08:00:00,75.51,76.97,74.21,76.44
2022-03-11 12:00:00,76.44,76.91,73.3,73.47
2022-03-11 16:00:00,73.49,73.58,71.3,71.45
2022-03-11 20:00:00,71.44,72.22,70.79,71.22
2022-03-12 00:00:00,71.23,73.62,71.04,72.47
2022-03-12 04:00:00,72.48,73.42,72.1,72.53
2022-03-12 08:00:00,72.53,72.66,71.63,71.88
2022-03-12 12:00:00,71.89,72.39,71.38,71.84
2022-03-12 16:00:00,71.84,72.5,71.25,71.31
2022-03-12 20:00:00,71.31,71.6,70.67,70.94
2022-03-13 00:00:00,70.93,71.82,70.52,71.31
2022-03-13 04:00:00,71.31,71.99,71.15,71.81
2022-03-13 08:00:00,71.8,71.94,70.94,71.16
2022-03-13 12:00:00,71.14,71.24,69.47,70.55
2022-03-13 16:00:00,70.55,70.89,70.0,70.09
2022-03-13 20:00:00,70.08,70.15,67.21,67.94
2022-03-14 00:00:00,67.92,68.24,66.79,67.95
2022-03-14 04:00:00,67.95,70.03,67.95,69.87
2022-03-14 08:00:00,69.88,71.5,68.63,68.73
2022-03-14 12:00:00,68.73,69.05,66.53,67.31
2022-03-14 16:00:00,67.31,67.74,65.55,66.06
2022-03-14 20:00:00,66.07,69.16,66.02,68.97
2022-03-15 00:00:00,68.97,69.49,66.61,66.8
2022-03-15 04:00:00,66.8,67.5,66.04,66.44
2022-03-15 08:00:00,66.44,67.78,66.09,67.28
2022-03-15 12:00:00,67.28,70.3,66.82,69.88
2022-03-15 16:00:00,69.87,72.24,69.53,71.83
2022-03-15 20:00:00,71.83,71.95,69.69,69.82
2022-03-16 00:00:00,69.82,72.2,68.29,68.47
2022-03-16 04:00:00,68.43,69.61,68.07,69.56
2022-03-16 08:00:00,69.55,71.29,69.47,71.0
2022-03-16 12:00:00,71.01,71.78,70.0,71.4
2022-03-16 16:00:00,71.4,74.43,69.32,73.72
2022-03-16 20:00:00,73.72,74.72,72.67,74.08
2022-03-17 00:00:00,74.07,77.54,73.16,76.35
2022-03-17 04:00:00,76.35,76.96,75.47,76.9
2022-03-17 08:00:00,76.89,80.73,76.37,79.41
2022-03-17 12:00:00,79.42,81.73,79.2,79.94
2022-03-17 16:00:00,79.94,80.97,79.26,79.88
2022-03-17 20:00:00,79.88,80.19,78.26,79.4
2022-03-18 00:00:00,79.4,81.53,78.02,78.72
2022-03-18 04:00:00,78.71,80.41,78.56,79.66
2022-03-18 08:00:00,79.67,80.31,77.49,77.61
2022-03-18 12:00:00,77.62,81.38,76.48,81.26
2022-03-18 16:00:00,81.27,86.7,81.26,86.59
2022-03-18 20:00:00,86.6,86.95,85.22,85.71
2022-03-19 00:00:00,85.72,88.56,85.72,87.74
2022-03-19 04:00:00,87.74,88.4,86.11,86.28
2022-03-19 08:00:00,86.28,87.63,85.58,87.08
2022-03-19 12:00:00,87.08,90.75,86.73,90.16
2022-03-19 16:00:00,90.17,92.39,89.75,91.15
2022-03-19 20:00:00,91.15,91.8,88.65,89.53
2022-03-20 00:00:00,89.54,89.98,87.57,88.18
2022-03-20 04:00:00,88.2,89.51,87.92,89.25
2022-03-20 08:00:00,89.24,89.36,86.18,86.37
2022-03-20 12:00:00,86.35,87.37,85.66,87.17
2022-03-20 16:00:00,87.17,88.84,84.26,87.21
2022-03-20 20:00:00,87.17,87.94,84.48,84.84
2022-03-21 00:00:00,84.87,85.39,83.02,85.12
2022-03-21 04:00:00,85.12,88.47,84.57,88.26
2022-03-21 08:00:00,88.26,92.5,87.81,90.34
2022-03-21 12:00:00,90.33,91.67,87.5,88.31
2022-03-21 16:00:00,88.3,88.39,85.67,86.75
2022-03-21 20:00:00,86.75,87.85,86.07,86.25
2022-03-22 00:00:00,86.24,89.63,85.02,87.81
2022-03-22 04:00:00,87.82,89.89,87.37,88.2
2022-03-22 08:00:00,88.21,89.18,87.79,89.02
2022-03-22 12:00:00,89.02,89.04,85.75,85.88
2022-03-22 16:00:00,85.88,86.67,84.63,84.83
2022-03-22 20:00:00,84.83,86.52,83.7,83.98
2022-03-23 00:00:00,83.97,85.06,82.21,83.48
2022-03-23 04:00:00,83.47,85.75,83.08,85.14
2022-03-23 08:00:00,85.15,85.28,83.64,84.17
2022-03-23 12:00:00,84.16,86.95,83.38,86.58
2022-03-23 16:00:00,86.59,87.3,83.86,84.3
2022-03-23 20:00:00,84.31,86.39,84.15,86.0
2022-03-24 00:00:00,85.99,86.73,83.63,83.98
2022-03-24 04:00:00,83.98,85.88,83.97,85.31
2022-03-24 08:00:00,85.32,87.27,84.93,86.27
2022-03-24 12:00:00,86.28,88.3,84.41,88.06
2022-03-24 16:00:00,88.05,88.23,86.29,86.81
2022-03-24 20:00:00,86.81,87.8,86.34,87.56
2022-03-25 00:00:00,87.57,87.8,85.8,86.29
2022-03-25 04:00:00,86.29,86.9,85.18,85.5
2022-03-25 08:00:00,85.52,87.05,83.78,86.8
2022-03-25 12:00:00,86.79,87.4,84.25,84.72
2022-03-25 16:00:00,84.71,85.17,82.25,84.06
2022-03-25 20:00:00,84.07,84.52,82.93,83.54
2022-03-26 00:00:00,83.54,84.09,82.46,83.73
2022-03-26 04:00:00,83.73,85.17,83.5,85.01
2022-03-26 08:00:00,85.0,85.34,84.22,84.6
2022-03-26 12:00:00,84.6,86.52,83.96,85.88
2022-03-26 16:00:00,85.88,86.74,85.31,86.09
2022-03-26 20:00:00,86.1,86.44,85.41,85.86
2022-03-27 00:00:00,85.87,86.97,85.73,85.86
2022-03-27 04:00:00,85.86,86.48,85.5,85.96
2022-03-27 08:00:00,85.96,86.25,85.19,85.39
2022-03-27 12:00:00,85.38,85.91,84.4,85.8
2022-03-27 16:00:00,85.8,86.26,85.47,85.93
2022-03-27 20:00:00,85.93,89.99,85.5,89.88
2022-03-28 00:00:00,89.88,92.0,88.58,91.73
2022-03-28 04:00:00,91.73,92.5,90.3,91.1
2022-03-28 08:00:00,91.1,91.7,90.38,91.15
2022-03-28 12:00:00,91.16,94.86,90.77,92.76
2022-03-28 16:00:00,92.75,96.23,91.8,95.13
2022-03-28 20:00:00,95.13,95.37,88.7,89.58
2022-03-29 00:00:00,89.57,94.58,89.27,93.37
2022-03-29 04:00:00,93.37,95.28,92.63,92.65
2022-03-29 08:00:00,92.65,94.62,92.62,94.47
2022-03-29 12:00:00,94.47,96.46,92.57,92.83
2022-03-29 16:00:00,92.83,94.3,90.69,93.54
2022-03-29 20:00:00,93.55,93.8,90.24,92.74
2022-03-30 00:00:00,92.73,92.74,89.5,92.58
2022-03-30 04:00:00,92.58,94.28,91.65,93.91
2022-03-30 08:00:00,93.91,94.13,92.05,93.04
2022-03-30 12:00:00,93.06,97.47,91.07,97.02
2022-03-30 16:00:00,97.0,100.48,95.08,95.8
2022-03-30 20:00:00,95.81,97.37,94.84,95.58
2022-03-31 00:00:00,95.57,101.98,94.82,98.8
2022-03-31 04:00:00,98.81,100.1,97.41,99.83
2022-03-31 08:00:00,99.83,100.77,98.77,99.25
2022-03-31 12:00:00,99.25,100.78,95.33,97.52
2022-03-31 16:00:00,97.52,98.17,93.68,94.48
2022-03-31 20:00:00,94.5,97.48,94.42,97.41
2022-04-01 00:00:00,97.43,98.3,90.26,92.26
2022-04-01 04:00:00,92.26,94.38,91.54,94.2
2022-04-01 08:00:00,94.2,95.23,92.83,92.95
2022-04-01 12:00:00,92.96,97.86,91.9,96.67
2022-04-01 16:00:00,96.73,99.8,96.69,99.11
2022-04-01 20:00:00,99.09,99.11,95.68,96.83
2022-04-02 00:00:00,96.81,99.1,96.01,97.51
2022-04-02 04:00:00,97.53,100.97,96.86,100.76
2022-04-02 08:00:00,100.76,102.65,100.22,101.63
2022-04-02 12:00:00,101.63,103.62,98.13,99.15
2022-04-02 16:00:00,99.14,101.17,96.32,97.7
2022-04-02 20:00:00,97.71,98.45,95.73,96.25
2022-04-03 00:00:00,96.25,97.53,94.41,97.33
2022-04-03 04:00:00,97.35,100.09,97.27,98.65
2022-04-03 08:00:00,98.69,99.6,97.12,98.61
2022-04-03 12:00:00,98.62,99.2,96.72,97.72
2022-04-03 16:00:00,97.74,98.3,96.1,96.64
2022-04-03 20:00:00,96.63,99.89,96.47,98.05
2022-04-04 00:00:00,98.02,98.08,95.84,96.53
2022-04-04 04:00:00,96.51,97.63,96.05,97.28
2022-04-04 08:00:00,97.26,97.39,94.56,96.28
2022-04-04 12:00:00,96.28,96.56,91.88,92.29
2022-04-04 16:00:00,92.29,94.59,90.81,94.14
2022-04-04 20:00:00,94.15,96.19,93.44,96.16
2022-04-05 00:00:00,96.16,97.46,95.71,96.67
2022-04-05 04:00:00,96.67,97.28,94.35,96.2
2022-04-05 08:00:00,96.2,96.86,94.92,96.74
2022-04-05 12:00:00,96.74,97.7,93.11,93.6
2022-04-05 16:00:00,93.6,94.43,91.93,92.97
2022-04-05 20:00:00,92.97,93.39,90.6,91.06
2022-04-06 00:00:00,91.07,91.11,86.33,89.26
2022-04-06 04:00:00,89.26,91.01,88.51,89.87
2022-04-06 08:00:00,89.87,90.15,86.12,87.19
2022-04-06 12:00:00,87.18,88.04,83.35,85.17
2022-04-06 16:00:00,85.15,86.71,83.04,85.91
2022-04-06 20:00:00,85.94,86.64,82.63,82.94
2022-04-07 00:00:00,82.94,84.52,81.34,83.32
2022-04-07 04:00:00,83.35,84.89,82.82,84.66
2022-04-07 08:00:00,84.67,85.83,83.77,85.62
2022-04-07 12:00:00,85.63,86.0,81.37,83.03
2022-04-07 16:00:00,83.02,88.66,82.9,86.84
2022-04-07 20:00:00,86.85,88.56,85.8,87.55
2022-04-08 00:00:00,87.56,89.21,87.04,88.85
2022-04-08 04:00:00,88.85,89.8,86.91,88.1
2022-04-08 08:00:00,88.11,89.22,86.23,86.43
2022-04-08 12:00:00,86.42,89.89,85.35,89.62
2022-04-08 16:00:00,89.61,90.56,85.88,86.66
2022-04-08 20:00:00,86.66,87.02,82.69,83.66
2022-04-09 00:00:00,83.66,85.56,82.83,83.39
2022-04-09 04:00:00,83.39,84.63,82.95,84.52
2022-04-09 08:00:00,84.51,84.66,83.3,83.96
2022-04-09 12:00:00,83.96,84.48,81.88,82.44
2022-04-09 16:00:00,82.44,84.04,82.25,83.13
2022-04-09 20:00:00,83.13,84.67,82.79,84.55
2022-04-10 00:00:00,84.57,84.84,83.83,84.44
2022-04-10 04:00:00,84.43,84.51,83.21,83.31
2022-04-10 08:00:00,83.32,83.66,82.54,83.63
2022-04-10 12:00:00,83.63,84.24,83.19,84.02
2022-04-10 16:00:00,84.03,85.66,83.87,84.71
2022-04-10 20:00:00,84.71,85.12,80.67,81.01
2022-04-11 00:00:00,81.0,81.54,78.13,79.21
2022-04-11 04:00:00,79.21,80.13,78.7,80.08
2022-04-11 08:00:00,80.08,80.31,75.0,75.85
2022-04-11 12:00:00,75.86,77.02,74.46,75.37
2022-04-11 16:00:00,75.34,76.52,73.55,74.11
2022-04-11 20:00:00,74.09,74.85,72.73,74.35
2022-04-12 00:00:00,74.35,75.96,73.88,75.08
2022-04-12 04:00:00,75.08,77.69,74.92,77.36
2022-04-12 08:00:00,77.38,78.73,76.8,78.64
2022-04-12 12:00:00,78.64,79.5,75.64,76.48
2022-04-12 16:00:00,76.48,77.42,74.27,74.33
2022-04-12 20:00:00,74.33,76.66,74.21,76.31
2022-04-13 00:00:00,76.32,77.78,76.12,76.95
2022-04-13 04:00:00,76.95,77.8,76.63,77.5
2022-04-13 08:00:00,77.5,78.05,76.35,76.48
2022-04-13 12:00:00,76.47,80.26,75.8,79.85
2022-04-13 16:00:00,79.86,80.48,78.81,80.15
2022-04-13 20:00:00,80.15,80.65,79.33,80.2
2022-04-14 00:00:00,80.2,81.6,79.72,81.08
2022-04-14 04:00:00,81.08,81.87,80.43,81.01
2022-04-14 08:00:00,81.01,81.43,78.92,79.23
2022-04-14 12:00:00,79.23,80.99,76.72,76.95
2022-04-14 16:00:00,76.94,77.42,76.16,76.75
2022-04-14 20:00:00,76.74,77.49,76.33,76.81
2022-04-15 00:00:00,76.8,78.37,76.62,78.35
2022-04-15 04:00:00,78.36,78.53,77.19,78.17
2022-04-15 08:00:00,78.18,78.42,77.43,78.11
2022-04-15 12:00:00,78.1,78.17,74.75,76.46
2022-04-15 16:00:00,76.46,77.17,76.04,76.75
2022-04-15 20:00:00,76.74,77.51,76.7,77.43
2022-04-16 00:00:00,77.44,77.59,76.5,76.59
2022-04-16 04:00:00,76.58,77.34,76.55,76.99
2022-04-16 08:00:00,76.99,77.8,76.71,77.35
2022-04-16 12:00:00,77.35,78.26,76.7,76.9
2022-04-16 16:00:00,76.9,77.57,76.72,77.33
2022-04-16 20:00:00,77.33,78.26,77.26,77.74
2022-04-17 00:00:00,77.74,77.87,76.83,77.22
2022-04-17 04:00:00,77.22,77.88,77.19,77.59
2022-04-17 08:00:00,77.58,78.1,77.55,77.75
2022-04-17 12:00:00,77.76,78.68,77.65,78.47
2022-04-17 16:00:00,78.48,78.67,77.05,77.72
2022-04-17 20:00:00,77.71,77.88,75.08,75.42
2022-04-18 00:00:00,75.41,76.41,75.2,75.82
2022-04-18 04:00:00,75.82,75.97,71.5,72.78
2022-04-18 08:00:00,72.78,73.64,72.33,73.07
2022-04-18 12:00:00,73.08,74.97,73.08,74.5
2022-04-18 16:00:00,74.5,77.06,73.61,76.33
2022-04-18 20:00:00,76.34,77.95,76.33,77.73
2022-04-19 00:00:00,77.73,78.46,76.8,76.92
2022-04-19 04:00:00,76.92,77.85,76.83,77.47
2022-04-19 08:00:00,77.47,78.83,77.19,78.15
2022-04-19 12:00:00,78.16,81.1,78.06,80.17
2022-04-19 16:00:00,80.17,80.45,78.74,79.64
2022-04-19 20:00:00,79.63,80.37,78.91,80.28
2022-04-20 00:00:00,80.27,80.41,78.86,79.7
2022-04-20 04:00:00,79.69,79.91,78.36,79.07
2022-04-20 08:00:00,79.07,81.09,78.93,81.09
2022-04-20 12:00:00,81.08,81.31,77.78,78.26
2022-04-20 16:00:00,78.27,78.93,77.46,78.02
2022-04-20 20:00:00,78.02,79.18,77.72,78.21
2022-04-21 00:00:00,78.22,79.16,78.12,78.93
2022-04-21 04:00:00,78.93,79.25,77.82,78.54
2022-04-21 08:00:00,78.55,79.9,77.95,79.43
2022-04-21 12:00:00,79.43,80.21,78.65,78.94
2022-04-21 16:00:00,78.94,79.11,76.12,76.19
2022-04-21 20:00:00,76.18,76.73,74.13,75.02
2022-04-22 00:00:00,75.01,76.31,74.59,75.88
2022-04-22 04:00:00,75.88,77.22,75.83,76.71
2022-04-22 08:00:00,76.72,76.78,75.02,75.89
2022-04-22 12:00:00,75.88,76.37,73.51,73.73
2022-04-22 16:00:00,73.74,74.96,73.33,74.23
2022-04-22 20:00:00,74.23,74.54,73.73,74.03
2022-04-23 00:00:00,74.04,74.42,73.47,73.81
2022-04-23 04:00:00,73.81,74.19,73.01,74.02
2022-04-23 08:00:00,74.02,74.4,73.69,73.9
2022-04-23 12:00:00,73.89,74.23,73.24,74.1
2022-04-23 16:00:00,74.1,74.31,73.25,73.56
2022-04-23 20:00:00,73.56,73.82,72.35,72.83
2022-04-24 00:00:00,72.84,73.48,72.78,73.25
2022-04-24 04:00:00,73.25,73.49,72.89,73.09
2022-04-24 08:00:00,73.1,73.19,72.59,72.72
2022-04-24 12:00:00,72.73,72.86,71.93,72.38
2022-04-24 16:00:00,72.38,72.65,71.0,72.45
2022-04-24 20:00:00,72.45,72.6,71.51,71.51
2022-04-25 00:00:00,71.5,71.72,69.5,70.43
2022-04-25 04:00:00,70.43,70.67,67.62,67.83
2022-04-25 08:00:00,67.83,69.27,67.36,69.27
2022-04-25 12:00:00,69.27,70.39,68.96,69.38
2022-04-25 16:00:00,69.37,71.95,69.25,71.83
2022-04-25 20:00:00,71.83,72.99,71.65,72.88
2022-04-26 00:00:00,72.9,73.18,71.73,72.03
2022-04-26 04:00:00,72.04,72.81,71.77,72.15
2022-04-26 08:00:00,72.16,72.65,71.14,71.42
2022-04-26 12:00:00,71.42,71.8,67.86,68.13
2022-04-26 16:00:00,68.13,69.48,67.71,68.3
2022-04-26 20:00:00,68.3,69.76,67.5,68.7
2022-04-27 00:00:00,68.7,70.14,68.32,69.26
2022-04-27 04:00:00,69.27,70.76,68.95,70.76
2022-04-27 08:00:00,70.76,70.96,69.48,70.28
2022-04-27 12:00:00,70.28,71.98,69.8,70.47
2022-04-27 16:00:00,70.48,70.73,68.58,68.83
2022-04-27 20:00:00,68.83,70.0,68.77,69.86
2022-04-28 00:00:00,69.86,70.3,69.27,69.39
2022-04-28 04:00:00,69.39,70.09,69.05,69.72
2022-04-28 08:00:00,69.7,70.76,69.68,70.14
2022-04-28 12:00:00,70.14,70.39,67.25,67.76
2022-04-28 16:00:00,67.76,68.55,67.21,67.77
2022-04-28 20:00:00,67.78,68.24,66.65,67.26
2022-04-29 00:00:00,67.26,67.75,66.25,66.71
2022-04-29 04:00:00,66.73,67.99,66.21,67.71
2022-04-29 08:00:00,67.72,67.84,65.23,65.77
2022-04-29 12:00:00,65.78,66.54,65.04,65.45
2022-04-29 16:00:00,65.45,65.71,62.2,62.64
2022-04-29 20:00:00,62.63,63.81,62.6,63.4
2022-04-30 00:00:00,63.4,64.65,63.31,63.85
2022-04-30 04:00:00,63.87,64.48,63.22,63.29
2022-04-30 08:00:00,63.29,63.46,62.55,62.91
2022-04-30 12:00:00,62.91,63.0,60.08,60.42
2022-04-30 16:00:00,60.42,60.82,58.66,59.66
2022-04-30 20:00:00,59.66,59.74,55.05,56.98
2022-05-01 00:00:00,56.98,58.86,56.27,58.68
2022-05-01 04:00:00,58.69,60.15,57.77,58.45
2022-05-01 08:00:00,58.47,59.79,58.26,58.44
2022-05-01 12:00:00,58.45,60.48,57.61,60.42
2022-05-01 16:00:00,60.43,61.14,56.85,57.61
2022-05-01 20:00:00,57.6,59.45,57.4,58.77
2022-05-02 00:00:00,58.74,60.36,58.5,58.77
2022-05-02 04:00:00,58.76,60.63,58.65,59.44
2022-05-02 08:00:00,59.45,59.73,56.74,57.0
2022-05-02 12:00:00,57.0,61.65,56.76,61.36
2022-05-02 16:00:00,61.37,62.46,59.44,59.71
2022-05-02 20:00:00,59.71,61.25,59.07,60.34
2022-05-03 00:00:00,60.34,61.87,59.9,61.63
2022-05-03 04:00:00,61.63,62.55,60.82,61.21
2022-05-03 08:00:00,61.2,61.85,60.34,61.36
2022-05-03 12:00:00,61.36,61.59,60.21,60.44
2022-05-03 16:00:00,60.43,60.67,58.12,58.61
2022-05-03 20:00:00,58.61,60.07,58.15,59.63
2022-05-04 00:00:00,59.63,60.75,59.3,60.05
2022-05-04 04:00:00,60.06,61.16,59.31,61.1
2022-05-04 08:00:00,61.1,62.26,60.82,61.78
2022-05-04 12:00:00,61.78,61.97,60.2,60.7
2022-05-04 16:00:00,60.7,67.64,60.56,67.28
2022-05-04 20:00:00,67.29,67.43,66.04,67.27
2022-05-05 00:00:00,67.28,69.52,66.79,68.59
2022-05-05 04:00:00,68.58,68.78,66.73,67.14
2022-05-05 08:00:00,67.16,67.31,65.31,65.63
2022-05-05 12:00:00,65.64,66.35,57.64,58.4
2022-05-05 16:00:00,58.38,59.27,56.51,58.52
2022-05-05 20:00:00,58.52,59.88,57.94,59.04
2022-05-06 00:00:00,59.04,59.4,57.87,58.39
2022-05-06 04:00:00,58.39,59.15,56.88,57.74
2022-05-06 08:00:00,57.74,58.22,56.05,56.5
2022-05-06 12:00:00,56.49,58.13,55.0,56.76
2022-05-06 16:00:00,56.76,57.64,56.28,57.23
2022-05-06 20:00:00,57.24,57.63,56.45,57.0
2022-05-07 00:00:00,57.0,57.31,55.88,55.99
2022-05-07 04:00:00,56.0,56.26,55.16,56.1
2022-05-07 08:00:00,56.1,57.09,56.05,56.69
2022-05-07 12:00:00,56.68,57.36,56.3,57.21
2022-05-07 16:00:00,57.21,57.53,56.88,56.94
2022-05-07 20:00:00,56.92,56.95,53.24,55.04
2022-05-08 00:00:00,55.05,55.47,52.37,53.45
2022-05-08 04:00:00,53.45,54.79,53.27,53.89
2022-05-08 08:00:00,53.89,54.7,53.03,54.06
2022-05-08 12:00:00,54.06,54.23,51.44,52.0
2022-05-08 16:00:00,52.01,53.22,50.63,52.79
2022-05-08 20:00:00,52.8,52.91,51.1,51.62
2022-05-09 00:00:00,51.62,53.06,50.0,50.84
2022-05-09 04:00:00,50.85,51.93,49.91,50.25
2022-05-09 08:00:00,50.26,51.12,47.35,49.42
2022-05-09 12:00:00,49.42,50.46,46.73,47.38
2022-05-09 16:00:00,47.39,47.99,42.18,43.97
2022-05-09 20:00:00,43.98,46.52,41.15,41.2
2022-05-10 00:00:00,41.2,43.85,40.0,42.03
2022-05-10 04:00:00,42.03,49.03,41.82,46.22
2022-05-10 08:00:00,46.22,48.29,46.16,47.96
2022-05-10 12:00:00,47.96,50.32,45.52,47.35
2022-05-10 16:00:00,47.36,48.65,45.56,45.75
2022-05-10 20:00:00,45.75,45.99,42.25,44.58
2022-05-11 00:00:00,44.58,46.25,43.33,43.61
2022-05-11 04:00:00,43.61,44.13,32.5,36.55
2022-05-11 08:00:00,36.53,41.49,35.85,37.6
2022-05-11 12:00:00,37.61,40.02,26.11,34.39
2022-05-11 16:00:00,34.39,34.92,29.91,30.56
2022-05-11 20:00:00,30.57,32.18,27.51,31.17
2022-05-12 00:00:00,31.17,33.58,28.63,28.7
2022-05-12 04:00:00,28.71,29.67,23.51,28.28
2022-05-12 08:00:00,28.29,29.96,27.2,28.26
2022-05-12 12:00:00,28.26,33.94,27.68,30.67
2022-05-12 16:00:00,30.66,33.23,29.46,30.33
2022-05-12 20:00:00,30.34,30.99,28.24,30.32
2022-05-13 00:00:00,30.31,34.5,29.55,33.6
2022-05-13 04:00:00,33.59,36.0,32.99,33.54
2022-05-13 08:00:00,33.54,36.33,33.53,36.3
2022-05-13 12:00:00,36.3,37.99,34.65,35.52
2022-05-13 16:00:00,35.53,36.13,32.87,33.38
2022-05-13 20:00:00,33.4,34.71,31.68,32.21
2022-05-14 00:00:00,32.2,33.49,32.0,32.61
2022-05-14 04:00:00,32.61,32.79,31.21,31.74
2022-05-14 08:00:00,31.73,33.25,30.18,30.61
2022-05-14 12:00:00,30.61,31.0,29.27,29.72
2022-05-14 16:00:00,29.71,32.53,29.38,31.27
2022-05-14 20:00:00,31.27,34.32,31.19,33.93
2022-05-15 00:00:00,33.93,34.44,31.87,32.41
2022-05-15 04:00:00,32.42,34.24,31.96,33.34
2022-05-15 08:00:00,33.35,35.24,32.87,34.81
2022-05-15 12:00:00,34.81,35.33,33.79,34.44
2022-05-15 16:00:00,34.44,35.49,34.24,35.11
2022-05-15 20:00:00,35.09,37.07,34.92,36.57
2022-05-16 00:00:00,36.56,36.56,33.96,34.2
2022-05-16 04:00:00,34.21,34.59,32.4,33.33
2022-05-16 08:00:00,33.33,34.12,31.4,32.8
2022-05-16 12:00:00,32.8,33.94,32.07,32.68
2022-05-16 16:00:00,32.7,33.52,32.0,32.9
2022-05-16 20:00:00,32.89,34.06,32.37,32.56
2022-05-17 00:00:00,32.56,34.52,32.49,34.22
2022-05-17 04:00:00,34.21,34.81,33.34,33.83
2022-05-17 08:00:00,33.84,34.75,33.8,34.15
2022-05-17 12:00:00,34.15,35.77,33.28,33.45
2022-05-17 16:00:00,33.46,34.0,32.2,33.36
2022-05-17 20:00:00,33.36,34.71,33.11,34.39
2022-05-18 00:00:00,34.4,35.16,33.19,33.29
2022-05-18 04:00:00,33.28,34.01,33.11,33.56
2022-05-18 08:00:00,33.56,33.63,32.85,33.11
2022-05-18 12:00:00,33.12,33.26,30.23,30.5
2022-05-18 16:00:00,30.49,31.3,30.02,31.04
2022-05-18 20:00:00,31.03,31.06,29.37,29.58
2022-05-19 00:00:00,29.59,30.08,28.51,29.8
2022-05-19 04:00:00,29.8,30.08,28.73,29.43
2022-05-19 08:00:00,29.43,29.46,27.51,29.27
2022-05-19 12:00:00,29.27,31.89,28.68,31.17
2022-05-19 16:00:00,31.16,31.28,29.58,29.6
2022-05-19 20:00:00,29.6,30.6,28.93,30.39
2022-05-20 00:00:00,30.39,31.5,29.66,29.71
2022-05-20 04:00:00,29.72,30.5,29.32,30.04
2022-05-20 08:00:00,30.04,31.93,29.94,31.35
2022-05-20 12:00:00,31.36,31.75,28.56,28.72
2022-05-20 16:00:00,28.72,29.5,27.83,29.41
2022-05-20 20:00:00,29.4,29.48,28.74,28.8
2022-05-21 00:00:00,28.8,29.54,28.19,29.47
2022-05-21 04:00:00,29.48,29.81,28.96,29.5
2022-05-21 08:00:00,29.51,29.72,28.79,29.1
2022-05-21 12:00:00,29.11,30.03,28.6,29.96
2022-05-21 16:00:00,29.97,30.61,29.46,29.59
2022-05-21 20:00:00,29.6,30.1,29.16,29.89
2022-05-22 00:00:00,29.89,30.3,29.3,29.7
2022-05-22 04:00:00,29.69,30.0,29.01,29.61
2022-05-22 08:00:00,29.62,30.93,29.54,30.18
2022-05-22 12:00:00,30.17,32.7,30.16,31.48
2022-05-22 16:00:00,31.48,31.88,30.9,31.05
2022-05-22 20:00:00,31.05,32.49,30.83,31.71
2022-05-23 00:00:00,31.71,32.24,30.85,31.23
2022-05-23 04:00:00,31.23,32.5,30.93,32.09
2022-05-23 08:00:00,32.09,32.57,31.34,32.2
2022-05-23 12:00:00,32.2,32.53,30.97,31.94
2022-05-23 16:00:00,31.93,33.08,29.85,29.89
2022-05-23 20:00:00,29.89,30.55,28.54,29.06
2022-05-24 00:00:00,29.06,29.56,28.84,29.23
2022-05-24 04:00:00,29.24,29.66,29.05,29.29
2022-05-24 08:00:00,29.29,29.3,28.18,28.61
2022-05-24 12:00:00,28.6,29.04,26.87,28.8
2022-05-24 16:00:00,28.81,29.04,27.87,28.49
2022-05-24 20:00:00,28.48,29.46,28.37,29.08
2022-05-25 00:00:00,29.07,29.68,28.55,29.52
2022-05-25 04:00:00,29.52,29.53,28.21,28.38
2022-05-25 08:00:00,28.39,28.78,27.59,27.76
2022-05-25 12:00:00,27.75,28.61,27.64,27.95
2022-05-25 16:00:00,27.96,28.06,27.11,27.36
2022-05-25 20:00:00,27.36,27.8,27.15,27.25
2022-05-26 00:00:00,27.25,28.03,27.16,27.63
2022-05-26 04:00:00,27.64,27.65,25.27,25.59
2022-05-26 08:00:00,25.59,25.63,23.36,24.19
2022-05-26 12:00:00,24.18,25.27,22.84,24.86
2022-05-26 16:00:00,24.87,25.66,24.04,24.09
2022-05-26 20:00:00,24.08,24.62,23.36,23.43
2022-05-27 00:00:00,23.42,23.7,21.91,22.87
2022-05-27 04:00:00,22.87,23.22,21.67,22.52
2022-05-27 08:00:00,22.51,22.73,21.44,22.34
2022-05-27 12:00:00,22.33,23.88,22.11,22.94
2022-05-27 16:00:00,22.93,23.15,21.35,22.14
2022-05-27 20:00:00,22.14,23.83,22.0,22.58
2022-05-28 00:00:00,22.57,23.69,22.17,22.79
2022-05-28 04:00:00,22.79,23.57,22.62,22.99
2022-05-28 08:00:00,23.01,23.07,22.31,22.7
2022-05-28 12:00:00,22.7,25.0,22.45,24.58
2022-05-28 16:00:00,24.58,25.73,23.98,25.44
2022-05-28 20:00:00,25.45,25.52,24.66,24.76
2022-05-29 00:00:00,24.76,25.0,23.72,24.29
2022-05-29 04:00:00,24.3,24.87,23.91,24.73
2022-05-29 08:00:00,24.72,26.39,24.65,26.06
2022-05-29 12:00:00,26.07,27.0,25.93,26.07
2022-05-29 16:00:00,26.09,26.3,25.24,25.32
2022-05-29 20:00:00,25.31,26.41,25.28,26.16
2022-05-30 00:00:00,26.16,27.64,25.32,27.03
2022-05-30 04:00:00,27.03,28.48,26.6,27.97
2022-05-30 08:00:00,27.97,28.14,26.53,26.86
2022-05-30 12:00:00,26.85,27.28,26.14,26.95
2022-05-30 16:00:00,26.95,27.45,26.67,26.84
2022-05-30 20:00:00,26.84,28.36,26.72,27.71
2022-05-31 00:00:00,27.71,29.11,27.55,28.42
2022-05-31 04:00:00,28.41,28.46,26.41,27.09
2022-05-31 08:00:00,27.08,27.38,26.48,27.19
2022-05-31 12:00:00,27.19,27.27,25.55,27.04
2022-05-31 16:00:00,27.03,27.39,25.93,26.1
2022-05-31 20:00:00,26.1,26.8,26.05,26.42
2022-06-01 00:00:00,26.43,27.03,25.68,25.88
2022-06-01 04:00:00,25.87,26.0,25.3,25.54
2022-06-01 08:00:00,25.55,26.11,25.43,25.72
2022-06-01 12:00:00,25.72,26.8,24.66,24.71
2022-06-01 16:00:00,24.72,25.0,23.98,24.29
2022-06-01 20:00:00,24.28,24.33,23.2,23.68
2022-06-02 00:00:00,23.68,23.69,22.5,22.85
2022-06-02 04:00:00,22.85,23.75,22.78,23.64
2022-06-02 08:00:00,23.63,24.14,23.3,24.06
2022-06-02 12:00:00,24.06,24.55,23.22,24.3
2022-06-02 16:00:00,24.3,24.7,23.98,24.29
2022-06-02 20:00:00,24.29,24.9,24.19,24.63
2022-06-03 00:00:00,24.64,24.7,24.03,24.14
2022-06-03 04:00:00,24.14,24.27,23.72,23.95
2022-06-03 08:00:00,23.96,24.07,22.59,22.76
2022-06-03 12:00:00,22.76,23.06,22.5,22.79
2022-06-03 16:00:00,22.79,23.2,22.69,22.83
2022-06-03 20:00:00,22.83,23.42,22.79,23.0
2022-06-04 00:00:00,23.0,23.15,22.14,22.38
2022-06-04 04:00:00,22.37,23.27,22.34,23.21
2022-06-04 08:00:00,23.21,23.43,22.99,23.05
2022-06-04 12:00:00,23.06,23.64,22.68,23.37
2022-06-04 16:00:00,23.36,23.5,23.09,23.16
2022-06-04 20:00:00,23.16,24.67,23.13,24.57
2022-06-05 00:00:00,24.58,24.62,23.94,24.27
2022-06-05 04:00:00,24.28,25.13,23.93,24.74
2022-06-05 08:00:00,24.74,25.2,24.35,24.53
2022-06-05 12:00:00,24.53,24.65,24.05,24.65
2022-06-05 16:00:00,24.65,24.95,24.28,24.76
2022-06-05 20:00:00,24.76,25.1,24.12,24.18
2022-06-06 00:00:00,24.18,26.54,24.05,26.49
2022-06-06 04:00:00,26.48,27.79,26.32,27.21
2022-06-06 08:00:00,27.21,27.69,26.85,26.93
2022-06-06 12:00:00,26.94,27.22,26.08,26.59
2022-06-06 16:00:00,26.59,26.61,25.51,26.01
2022-06-06 20:00:00,26.02,26.26,25.18,25.99
2022-06-07 00:00:00,26.0,26.21,23.12,23.95
2022-06-07 04:00:00,23.95,24.02,23.48,23.95
2022-06-07 08:00:00,23.95,24.22,23.36,23.64
2022-06-07 12:00:00,23.65,24.64,23.41,24.34
2022-06-07 16:00:00,24.34,25.69,24.07,25.17
2022-06-07 20:00:00,25.16,25.88,24.13,24.6
2022-06-08 00:00:00,24.6,25.45,23.72,23.95
2022-06-08 04:00:00,23.95,24.63,23.83,24.51
2022-06-08 08:00:00,24.51,24.84,24.31,24.54
2022-06-08 12:00:00,24.54,25.07,24.07,24.61
2022-06-08 16:00:00,24.61,24.73,23.85,24.11
2022-06-08 20:00:00,24.11,24.75,24.05,24.5
2022-06-09 00:00:00,24.51,24.6,23.72,24.07
2022-06-09 04:00:00,24.07,24.66,23.97,24.64
2022-06-09 08:00:00,24.64,25.28,24.48,24.66
2022-06-09 12:00:00,24.65,25.03,24.47,24.79
2022-06-09 16:00:00,24.77,25.38,24.17,24.26
2022-06-09 20:00:00,24.27,24.54,24.1,24.41
2022-06-10 00:00:00,24.42,24.87,23.81,24.61
2022-06-10 04:00:00,24.62,24.75,24.27,24.28
2022-06-10 08:00:00,24.29,24.4,23.69,24.0
2022-06-10 12:00:00,24.0,24.16,22.68,22.96
2022-06-10 16:00:00,22.96,23.02,22.26,22.41
2022-06-10 20:00:00,22.42,22.69,21.91,22.08
2022-06-11 00:00:00,22.07,22.59,22.0,22.5
2022-06-11 04:00:00,22.51,23.02,22.41,22.93
2022-06-11 08:00:00,22.93,23.0,21.11,21.37
2022-06-11 12:00:00,21.36,21.57,19.78,20.05
2022-06-11 16:00:00,20.05,20.7,19.67,20.35
2022-06-11 20:00:00,20.36,20.58,19.68,19.9
2022-06-12 00:00:00,19.91,20.16,18.28,18.53
2022-06-12 04:00:00,18.54,18.93,17.96,18.85
2022-06-12 08:00:00,18.85,19.16,18.11,18.39
2022-06-12 12:00:00,18.39,19.34,17.53,19.01
2022-06-12 16:00:00,19.01,19.24,18.4,18.51
2022-06-12 20:00:00,18.5,18.72,17.21,17.29
2022-06-13 00:00:00,17.29,17.5,15.64,16.4
2022-06-13 04:00:00,16.39,17.15,15.44,15.63
2022-06-13 08:00:00,15.64,15.73,14.58,14.99
2022-06-13 12:00:00,14.99,16.01,14.66,15.82
2022-06-13 16:00:00,15.82,16.91,15.6,16.14
2022-06-13 20:00:00,16.13,17.11,15.33,16.11
2022-06-14 00:00:00,16.11,16.6,14.67,16.32
2022-06-14 04:00:00,16.31,17.3,15.81,17.13
2022-06-14 08:00:00,17.12,17.16,15.99,16.26
2022-06-14 12:00:00,16.26,17.0,15.79,16.7
2022-06-14 16:00:00,16.69,16.84,15.98,16.13
2022-06-14 20:00:00,16.13,16.78,15.57,16.55
2022-06-15 00:00:00,16.55,16.79,15.7,15.72
2022-06-15 04:00:00,15.71,15.74,15.03,15.22
2022-06-15 08:00:00,15.21,15.81,14.55,15.65
2022-06-15 12:00:00,15.66,16.34,15.51,15.86
2022-06-15 16:00:00,15.86,17.76,14.86,17.04
2022-06-15 20:00:00,17.04,18.48,16.87,18.31
2022-06-16 00:00:00,18.31,18.72,17.67,17.72
2022-06-16 04:00:00,17.71,17.99,16.88,16.91
2022-06-16 08:00:00,16.91,17.17,16.0,16.27
2022-06-16 12:00:00,16.26,16.8,15.77,16.3
2022-06-16 16:00:00,16.3,16.86,16.02,16.11
2022-06-16 20:00:00,16.1,16.45,15.5,15.79
2022-06-17 00:00:00,15.8,16.5,15.5,15.91
2022-06-17 04:00:00,15.92,16.74,15.85,16.36
2022-06-17 08:00:00,16.37,16.55,16.11,16.28
2022-06-17 12:00:00,16.28,16.42,15.88,16.1
2022-06-17 16:00:00,16.1,16.21,15.8,16.08
2022-06-17 20:00:00,16.09,16.3,15.93,15.99
2022-06-18 00:00:00,16.0,16.3,15.65,15.78
2022-06-18 04:00:00,15.79,15.98,14.86,15.0
2022-06-18 08:00:00,15.0,15.39,14.5,15.15
2022-06-18 12:00:00,15.16,15.21,14.88,14.95
2022-06-18 16:00:00,14.95,15.19,14.18,14.22
2022-06-18 20:00:00,14.22,15.11,13.78,14.83
2022-06-19 00:00:00,14.83,15.05,14.13,14.18
2022-06-19 04:00:00,14.18,14.4,13.71,14.06
2022-06-19 08:00:00,14.07,15.37,14.0,15.22
2022-06-19 12:00:00,15.23,15.55,14.81,15.45
2022-06-19 16:00:00,15.46,15.91,15.01,15.6
2022-06-19 20:00:00,15.6,16.42,15.58,16.16
2022-06-20 00:00:00,16.17,16.28,15.36,15.62
2022-06-20 04:00:00,15.62,15.84,15.32,15.75
2022-06-20 08:00:00,15.76,17.87,15.72,17.67
2022-06-20 12:00:00,17.67,17.7,16.99,17.38
2022-06-20 16:00:00,17.38,17.45,16.62,16.76
2022-06-20 20:00:00,16.76,17.29,16.53,17.1
2022-06-21 00:00:00,17.1,17.38,16.62,17.09
2022-06-21 04:00:00,17.08,17.86,16.83,17.45
2022-06-21 08:00:00,17.46,18.2,17.38,17.53
2022-06-21 12:00:00,17.54,18.49,17.52,18.01
2022-06-21 16:00:00,18.01,18.13,16.86,16.91
2022-06-21 20:00:00,16.91,17.35,16.65,16.9
2022-06-22 00:00:00,16.91,16.92,16.09,16.17
2022-06-22 04:00:00,16.17,16.7,16.01,16.06
2022-06-22 08:00:00,16.05,16.98,15.97,16.74
2022-06-22 12:00:00,16.74,17.41,16.5,16.56
2022-06-22 16:00:00,16.56,16.75,16.22,16.39
2022-06-22 20:00:00,16.38,16.51,16.04,16.09
2022-06-23 00:00:00,16.08,17.0,16.03,16.64
2022-06-23 04:00:00,16.63,17.68,16.61,17.36
2022-06-23 08:00:00,17.35,18.13,17.22,17.77
2022-06-23 12:00:00,17.76,18.04,17.1,17.4
2022-06-23 16:00:00,17.4,17.95,17.1,17.89
2022-06-23 20:00:00,17.9,18.4,17.7,18.29
2022-06-24 00:00:00,18.29,20.0,17.98,19.54
2022-06-24 04:00:00,19.55,19.9,18.97,19.25
2022-06-24 08:00:00,19.25,19.84,19.03,19.59
2022-06-24 12:00:00,19.59,20.06,19.01,19.24
2022-06-24 16:00:00,19.24,19.5,18.8,19.47
2022-06-24 20:00:00,19.48,20.95,19.45,20.47
2022-06-25 00:00:00,20.47,21.68,20.28,21.09
2022-06-25 04:00:00,21.09,21.46,20.82,21.38
2022-06-25 08:00:00,21.38,21.5,20.63,20.68
2022-06-25 12:00:00,20.67,20.81,19.86,19.92
2022-06-25 16:00:00,19.91,20.71,19.87,20.36
2022-06-25 20:00:00,20.36,21.54,20.23,21.36
2022-06-26 00:00:00,21.37,22.05,20.85,21.03
2022-06-26 04:00:00,21.04,21.41,20.78,21.05
2022-06-26 08:00:00,21.05,21.59,20.96,21.46
2022-06-26 12:00:00,21.45,21.72,20.68,20.97
2022-06-26 16:00:00,20.97,21.0,20.09,20.4
2022-06-26 20:00:00,20.4,20.83,19.6,19.73
2022-06-27 00:00:00,19.73,20.27,19.67,20.17
2022-06-27 04:00:00,20.17,21.0,20.07,20.85
2022-06-27 08:00:00,20.85,21.39,20.85,20.87
2022-06-27 12:00:00,20.88,20.97,19.72,19.97
2022-06-27 16:00:00,19.97,20.09,19.18,19.29
2022-06-27 20:00:00,19.3,19.71,19.24,19.32
2022-06-28 00:00:00,19.33,19.85,18.72,19.13
2022-06-28 04:00:00,19.13,19.76,18.98,19.6
2022-06-28 08:00:00,19.61,20.16,19.45,19.58
2022-06-28 12:00:00,19.58,20.53,19.15,19.16
2022-06-28 16:00:00,19.16,19.41,18.52,18.78
2022-06-28 20:00:00,18.78,18.9,17.99,18.12
2022-06-29 00:00:00,18.11,18.68,18.03,18.39
2022-06-29 04:00:00,18.38,18.64,17.8,18.3
2022-06-29 08:00:00,18.31,18.47,17.51,17.77
2022-06-29 12:00:00,17.77,17.9,17.28,17.68
2022-06-29 16:00:00,17.67,17.93,17.18,17.87
2022-06-29 20:00:00,17.87,18.32,17.47,17.79
2022-06-30 00:00:00,17.79,17.81,17.03,17.33
2022-06-30 04:00:00,17.33,17.44,16.36,16.51
2022-06-30 08:00:00,16.5,16.51,15.87,16.12
2022-06-30 12:00:00,16.11,16.57,15.79,16.41
2022-06-30 16:00:00,16.42,16.66,16.04,16.27
2022-06-30 20:00:00,16.26,17.15,15.96,16.99
2022-07-01 00:00:00,16.98,17.68,16.69,16.7
2022-07-01 04:00:00,16.69,16.76,15.81,16.39
2022-07-01 08:00:00,16.39,16.61,15.8,16.02
2022-07-01 12:00:00,16.02,16.42,15.86,15.97
2022-07-01 16:00:00,15.98,16.53,15.91,16.48
2022-07-01 20:00:00,16.48,16.67,16.03,16.12
2022-07-02 00:00:00,16.12,16.33,15.96,16.0
2022-07-02 04:00:00,16.0,16.5,15.97,16.2
2022-07-02 08:00:00,16.21,16.39,16.0,16.27
2022-07-02 12:00:00,16.27,16.5,16.14,16.25
2022-07-02 16:00:00,16.26,16.59,16.16,16.41
2022-07-02 20:00:00,16.4,16.61,16.29,16.33
2022-07-03 00:00:00,16.33,16.47,16.1,16.3
2022-07-03 04:00:00,16.3,16.6,15.98,16.12
2022-07-03 08:00:00,16.12,16.18,15.97,16.11
2022-07-03 12:00:00,16.1,16.18,15.83,15.93
2022-07-03 16:00:00,15.93,16.56,15.91,16.47
2022-07-03 20:00:00,16.47,16.9,16.4,16.65
2022-07-04 00:00:00,16.65,16.85,16.31,16.35
2022-07-04 04:00:00,16.34,17.12,16.33,16.65
2022-07-04 08:00:00,16.66,17.27,16.63,17.23
2022-07-04 12:00:00,17.24,17.68,16.99,17.29
2022-07-04 16:00:00,17.29,17.63,17.14,17.44
2022-07-04 20:00:00,17.43,18.06,17.34,17.92
2022-07-05 00:00:00,17.92,18.15,17.61,17.89
2022-07-05 04:00:00,17.89,18.25,17.66,17.93
2022-07-05 08:00:00,17.93,17.94,16.92,17.01
2022-07-05 12:00:00,17.01,17.09,16.66,17.01
2022-07-05 16:00:00,17.01,17.98,16.74,17.81
2022-07-05 20:00:00,17.81,18.65,17.73,18.03
2022-07-06 00:00:00,18.03,18.44,17.79,18.1
2022-07-06 04:00:00,18.1,18.8,18.03,18.59
2022-07-06 08:00:00,18.58,18.95,18.26,18.29
2022-07-06 12:00:00,18.29,18.6,18.12,18.39
2022-07-06 16:00:00,18.39,19.38,18.34,18.96
2022-07-06 20:00:00,18.97,19.47,18.79,19.17
2022-07-07 00:00:00,19.17,19.62,19.03,19.42
2022-07-07 04:00:00,19.42,19.43,18.86,19.32
2022-07-07 08:00:00,19.33,19.63,19.25,19.45
2022-07-07 12:00:00,19.46,20.1,19.08,19.85
2022-07-07 16:00:00,19.85,20.6,19.81,20.47
2022-07-07 20:00:00,20.47,20.49,20.01,20.18
2022-07-08 00:00:00,20.18,21.12,19.91,20.74
2022-07-08 04:00:00,20.74,20.87,19.83,20.1
2022-07-08 08:00:00,20.11,20.21,19.45,19.77
2022-07-08 12:00:00,19.77,20.45,19.42,20.33
2022-07-08 16:00:00,20.33,20.45,19.88,20.1
2022-07-08 20:00:00,20.09,20.33,19.67,19.72
2022-07-09 00:00:00,19.72,20.15,19.49,19.78
2022-07-09 04:00:00,19.78,20.11,19.7,20.03
2022-07-09 08:00:00,20.03,20.21,19.74,19.82
2022-07-09 12:00:00,19.81,19.99,19.71,19.87
2022-07-09 16:00:00,19.86,20.27,19.83,20.05
2022-07-09 20:00:00,20.04,20.17,19.85,19.89
2022-07-10 00:00:00,19.9,19.99,19.25,19.44
2022-07-10 04:00:00,19.44,19.73,19.29,19.63
2022-07-10 08:00:00,19.63,19.66,19.06,19.19
2022-07-10 12:00:00,19.2,19.31,18.85,18.95
2022-07-10 16:00:00,18.96,19.26,18.76,19.25
2022-07-10 20:00:00,19.25,19.43,19.01,19.16
2022-07-11 00:00:00,19.17,19.17,18.54,18.67
2022-07-11 04:00:00,18.66,18.7,18.17,18.37
2022-07-11 08:00:00,18.37,18.77,18.33,18.39
2022-07-11 12:00:00,18.38,18.65,18.1,18.28
2022-07-11 16:00:00,18.29,18.52,18.23,18.33
2022-07-11 20:00:00,18.33,18.38,17.32,17.35
2022-07-12 00:00:00,17.34,17.68,17.24,17.51
2022-07-12 04:00:00,17.52,17.81,17.26,17.44
2022-07-12 08:00:00,17.44,17.82,17.32,17.68
2022-07-12 12:00:00,17.69,18.05,17.56,17.87
2022-07-12 16:00:00,17.88,18.07,17.02,17.14
2022-07-12 20:00:00,17.14,17.39,16.71,16.75
2022-07-13 00:00:00,16.75,17.16,16.7,16.99
2022-07-13 04:00:00,16.98,17.42,16.92,17.41
2022-07-13 08:00:00,17.42,17.64,17.34,17.58
2022-07-13 12:00:00,17.58,17.84,16.37,17.41
2022-07-13 16:00:00,17.41,18.26,17.3,17.91
2022-07-13 20:00:00,17.91,18.92,17.74,18.83
2022-07-14 00:00:00,18.82,18.97,18.5,18.79
2022-07-14 04:00:00,18.79,19.05,18.36,18.41
2022-07-14 08:00:00,18.42,18.47,17.86,17.94
2022-07-14 12:00:00,17.95,18.84,17.78,18.71
2022-07-14 16:00:00,18.71,19.98,18.61,19.69
2022-07-14 20:00:00,19.69,19.84,19.44,19.76
2022-07-15 00:00:00,19.76,20.28,19.47,19.86
2022-07-15 04:00:00,19.85,20.04,19.61,19.86
2022-07-15 08:00:00,19.85,20.22,19.76,19.77
2022-07-15 12:00:00,19.77,20.12,19.24,19.26
2022-07-15 16:00:00,19.26,19.95,19.09,19.92
2022-07-15 20:00:00,19.91,20.1,19.3,19.35
2022-07-16 00:00:00,19.36,19.51,19.1,19.31
2022-07-16 04:00:00,19.31,19.34,18.67,18.77
2022-07-16 08:00:00,18.77,19.19,18.73,19.07
2022-07-16 12:00:00,19.06,20.23,19.0,20.18
2022-07-16 16:00:00,20.17,21.5,20.16,20.98
2022-07-16 20:00:00,20.99,21.45,20.78,21.25
2022-07-17 00:00:00,21.25,21.64,20.81,21.16
2022-07-17 04:00:00,21.16,22.12,21.1,21.64
2022-07-17 08:00:00,21.65,21.78,21.16,21.53
2022-07-17 12:00:00,21.53,21.62,21.1,21.23
2022-07-17 16:00:00,21.23,21.57,20.7,21.05
2022-07-17 20:00:00,21.05,21.22,20.57,20.63
2022-07-18 00:00:00,20.62,21.99,20.59,21.89
2022-07-18 04:00:00,21.88,24.08,21.66,23.8
2022-07-18 08:00:00,23.8,24.33,23.4,23.6
2022-07-18 12:00:00,23.61,24.14,23.28,24.05
2022-07-18 16:00:00,24.05,24.11,22.22,22.49
2022-07-18 20:00:00,22.5,24.29,22.34,23.95
2022-07-19 00:00:00,23.95,24.78,23.18,23.35
2022-07-19 04:00:00,23.35,23.84,23.03,23.26
2022-07-19 08:00:00,23.25,24.4,23.15,24.11
2022-07-19 12:00:00,24.11,25.37,24.0,25.32
2022-07-19 16:00:00,25.32,26.29,24.8,24.96
2022-07-19 20:00:00,24.95,25.45,24.47,24.72
2022-07-20 00:00:00,24.71,25.47,24.47,25.33
2022-07-20 04:00:00,25.33,25.99,24.94,24.95
2022-07-20 08:00:00,24.95,25.64,24.56,25.25
2022-07-20 12:00:00,25.25,26.38,24.9,25.48
2022-07-20 16:00:00,25.48,25.56,24.17,24.28
2022-07-20 20:00:00,24.28,24.52,23.35,23.59
2022-07-21 00:00:00,23.59,24.06,22.77,22.86
2022-07-21 04:00:00,22.86,23.74,22.64,23.5
2022-07-21 08:00:00,23.5,23.91,23.27,23.72
2022-07-21 12:00:00,23.72,24.37,23.58,24.13
2022-07-21 16:00:00,24.12,25.46,24.09,25.3
2022-07-21 20:00:00,25.29,25.45,24.69,24.99
2022-07-22 00:00:00,24.99,25.41,24.52,24.86
2022-07-22 04:00:00,24.85,25.27,24.57,25.16
2022-07-22 08:00:00,25.16,25.5,24.91,25.46
2022-07-22 12:00:00,25.45,25.55,24.09,24.25
2022-07-22 16:00:00,24.25,24.57,23.63,23.73
2022-07-22 20:00:00,23.73,23.96,23.59,23.63
2022-07-23 00:00:00,23.64,24.23,23.31,24.08
2022-07-23 04:00:00,24.1,24.66,24.07,24.41
2022-07-23 08:00:00,24.41,24.65,23.35,23.38
2022-07-23 12:00:00,23.38,23.71,23.18,23.57
2022-07-23 16:00:00,23.57,23.66,22.83,23.23
2022-07-23 20:00:00,23.23,23.79,23.08,23.6
2022-07-24 00:00:00,23.59,23.93,23.3,23.33
2022-07-24 04:00:00,23.33,24.23,23.23,24.02
2022-07-24 08:00:00,24.02,24.26,23.75,24.06
2022-07-24 12:00:00,24.06,24.13,23.64,24.05
2022-07-24 16:00:00,24.06,24.1,23.78,23.94
2022-07-24 20:00:00,23.93,24.47,23.71,23.79
2022-07-25 00:00:00,23.79,23.85,21.82,21.99
2022-07-25 04:00:00,21.99,22.46,21.84,22.14
2022-07-25 08:00:00,22.13,22.39,21.93,22.24
2022-07-25 12:00:00,22.24,22.25,21.77,21.99
2022-07-25 16:00:00,21.99,22.13,21.26,21.63
2022-07-25 20:00:00,21.63,22.05,20.89,20.92
2022-07-26 00:00:00,20.93,20.99,20.3,20.79
2022-07-26 04:00:00,20.78,20.95,20.5,20.58
2022-07-26 08:00:00,20.57,20.85,20.49,20.72
2022-07-26 12:00:00,20.72,20.93,19.85,19.88
2022-07-26 16:00:00,19.88,20.3,19.55,19.71
2022-07-26 20:00:00,19.71,20.74,19.58,20.71
2022-07-27 00:00:00,20.72,20.75,20.21,20.23
2022-07-27 04:00:00,20.24,21.18,20.21,21.13
2022-07-27 08:00:00,21.13,21.3,20.79,20.81
2022-07-27 12:00:00,20.81,21.42,20.73,21.26
2022-07-27 16:00:00,21.26,23.37,20.92,22.82
2022-07-27 20:00:00,22.82,23.49,22.81,23.39
2022-07-28 00:00:00,23.38,23.62,22.83,22.94
2022-07-28 04:00:00,22.95,23.15,22.69,22.79
2022-07-28 08:00:00,22.79,23.3,22.63,23.23
2022-07-28 12:00:00,23.23,24.47,22.42,24.13
2022-07-28 16:00:00,24.13,24.48,23.81,24.0
2022-07-28 20:00:00,24.0,24.69,24.0,24.2
2022-07-29 00:00:00,24.21,24.82,24.03,24.7
2022-07-29 04:00:00,24.71,25.19,24.34,24.44
2022-07-29 08:00:00,24.43,24.76,23.68,23.93
2022-07-29 12:00:00,23.92,25.37,23.46,25.01
2022-07-29 16:00:00,25.02,25.03,23.79,24.49
2022-07-29 20:00:00,24.48,25.07,24.26,24.49
2022-07-30 00:00:00,24.49,24.9,24.13,24.29
2022-07-30 04:00:00,24.29,24.63,23.91,24.5
2022-07-30 08:00:00,24.5,24.72,24.11,24.53
2022-07-30 12:00:00,24.52,25.83,24.43,25.67
2022-07-30 16:00:00,25.66,25.78,24.58,24.7
2022-07-30 20:00:00,24.71,24.84,23.97,24.23
2022-07-31 00:00:00,24.24,24.68,24.0,24.47
2022-07-31 04:00:00,24.47,24.88,24.42,24.52
2022-07-31 08:00:00,24.52,25.02,24.12,24.8
2022-07-31 12:00:00,24.8,24.88,24.33,24.65
2022-07-31 16:00:00,24.66,25.22,24.11,24.66
2022-07-31 20:00:00,24.66,24.73,23.53,23.72
2022-08-01 00:00:00,23.72,24.33,23.61,24.1
2022-08-01 04:00:00,24.1,24.28,23.31,23.81
2022-08-01 08:00:00,23.82,23.89,23.11,23.43
2022-08-01 12:00:00,23.44,23.95,22.96,23.7
2022-08-01 16:00:00,23.71,23.73,22.97,23.16
2022-08-01 20:00:00,23.15,23.73,23.11,23.57
2022-08-02 00:00:00,23.58,23.81,22.35,22.45
2022-08-02 04:00:00,22.46,22.73,22.24,22.7
2022-08-02 08:00:00,22.69,22.84,22.3,22.69
2022-08-02 12:00:00,22.68,23.26,22.24,23.15
2022-08-02 16:00:00,23.16,24.0,22.92,23.11
2022-08-02 20:00:00,23.12,23.34,22.75,22.85
2022-08-03 00:00:00,22.85,23.07,22.28,23.06
2022-08-03 04:00:00,23.05,23.61,22.97,23.4
2022-08-03 08:00:00,23.41,23.95,23.4,23.93
2022-08-03 12:00:00,23.94,24.19,23.69,23.79
2022-08-03 16:00:00,23.78,24.09,23.66,23.99
2022-08-03 20:00:00,23.99,24.04,22.95,23.04
2022-08-04 00:00:00,23.04,24.0,22.94,23.6
2022-08-04 04:00:00,23.61,23.92,23.27,23.48
2022-08-04 08:00:00,23.48,23.59,23.18,23.39
2022-08-04 12:00:00,23.39,23.73,23.07,23.4
2022-08-04 16:00:00,23.41,23.56,22.88,23.15
2022-08-04 20:00:00,23.16,23.46,23.04,23.36
2022-08-05 00:00:00,23.36,24.1,23.11,24.04
2022-08-05 04:00:00,24.03,24.14,23.74,23.85
2022-08-05 08:00:00,23.86,24.69,23.74,24.67
2022-08-05 12:00:00,24.67,24.77,24.07,24.16
2022-08-05 16:00:00,24.16,24.31,23.93,24.17
2022-08-05 20:00:00,24.17,24.98,24.09,24.95
2022-08-06 00:00:00,24.95,25.44,24.71,24.98
2022-08-06 04:00:00,24.98,25.27,24.87,25.2
2022-08-06 08:00:00,25.19,25.98,25.19,25.43
2022-08-06 12:00:00,25.44,26.0,25.44,25.77
2022-08-06 16:00:00,25.77,26.91,25.77,26.55
2022-08-06 20:00:00,26.55,26.94,26.14,26.63
2022-08-07 00:00:00,26.64,26.64,25.83,26.19
2022-08-07 04:00:00,26.19,26.38,25.94,26.12
2022-08-07 08:00:00,26.11,26.49,25.82,26.45
2022-08-07 12:00:00,26.44,28.27,26.44,28.01
2022-08-07 16:00:00,28.0,28.1,27.64,27.8
2022-08-07 20:00:00,27.8,28.5,27.61,27.9
2022-08-08 00:00:00,27.89,28.29,27.57,28.19
2022-08-08 04:00:00,28.19,28.69,28.02,28.41
2022-08-08 08:00:00,28.4,30.16,28.21,29.76
2022-08-08 12:00:00,29.76,30.89,28.72,29.04
2022-08-08 16:00:00,29.04,29.08,28.34,28.59
2022-08-08 20:00:00,28.58,28.98,27.84,27.91
2022-08-09 00:00:00,27.9,28.41,27.6,28.03
2022-08-09 04:00:00,28.04,28.81,27.99,28.48
2022-08-09 08:00:00,28.48,28.49,27.22,27.39
2022-08-09 12:00:00,27.39,28.32,26.96,27.14
2022-08-09 16:00:00,27.14,27.56,27.05,27.34
2022-08-09 20:00:00,27.34,27.82,27.28,27.42
2022-08-10 00:00:00,27.41,27.89,26.6,27.54
2022-08-10 04:00:00,27.53,27.81,27.16,27.41
2022-08-10 08:00:00,27.4,28.44,27.39,28.07
2022-08-10 12:00:00,28.07,30.2,28.05,29.54
2022-08-10 16:00:00,29.54,29.59,28.54,28.69
2022-08-10 20:00:00,28.68,29.2,28.6,29.18
2022-08-11 00:00:00,29.17,29.65,28.88,29.57
2022-08-11 04:00:00,29.57,30.0,29.36,29.61
2022-08-11 08:00:00,29.6,29.73,29.26,29.52
2022-08-11 12:00:00,29.51,30.09,28.77,28.82
2022-08-11 16:00:00,28.81,29.06,28.58,28.9
2022-08-11 20:00:00,28.9,29.29,28.31,28.53
2022-08-12 00:00:00,28.53,29.25,28.07,28.97
2022-08-12 04:00:00,28.97,29.12,28.66,28.82
2022-08-12 08:00:00,28.82,29.18,28.18,28.41
2022-08-12 12:00:00,28.41,29.18,28.36,29.0
2022-08-12 16:00:00,29.0,29.33,28.76,29.17
2022-08-12 20:00:00,29.16,29.45,28.99,29.34
2022-08-13 00:00:00,29.33,30.35,29.07,30.12
2022-08-13 04:00:00,30.12,30.15,29.55,29.58
2022-08-13 08:00:00,29.58,29.72,29.31,29.58
2022-08-13 12:00:00,29.57,29.71,29.16,29.52
2022-08-13 16:00:00,29.52,29.65,28.87,29.04
2022-08-13 20:00:00,29.03,29.34,28.95,29.16
2022-08-14 00:00:00,29.16,29.48,28.69,29.3
2022-08-14 04:00:00,29.3,29.85,29.26,29.68
2022-08-14 08:00:00,29.68,29.72,29.1,29.22
2022-08-14 12:00:00,29.22,29.22,28.5,28.89
2022-08-14 16:00:00,28.88,28.92,27.84,28.27
2022-08-14 20:00:00,28.28,28.48,28.03,28.18
2022-08-15 00:00:00,28.19,29.3,27.96,28.9
2022-08-15 04:00:00,28.89,29.08,27.36,27.72
2022-08-15 08:00:00,27.72,27.92,27.36,27.6
2022-08-15 12:00:00,27.6,28.12,27.33,28.11
2022-08-15 16:00:00,28.1,28.13,27.48,27.67
2022-08-15 20:00:00,27.68,27.97,27.03,27.88
2022-08-16 00:00:00,27.87,28.11,27.25,27.8
2022-08-16 04:00:00,27.8,27.92,27.38,27.83
2022-08-16 08:00:00,27.83,28.41,27.63,28.01
2022-08-16 12:00:00,28.01,28.12,27.33,27.63
2022-08-16 16:00:00,27.64,27.73,26.93,27.33
2022-08-16 20:00:00,27.33,27.57,27.03,27.1
2022-08-17 00:00:00,27.11,27.66,27.06,27.62
2022-08-17 04:00:00,27.63,28.23,27.21,27.3
2022-08-17 08:00:00,27.29,27.56,27.05,27.16
2022-08-17 12:00:00,27.15,27.19,25.93,26.11
2022-08-17 16:00:00,26.1,26.67,26.05,26.16
2022-08-17 20:00:00,26.15,26.36,25.26,25.55
2022-08-18 00:00:00,25.56,25.9,25.34,25.87
2022-08-18 04:00:00,25.87,26.0,25.64,25.88
2022-08-18 08:00:00,25.89,26.18,25.64,26.11
2022-08-18 12:00:00,26.12,26.29,25.4,25.74
2022-08-18 16:00:00,25.74,25.77,25.04,25.28
2022-08-18 20:00:00,25.29,25.48,23.95,24.21
2022-08-19 00:00:00,24.2,24.43,23.04,23.2
2022-08-19 04:00:00,23.2,23.35,21.32,22.34
2022-08-19 08:00:00,22.34,22.65,21.94,22.62
2022-08-19 12:00:00,22.61,22.95,22.31,22.82
2022-08-19 16:00:00,22.82,23.31,22.5,22.96
2022-08-19 20:00:00,22.95,23.06,22.13,22.44
2022-08-20 00:00:00,22.44,23.0,22.43,22.78
2022-08-20 04:00:00,22.77,23.09,22.6,22.98
2022-08-20 08:00:00,22.98,23.0,22.67,22.71
2022-08-20 12:00:00,22.72,22.91,22.6,22.79
2022-08-20 16:00:00,22.78,22.82,21.73,21.83
2022-08-20 20:00:00,21.83,22.39,21.63,22.3
2022-08-21 00:00:00,22.3,22.67,22.23,22.4
2022-08-21 04:00:00,22.41,22.93,22.15,22.89
2022-08-21 08:00:00,22.89,23.22,22.75,23.13
2022-08-21 12:00:00,23.13,23.21,22.66,22.85
2022-08-21 16:00:00,22.85,23.1,22.72,23.02
2022-08-21 20:00:00,23.02,23.55,22.51,22.97
2022-08-22 00:00:00,22.98,23.0,22.61,22.66
2022-08-22 04:00:00,22.65,22.86,21.96,21.97
2022-08-22 08:00:00,21.96,22.37,21.61,22.1
2022-08-22 12:00:00,22.1,22.37,21.84,22.33
2022-08-22 16:00:00,22.33,22.44,21.82,22.08
2022-08-22 20:00:00,22.08,22.64,21.97,22.55
2022-08-23 00:00:00,22.56,22.91,22.47,22.57
2022-08-23 04:00:00,22.57,22.73,21.83,22.43
2022-08-23 08:00:00,22.43,22.9,22.43,22.88
2022-08-23 12:00:00,22.88,23.74,22.64,23.32
2022-08-23 16:00:00,23.32,23.45,23.02,23.31
2022-08-23 20:00:00,23.32,23.69,23.18,23.5
2022-08-24 00:00:00,23.52,23.63,22.81,23.03
2022-08-24 04:00:00,23.03,23.38,22.85,23.03
2022-08-24 08:00:00,23.03,23.28,22.95,23.22
2022-08-24 12:00:00,23.22,23.52,22.92,23.46
2022-08-24 16:00:00,23.47,23.64,23.17,23.48
2022-08-24 20:00:00,23.48,23.54,22.96,23.01
2022-08-25 00:00:00,23.02,23.31,22.98,23.02
2022-08-25 04:00:00,23.02,23.64,23.01,23.53
2022-08-25 08:00:00,23.52,23.65,23.27,23.43
2022-08-25 12:00:00,23.43,23.5,22.67,22.89
2022-08-25 16:00:00,22.89,23.07,22.76,23.04
2022-08-25 20:00:00,23.05,23.24,22.86,22.99
2022-08-26 00:00:00,22.99,23.1,22.69,22.97
2022-08-26 04:00:00,22.97,23.06,22.34,22.55
2022-08-26 08:00:00,22.55,22.64,21.94,22.26
2022-08-26 12:00:00,22.25,23.23,21.54,21.81
2022-08-26 16:00:00,21.81,21.89,21.28,21.52
2022-08-26 20:00:00,21.52,21.67,20.34,20.66
2022-08-27 00:00:00,20.65,20.91,20.39,20.53
2022-08-27 04:00:00,20.53,20.77,20.0,20.75
2022-08-27 08:00:00,20.75,20.81,20.47,20.66
2022-08-27 12:00:00,20.65,20.66,19.92,20.19
2022-08-27 16:00:00,20.18,20.42,19.92,20.24
2022-08-27 20:00:00,20.24,20.26,19.79,20.03
2022-08-28 00:00:00,20.04,20.24,19.8,19.82
2022-08-28 04:00:00,19.82,20.21,19.63,20.13
2022-08-28 08:00:00,20.13,20.47,19.95,20.13
2022-08-28 12:00:00,20.12,20.18,19.67,20.04
2022-08-28 16:00:00,20.04,20.3,19.8,19.82
2022-08-28 20:00:00,19.81,19.93,18.05,18.53
2022-08-29 00:00:00,18.53,18.68,17.86,18.17
2022-08-29 04:00:00,18.17,18.27,17.48,18.05
2022-08-29 08:00:00,18.05,18.19,17.83,18.06
2022-08-29 12:00:00,18.05,19.35,17.97,19.07
2022-08-29 16:00:00,19.07,19.27,18.83,19.0
2022-08-29 20:00:00,19.01,19.47,18.95,19.32
2022-08-30 00:00:00,19.32,19.68,18.99,19.52
2022-08-30 04:00:00,19.52,20.55,19.48,20.3
2022-08-30 08:00:00,20.3,20.66,20.06,20.18
2022-08-30 12:00:00,20.18,20.25,19.01,19.39
2022-08-30 16:00:00,19.38,19.97,18.87,19.6
2022-08-30 20:00:00,19.59,19.8,19.25,19.39
2022-08-31 00:00:00,19.4,19.97,19.39,19.81
2022-08-31 04:00:00,19.8,20.07,19.58,19.61
2022-08-31 08:00:00,19.61,19.91,19.33,19.79
2022-08-31 12:00:00,19.78,19.98,19.28,19.57
2022-08-31 16:00:00,19.57,19.64,19.15,19.4
2022-08-31 20:00:00,19.4,19.47,18.99,19.14
2022-09-01 00:00:00,19.14,19.41,18.82,19.09
2022-09-01 04:00:00,19.09,19.28,18.79,18.95
2022-09-01 08:00:00,18.95,19.31,18.81,19.23
2022-09-01 12:00:00,19.23,19.27,18.33,18.55
2022-09-01 16:00:00,18.55,18.9,18.45,18.87
2022-09-01 20:00:00,18.87,19.47,18.83,19.33
2022-09-02 00:00:00,19.32,19.43,18.92,19.28
2022-09-02 04:00:00,19.28,19.61,19.12,19.23
2022-09-02 08:00:00,19.24,19.26,18.92,19.17
2022-09-02 12:00:00,19.18,19.66,19.05,19.56
2022-09-02 16:00:00,19.57,19.61,18.68,18.83
2022-09-02 20:00:00,18.83,18.95,18.7,18.86
2022-09-03 00:00:00,18.86,19.01,18.62,18.75
2022-09-03 04:00:00,18.76,18.99,18.57,18.74
2022-09-03 08:00:00,18.73,18.95,18.7,18.83
2022-09-03 12:00:00,18.83,18.97,18.73,18.8
2022-09-03 16:00:00,18.79,18.91,18.69,18.75
2022-09-03 20:00:00,18.75,18.89,18.72,18.89
2022-09-04 00:00:00,18.89,19.12,18.86,18.91
2022-09-04 04:00:00,18.92,18.95,18.77,18.8
2022-09-04 08:00:00,18.8,19.0,18.73,18.96
2022-09-04 12:00:00,18.97,19.15,18.79,18.98
2022-09-04 16:00:00,18.97,19.07,18.88,18.95
2022-09-04 20:00:00,18.96,19.05,18.83,19.01
2022-09-05 00:00:00,19.02,19.14,18.95,19.06
2022-09-05 04:00:00,19.06,19.09,18.73,18.75
2022-09-05 08:00:00,18.75,18.82,18.44,18.55
2022-09-05 12:00:00,18.56,18.88,18.49,18.77
2022-09-05 16:00:00,18.77,18.86,18.63,18.68
2022-09-05 20:00:00,18.68,19.49,18.67,19.44
2022-09-06 00:00:00,19.45,20.49,19.44,19.91
2022-09-06 04:00:00,19.91,20.13,19.84,20.0
2022-09-06 08:00:00,20.0,20.31,19.8,20.18
2022-09-06 12:00:00,20.18,20.25,19.42,19.98
2022-09-06 16:00:00,19.99,20.0,18.3,18.45
2022-09-06 20:00:00,18.45,18.57,18.15,18.21
2022-09-07 00:00:00,18.21,18.32,17.84,18.25
2022-09-07 04:00:00,18.25,18.48,18.15,18.39
2022-09-07 08:00:00,18.39,18.57,18.22,18.27
2022-09-07 12:00:00,18.27,18.68,18.13,18.61
2022-09-07 16:00:00,18.62,18.92,18.52,18.7
2022-09-07 20:00:00,18.7,19.31,18.69,19.01
2022-09-08 00:00:00,19.0,19.16,18.86,18.94
2022-09-08 04:00:00,18.95,19.16,18.56,18.8
2022-09-08 08:00:00,18.8,19.0,18.7,18.75
2022-09-08 12:00:00,18.75,19.13,18.4,18.98
2022-09-08 16:00:00,18.98,19.06,18.71,19.06
2022-09-08 20:00:00,19.06,19.15,18.89,19.13
2022-09-09 00:00:00,19.13,19.97,19.1,19.85
2022-09-09 04:00:00,19.86,20.2,19.79,20.04
2022-09-09 08:00:00,20.04,20.27,20.0,20.11
2022-09-09 12:00:00,20.11,20.46,20.07,20.31
2022-09-09 16:00:00,20.31,20.44,20.04,20.3
2022-09-09 20:00:00,20.3,20.81,20.12,20.38
2022-09-10 00:00:00,20.39,21.17,20.24,20.55
2022-09-10 04:00:00,20.55,20.87,20.23,20.31
2022-09-10 08:00:00,20.31,20.52,20.26,20.37
2022-09-10 12:00:00,20.38,20.49,20.04,20.18
2022-09-10 16:00:00,20.19,20.49,20.11,20.39
2022-09-10 20:00:00,20.38,20.82,20.22,20.44
2022-09-11 00:00:00,20.44,20.77,20.26,20.34
2022-09-11 04:00:00,20.34,20.47,19.95,20.39
2022-09-11 08:00:00,20.39,20.46,20.25,20.4
2022-09-11 12:00:00,20.4,20.62,20.31,20.48
2022-09-11 16:00:00,20.47,20.95,20.41,20.52
2022-09-11 20:00:00,20.51,20.9,20.14,20.68
2022-09-12 00:00:00,20.67,21.0,20.06,20.32
2022-09-12 04:00:00,20.31,20.84,20.23,20.77
2022-09-12 08:00:00,20.78,21.74,20.66,21.47
2022-09-12 12:00:00,21.47,21.91,21.04,21.13
2022-09-12 16:00:00,21.13,21.51,20.82,21.4
2022-09-12 20:00:00,21.4,21.64,21.16,21.38
2022-09-13 00:00:00,21.38,21.49,20.75,21.49
2022-09-13 04:00:00,21.49,21.77,21.19,21.65
2022-09-13 08:00:00,21.66,21.8,21.33,21.56
2022-09-13 12:00:00,21.56,21.64,19.56,19.66
2022-09-13 16:00:00,19.65,19.88,18.95,19.3
2022-09-13 20:00:00,19.3,19.41,18.76,18.87
2022-09-14 00:00:00,18.87,19.31,18.72,19.2
2022-09-14 04:00:00,19.2,19.31,18.78,18.98
2022-09-14 08:00:00,18.99,19.24,18.81,18.9
2022-09-14 12:00:00,18.91,19.27,18.75,19.05
2022-09-14 16:00:00,19.05,19.07,18.44,18.95
2022-09-14 20:00:00,18.95,19.21,18.74,19.12
2022-09-15 00:00:00,19.12,19.16,18.47,18.63
2022-09-15 04:00:00,18.62,19.37,18.47,19.18
2022-09-15 08:00:00,19.18,19.18,18.76,18.97
2022-09-15 12:00:00,18.98,19.12,18.17,18.4
2022-09-15 16:00:00,18.39,18.64,18.3,18.41
2022-09-15 20:00:00,18.41,18.55,18.09,18.21
2022-09-16 00:00:00,18.21,18.3,17.91,18.16
2022-09-16 04:00:00,18.16,18.31,18.13,18.18
2022-09-16 08:00:00,18.18,18.19,17.65,18.12
2022-09-16 12:00:00,18.11,18.15,17.62,17.99
2022-09-16 16:00:00,17.99,17.99,17.56,17.91
2022-09-16 20:00:00,17.9,18.26,17.89,18.05
2022-09-17 00:00:00,18.05,18.52,18.04,18.24
2022-09-17 04:00:00,18.24,18.43,18.07,18.23
2022-09-17 08:00:00,18.23,18.31,18.1,18.14
2022-09-17 12:00:00,18.15,18.47,18.08,18.36
2022-09-17 16:00:00,18.36,18.59,18.34,18.41
2022-09-17 20:00:00,18.41,18.54,18.35,18.48
2022-09-18 00:00:00,18.48,18.78,18.28,18.4
2022-09-18 04:00:00,18.39,18.59,18.37,18.42
2022-09-18 08:00:00,18.43,18.55,18.11,18.2
2022-09-18 12:00:00,18.2,18.3,18.01,18.08
2022-09-18 16:00:00,18.08,18.13,17.65,17.91
2022-09-18 20:00:00,17.91,17.95,16.29,16.7
2022-09-19 00:00:00,16.7,17.06,16.39,16.66
2022-09-19 04:00:00,16.65,16.98,16.49,16.69
2022-09-19 08:00:00,16.69,16.93,16.5,16.84
2022-09-19 12:00:00,16.85,17.38,16.82,17.05
2022-09-19 16:00:00,17.06,17.29,16.91,17.21
2022-09-19 20:00:00,17.21,17.36,17.15,17.28
2022-09-20 00:00:00,17.28,17.38,16.98,17.14
2022-09-20 04:00:00,17.14,17.43,16.98,17.08
2022-09-20 08:00:00,17.07,17.16,16.77,16.89
2022-09-20 12:00:00,16.89,17.09,16.6,17.01
2022-09-20 16:00:00,17.01,17.05,16.64,16.83
2022-09-20 20:00:00,16.83,16.89,16.58,16.65
2022-09-21 00:00:00,16.65,16.94,16.6,16.84
2022-09-21 04:00:00,16.84,16.95,16.5,16.63
2022-09-21 08:00:00,16.63,17.0,16.58,16.92
2022-09-21 12:00:00,16.93,17.1,16.78,16.88
2022-09-21 16:00:00,16.88,17.94,16.86,17.04
2022-09-21 20:00:00,17.03,17.05,16.19,16.55
2022-09-22 00:00:00,16.54,16.8,16.39,16.69
2022-09-22 04:00:00,16.7,17.19,16.7,17.18
2022-09-22 08:00:00,17.17,17.71,17.13,17.61
2022-09-22 12:00:00,17.61,17.64,17.13,17.31
2022-09-22 16:00:00,17.3,17.86,17.16,17.65
2022-09-22 20:00:00,17.66,17.88,17.53,17.68
2022-09-23 00:00:00,17.68,18.03,17.54,17.91
2022-09-23 04:00:00,17.91,18.24,17.78,17.84
2022-09-23 08:00:00,17.84,17.89,17.28,17.37
2022-09-23 12:00:00,17.36,17.62,17.15,17.44
2022-09-23 16:00:00,17.44,17.5,17.2,17.49
2022-09-23 20:00:00,17.49,18.09,17.48,17.97
2022-09-24 00:00:00,17.97,18.14,17.78,17.99
2022-09-24 04:00:00,17.99,18.19,17.83,17.87
2022-09-24 08:00:00,17.88,18.09,17.76,17.97
2022-09-24 12:00:00,17.97,18.11,17.81,17.85
2022-09-24 16:00:00,17.85,17.94,17.8,17.87
2022-09-24 20:00:00,17.87,17.91,17.54,17.6
2022-09-25 00:00:00,17.6,17.82,17.57,17.81
2022-09-25 04:00:00,17.81,17.88,17.66,17.8
2022-09-25 08:00:00,17.79,17.81,17.68,17.77
2022-09-25 12:00:00,17.78,17.8,17.41,17.57
2022-09-25 16:00:00,17.57,17.65,17.37,17.47
2022-09-25 20:00:00,17.47,17.49,17.13,17.32
2022-09-26 00:00:00,17.32,17.5,17.12,17.26
2022-09-26 04:00:00,17.25,17.34,16.97,17.21
2022-09-26 08:00:00,17.21,17.5,17.12,17.21
2022-09-26 12:00:00,17.21,17.49,17.14,17.39
2022-09-26 16:00:00,17.39,17.59,17.21,17.46
2022-09-26 20:00:00,17.47,17.59,17.3,17.57
2022-09-27 00:00:00,17.57,18.05,17.5,17.98
2022-09-27 04:00:00,17.98,18.28,17.81,18.13
2022-09-27 08:00:00,18.12,18.17,17.96,18.03
2022-09-27 12:00:00,18.02,18.5,17.84,17.89
2022-09-27 16:00:00,17.89,17.94,16.99,17.14
2022-09-27 20:00:00,17.14,17.4,17.07,17.3
2022-09-28 00:00:00,17.3,17.38,16.77,17.01
2022-09-28 04:00:00,17.01,17.11,16.73,17.01
2022-09-28 08:00:00,17.02,17.1,16.76,16.95
2022-09-28 12:00:00,16.96,17.29,16.95,17.25
2022-09-28 16:00:00,17.26,17.37,17.13,17.3
2022-09-28 20:00:00,17.3,17.45,17.22,17.26
2022-09-29 00:00:00,17.26,17.39,17.13,17.28
2022-09-29 04:00:00,17.28,17.35,17.07,17.14
2022-09-29 08:00:00,17.13,17.3,17.09,17.19
2022-09-29 12:00:00,17.19,17.21,16.88,17.13
2022-09-29 16:00:00,17.13,17.27,17.02,17.24
2022-09-29 20:00:00,17.25,17.37,17.13,17.35
2022-09-30 00:00:00,17.35,17.44,17.16,17.24
2022-09-30 04:00:00,17.25,17.57,17.21,17.52
2022-09-30 08:00:00,17.52,17.59,17.29,17.3
2022-09-30 12:00:00,17.3,17.74,17.1,17.39
2022-09-30 16:00:00,17.39,17.52,17.18,17.23
2022-09-30 20:00:00,17.22,17.33,17.01,17.2
2022-10-01 00:00:00,17.21,17.3,17.11,17.29
2022-10-01 04:00:00,17.29,17.3,17.15,17.26
2022-10-01 08:00:00,17.25,17.28,17.13,17.2
2022-10-01 12:00:00,17.2,17.25,17.13,17.18
2022-10-01 16:00:00,17.19,17.19,16.93,16.99
2022-10-01 20:00:00,16.99,17.06,16.86,16.95
2022-10-02 00:00:00,16.96,17.07,16.94,16.97
2022-10-02 04:00:00,16.98,17.18,16.97,17.0
2022-10-02 08:00:00,17.0,17.03,16.61,16.8
2022-10-02 12:00:00,16.8,16.84,16.65,16.75
2022-10-02 16:00:00,16.75,16.95,16.72,16.89
2022-10-02 20:00:00,16.89,16.9,16.47,16.53
2022-10-03 00:00:00,16.54,16.79,16.34,16.62
2022-10-03 04:00:00,16.61,16.73,16.45,16.67
2022-10-03 08:00:00,16.67,16.87,16.58,16.83
2022-10-03 12:00:00,16.83,17.1,16.7,16.89
2022-10-03 16:00:00,16.9,17.08,16.88,16.98
2022-10-03 20:00:00,16.99,17.32,16.98,17.14
2022-10-04 00:00:00,17.15,17.27,17.07,17.22
2022-10-04 04:00:00,17.23,17.4,17.13,17.35
2022-10-04 08:00:00,17.35,17.46,17.23,17.33
2022-10-04 12:00:00,17.33,17.54,17.25,17.39
2022-10-04 16:00:00,17.39,17.43,17.2,17.39
2022-10-04 20:00:00,17.4,17.55,17.36,17.44
2022-10-05 00:00:00,17.45,17.46,17.28,17.31
2022-10-05 04:00:00,17.3,17.49,17.24,17.32
2022-10-05 08:00:00,17.33,17.34,17.04,17.09
2022-10-05 12:00:00,17.09,17.13,16.94,17.1
2022-10-05 16:00:00,17.1,17.38,17.06,17.24
2022-10-05 20:00:00,17.23,17.4,17.19,17.39
2022-10-06 00:00:00,17.39,17.67,17.35,17.54
2022-10-06 04:00:00,17.54,17.61,17.32,17.44
2022-10-06 08:00:00,17.43,17.44,17.27,17.37
2022-10-06 12:00:00,17.38,17.47,17.17,17.25
2022-10-06 16:00:00,17.25,17.34,17.09,17.13
2022-10-06 20:00:00,17.12,17.16,16.98,17.04
2022-10-07 00:00:00,17.04,17.17,17.04,17.1
2022-10-07 04:00:00,17.09,17.13,16.98,17.06
2022-10-07 08:00:00,17.06,17.16,17.04,17.07
2022-10-07 12:00:00,17.07,17.09,16.74,16.86
2022-10-07 16:00:00,16.86,16.87,16.72,16.82
2022-10-07 20:00:00,16.82,16.93,16.8,16.9
2022-10-08 00:00:00,16.9,16.99,16.87,16.93
2022-10-08 04:00:00,16.93,16.95,16.83,16.9
2022-10-08 08:00:00,16.9,16.91,16.84,16.9
2022-10-08 12:00:00,16.9,16.91,16.79,16.84
2022-10-08 16:00:00,16.84,16.9,16.78,16.8
2022-10-08 20:00:00,16.81,16.84,16.62,16.79
2022-10-09 00:00:00,16.79,16.81,16.7,16.73
2022-10-09 04:00:00,16.73,16.92,16.71,16.86
2022-10-09 08:00:00,16.86,16.98,16.81,16.92
2022-10-09 12:00:00,16.91,16.98,16.89,16.97
2022-10-09 16:00:00,16.97,16.99,16.85,16.94
2022-10-09 20:00:00,16.94,16.99,16.77,16.9
2022-10-10 00:00:00,16.9,17.24,16.87,16.98
2022-10-10 04:00:00,16.98,17.02,16.83,16.87
2022-10-10 08:00:00,16.87,16.88,16.51,16.7
2022-10-10 12:00:00,16.71,16.8,16.61,16.68
2022-10-10 16:00:00,16.69,16.7,16.53,16.58
2022-10-10 20:00:00,16.58,16.62,16.17,16.21
2022-10-11 00:00:00,16.21,16.21,15.59,15.89
2022-10-11 04:00:00,15.89,16.08,15.86,16.03
2022-10-11 08:00:00,16.02,16.08,15.94,16.06
2022-10-11 12:00:00,16.06,16.32,15.84,16.2
2022-10-11 16:00:00,16.21,16.23,15.89,15.94
2022-10-11 20:00:00,15.94,16.01,15.85,15.95
2022-10-12 00:00:00,15.95,16.1,15.89,15.91
2022-10-12 04:00:00,15.9,16.09,15.9,16.0
2022-10-12 08:00:00,16.0,16.17,15.97,16.07
2022-10-12 12:00:00,16.08,16.12,15.87,16.04
2022-10-12 16:00:00,16.04,16.05,15.83,15.99
2022-10-12 20:00:00,15.99,16.06,15.93,15.96
2022-10-13 00:00:00,15.95,15.99,15.36,15.6
2022-10-13 04:00:00,15.6,15.62,14.96,15.19
2022-10-13 08:00:00,15.18,15.25,14.48,15.01
2022-10-13 12:00:00,15.0,15.49,14.42,15.28
2022-10-13 16:00:00,15.28,15.75,15.23,15.64
2022-10-13 20:00:00,15.64,15.81,15.62,15.66
2022-10-14 00:00:00,15.65,16.37,15.62,16.14
2022-10-14 04:00:00,16.15,16.36,16.07,16.15
2022-10-14 08:00:00,16.14,16.3,16.08,16.14
2022-10-14 12:00:00,16.15,16.4,15.91,15.92
2022-10-14 16:00:00,15.92,15.96,15.67,15.73
2022-10-14 20:00:00,15.72,15.79,15.54,15.67
2022-10-15 00:00:00,15.67,15.75,15.6,15.7
2022-10-15 04:00:00,15.71,15.78,15.63,15.72
2022-10-15 08:00:00,15.72,15.74,15.5,15.73
2022-10-15 12:00:00,15.73,15.75,15.59,15.69
2022-10-15 16:00:00,15.69,15.76,15.59,15.63
2022-10-15 20:00:00,15.63,15.64,15.36,15.43
2022-10-16 00:00:00,15.42,15.58,15.41,15.51
2022-10-16 04:00:00,15.51,15.61,15.48,15.59
2022-10-16 08:00:00,15.59,15.75,15.56,15.6
2022-10-16 12:00:00,15.6,15.66,15.54,15.6
2022-10-16 16:00:00,15.6,15.88,15.54,15.86
2022-10-16 20:00:00,15.86,15.88,15.6,15.75
2022-10-17 00:00:00,15.75,15.82,15.65,15.73
2022-10-17 04:00:00,15.72,15.97,15.68,15.91
2022-10-17 08:00:00,15.91,16.17,15.81,16.04
2022-10-17 12:00:00,16.04,16.27,15.97,16.08
2022-10-17 16:00:00,16.09,16.17,15.96,16.01
2022-10-17 20:00:00,16.01,16.27,16.01,16.18
2022-10-18 00:00:00,16.17,16.35,16.06,16.23
2022-10-18 04:00:00,16.24,16.36,16.16,16.3
2022-10-18 08:00:00,16.3,16.32,15.93,16.05
2022-10-18 12:00:00,16.05,16.17,15.76,15.88
2022-10-18 16:00:00,15.88,16.03,15.54,15.77
2022-10-18 20:00:00,15.77,15.94,15.75,15.88
2022-10-19 00:00:00,15.87,15.92,15.63,15.65
2022-10-19 04:00:00,15.64,15.77,15.46,15.57
2022-10-19 08:00:00,15.56,15.64,15.42,15.54
2022-10-19 12:00:00,15.54,15.66,15.42,15.62
2022-10-19 16:00:00,15.62,15.63,15.44,15.59
2022-10-19 20:00:00,15.58,15.63,15.01,15.06
2022-10-20 00:00:00,15.06,15.19,14.87,15.14
2022-10-20 04:00:00,15.14,15.42,15.13,15.24
2022-10-20 08:00:00,15.24,15.33,15.14,15.31
2022-10-20 12:00:00,15.31,15.4,15.16,15.27
2022-10-20 16:00:00,15.27,15.48,15.06,15.34
2022-10-20 20:00:00,15.34,15.38,15.12,15.14
2022-10-21 00:00:00,15.15,15.16,14.77,15.1
2022-10-21 04:00:00,15.1,15.18,14.94,15.0
2022-10-21 08:00:00,15.0,15.0,14.7,14.76
2022-10-21 12:00:00,14.76,15.32,14.58,15.32
2022-10-21 16:00:00,15.31,15.6,15.24,15.51
2022-10-21 20:00:00,15.52,15.75,15.43,15.69
2022-10-22 00:00:00,15.69,15.88,15.57,15.66
2022-10-22 04:00:00,15.66,15.69,15.52,15.64
2022-10-22 08:00:00,15.64,15.85,15.63,15.8
2022-10-22 12:00:00,15.8,15.93,15.65,15.68
2022-10-22 16:00:00,15.68,15.73,15.56,15.67
2022-10-22 20:00:00,15.67,15.77,15.63,15.69
2022-10-23 00:00:00,15.69,15.89,15.6,15.77
2022-10-23 04:00:00,15.76,15.87,15.66,15.78
2022-10-23 08:00:00,15.79,15.87,15.62,15.68
2022-10-23 12:00:00,15.68,15.79,15.59,15.64
2022-10-23 16:00:00,15.65,16.07,15.63,16.02
2022-10-23 20:00:00,16.03,16.42,15.95,16.31
2022-10-24 00:00:00,16.31,16.49,16.06,16.08
2022-10-24 04:00:00,16.08,16.14,15.86,15.95
2022-10-24 08:00:00,15.96,16.1,15.87,16.07
2022-10-24 12:00:00,16.07,16.09,15.65,15.8
2022-10-24 16:00:00,15.81,15.85,15.63,15.76
2022-10-24 20:00:00,15.76,15.84,15.68,15.75
2022-10-25 00:00:00,15.75,15.89,15.59,15.85
2022-10-25 04:00:00,15.85,15.88,15.74,15.77
2022-10-25 08:00:00,15.77,15.78,15.6,15.69
2022-10-25 12:00:00,15.69,16.44,15.62,16.33
2022-10-25 16:00:00,16.33,17.05,16.33,16.83
2022-10-25 20:00:00,16.82,16.87,16.4,16.64
2022-10-26 00:00:00,16.63,17.05,16.63,16.95
2022-10-26 04:00:00,16.95,17.22,16.94,17.1
2022-10-26 08:00:00,17.1,17.34,16.97,17.06
2022-10-26 12:00:00,17.06,17.32,16.84,17.14
2022-10-26 16:00:00,17.15,17.24,16.87,16.99
2022-10-26 20:00:00,17.0,17.17,16.91,17.0
2022-10-27 00:00:00,17.0,17.19,16.88,17.11
2022-10-27 04:00:00,17.12,17.51,17.04,17.21
2022-10-27 08:00:00,17.2,17.25,16.92,17.01
2022-10-27 12:00:00,17.0,17.38,16.82,17.22
2022-10-27 16:00:00,17.23,17.43,17.17,17.34
2022-10-27 20:00:00,17.35,17.38,16.84,16.88
2022-10-28 00:00:00,16.89,17.12,16.73,17.02
2022-10-28 04:00:00,17.02,17.18,16.93,17.18
2022-10-28 08:00:00,17.18,17.46,17.1,17.27
2022-10-28 12:00:00,17.26,17.8,17.13,17.6
2022-10-28 16:00:00,17.6,18.25,17.57,18.18
2022-10-28 20:00:00,18.17,18.4,18.11,18.33
2022-10-29 00:00:00,18.33,18.79,18.26,18.74
2022-10-29 04:00:00,18.75,18.78,18.33,18.49
2022-10-29 08:00:00,18.48,18.9,18.31,18.38
2022-10-29 12:00:00,18.38,18.7,18.32,18.51
2022-10-29 16:00:00,18.5,18.82,18.35,18.45
2022-10-29 20:00:00,18.45,18.52,18.16,18.29
2022-10-30 00:00:00,18.29,18.44,18.17,18.41
2022-10-30 04:00:00,18.41,18.83,18.3,18.78
2022-10-30 08:00:00,18.78,18.8,18.29,18.5
2022-10-30 12:00:00,18.5,18.52,17.99,18.09
2022-10-30 16:00:00,18.09,18.29,18.0,18.2
2022-10-30 20:00:00,18.21,18.36,17.92,18.26
2022-10-31 00:00:00,18.25,18.74,18.18,18.71
2022-10-31 04:00:00,18.71,18.93,18.45,18.69
2022-10-31 08:00:00,18.69,19.52,18.44,19.36
2022-10-31 12:00:00,19.36,19.83,18.97,19.16
2022-10-31 16:00:00,19.16,19.29,18.83,18.87
2022-10-31 20:00:00,18.87,19.47,18.81,19.28
2022-11-01 00:00:00,19.28,19.49,19.1,19.1
2022-11-01 04:00:00,19.1,19.47,18.95,19.35
2022-11-01 08:00:00,19.36,19.53,19.04,19.1
2022-11-01 12:00:00,19.1,19.21,18.71,18.83
2022-11-01 16:00:00,18.83,18.9,18.59,18.63
2022-11-01 20:00:00,18.63,18.73,18.57,18.62
2022-11-02 00:00:00,18.63,18.64,18.23,18.39
2022-11-02 04:00:00,18.39,18.41,17.95,18.1
2022-11-02 08:00:00,18.1,18.24,17.65,17.86
2022-11-02 12:00:00,17.85,18.2,17.74,18.07
2022-11-02 16:00:00,18.07,18.77,17.69,17.86
2022-11-02 20:00:00,17.86,17.97,17.43,17.91
2022-11-03 00:00:00,17.92,18.77,17.8,18.69
2022-11-03 04:00:00,18.69,18.86,18.47,18.54
2022-11-03 08:00:00,18.54,18.87,18.15,18.27
2022-11-03 12:00:00,18.28,18.49,18.04,18.27
2022-11-03 16:00:00,18.27,18.47,18.26,18.34
2022-11-03 20:00:00,18.35,18.35,17.94,18.03
2022-11-04 00:00:00,18.03,18.56,17.88,18.55
2022-11-04 04:00:00,18.54,19.2,18.45,19.17
2022-11-04 08:00:00,19.18,19.26,18.84,18.85
2022-11-04 12:00:00,18.86,19.69,18.63,19.05
2022-11-04 16:00:00,19.05,19.27,18.91,19.27
2022-11-04 20:00:00,19.27,19.42,19.19,19.38
2022-11-05 00:00:00,19.39,19.86,19.3,19.66
2022-11-05 04:00:00,19.65,19.71,19.45,19.63
2022-11-05 08:00:00,19.63,19.64,19.18,19.44
2022-11-05 12:00:00,19.44,20.26,19.21,19.95
2022-11-05 16:00:00,19.96,20.63,19.62,19.86
2022-11-05 20:00:00,19.86,19.89,19.33,19.61
2022-11-06 00:00:00,19.6,19.75,19.14,19.44
2022-11-06 04:00:00,19.44,19.64,19.31,19.51
2022-11-06 08:00:00,19.51,19.58,19.33,19.42
2022-11-06 12:00:00,19.42,19.45,19.21,19.25
2022-11-06 16:00:00,19.25,19.3,18.87,18.98
2022-11-06 20:00:00,18.98,19.04,18.17,18.23
2022-11-07 00:00:00,18.23,18.64,18.18,18.52
2022-11-07 04:00:00,18.52,18.69,17.73,17.77
2022-11-07 08:00:00,17.77,18.45,17.73,18.34
2022-11-07 12:00:00,18.33,18.59,17.97,18.59
2022-11-07 16:00:00,18.6,18.81,18.33,18.77
2022-11-07 20:00:00,18.77,18.87,17.75,18.08
2022-11-08 00:00:00,18.08,18.16,17.18,17.26
2022-11-08 04:00:00,17.25,17.44,16.13,16.84
2022-11-08 08:00:00,16.83,16.95,16.47,16.55
2022-11-08 12:00:00,16.56,16.94,16.24,16.66
2022-11-08 16:00:00,16.65,17.93,14.82,15.84
2022-11-08 20:00:00,15.83,16.22,15.27,16.02
2022-11-09 00:00:00,16.02,16.16,15.02,15.46
2022-11-09 04:00:00,15.47,15.89,15.15,15.39
2022-11-09 08:00:00,15.4,15.45,14.23,14.82
2022-11-09 12:00:00,14.81,14.93,13.77,13.88
2022-11-09 16:00:00,13.88,14.17,12.72,13.08
2022-11-09 20:00:00,13.08,13.3,12.03,12.91
2022-11-10 00:00:00,12.92,13.79,12.68,13.5
2022-11-10 04:00:00,13.5,14.69,13.37,14.38
2022-11-10 08:00:00,14.38,14.45,13.86,14.18
2022-11-10 12:00:00,14.18,15.83,14.15,15.58
2022-11-10 16:00:00,15.57,15.94,15.03,15.47
2022-11-10 20:00:00,15.47,15.72,15.22,15.42
2022-11-11 00:00:00,15.41,15.46,14.68,14.86
2022-11-11 04:00:00,14.86,15.1,14.51,14.95
2022-11-11 08:00:00,14.95,15.09,14.76,14.89
2022-11-11 12:00:00,14.88,15.12,13.75,14.14
2022-11-11 16:00:00,14.13,14.17,13.58,13.92
2022-11-11 20:00:00,13.91,14.16,13.65,14.13
2022-11-12 00:00:00,14.13,14.15,13.45,13.59
2022-11-12 04:00:00,13.6,13.68,12.89,13.43
2022-11-12 08:00:00,13.43,13.54,13.18,13.35
2022-11-12 12:00:00,13.35,13.46,13.16,13.41
2022-11-12 16:00:00,13.41,13.45,13.29,13.35
2022-11-12 20:00:00,13.34,13.35,12.98,13.09
2022-11-13 00:00:00,13.1,13.36,13.01,13.29
2022-11-13 04:00:00,13.3,13.36,12.81,12.98
2022-11-13 08:00:00,12.98,13.08,12.7,13.01
2022-11-13 12:00:00,13.01,13.35,12.94,13.17
2022-11-13 16:00:00,13.18,13.28,12.94,13.04
2022-11-13 20:00:00,13.04,13.25,12.72,13.02
2022-11-14 00:00:00,13.03,13.12,12.19,12.34
2022-11-14 04:00:00,12.33,13.32,12.06,13.15
2022-11-14 08:00:00,13.15,13.56,13.14,13.34
2022-11-14 12:00:00,13.34,13.61,12.94,13.14
2022-11-14 16:00:00,13.15,13.18,12.82,12.87
2022-11-14 20:00:00,12.87,13.18,12.84,13.14
2022-11-15 00:00:00,13.14,13.4,13.02,13.3
2022-11-15 04:00:00,13.3,13.35,13.07,13.32
2022-11-15 08:00:00,13.32,13.5,13.28,13.37
2022-11-15 12:00:00,13.37,13.71,13.34,13.55
2022-11-15 16:00:00,13.55,14.01,13.33,13.62
2022-11-15 20:00:00,13.63,13.66,13.44,13.51
2022-11-16 00:00:00,13.52,13.72,13.39,13.71
2022-11-16 04:00:00,13.72,13.75,13.42,13.43
2022-11-16 08:00:00,13.43,13.45,13.15,13.19
2022-11-16 12:00:00,13.18,13.28,12.9,12.98
2022-11-16 16:00:00,12.98,13.15,12.81,13.06
2022-11-16 20:00:00,13.05,13.14,12.98,13.07
2022-11-17 00:00:00,13.07,13.31,13.03,13.13
2022-11-17 04:00:00,13.13,13.36,12.95,13.17
2022-11-17 08:00:00,13.18,13.23,12.97,13.06
2022-11-17 12:00:00,13.06,13.08,12.64,12.81
2022-11-17 16:00:00,12.81,13.08,12.78,13.0
2022-11-17 20:00:00,12.99,13.05,12.85,12.87
2022-11-18 00:00:00,12.86,13.29,12.85,13.25
2022-11-18 04:00:00,13.25,13.32,13.12,13.13
2022-11-18 08:00:00,13.13,13.21,13.01,13.17
2022-11-18 12:00:00,13.17,13.23,13.04,13.15
2022-11-18 16:00:00,13.15,13.21,12.89,12.96
2022-11-18 20:00:00,12.96,13.01,12.9,13.0
2022-11-19 00:00:00,13.0,13.0,12.72,12.83
2022-11-19 04:00:00,12.84,12.85,12.49,12.7
2022-11-19 08:00:00,12.69,12.79,12.63,12.79
2022-11-19 12:00:00,12.78,12.89,12.7,12.84
2022-11-19 16:00:00,12.83,12.92,12.78,12.83
2022-11-19 20:00:00,12.83,12.97,12.8,12.89
2022-11-20 00:00:00,12.9,13.06,12.86,12.97
2022-11-20 04:00:00,12.97,13.14,12.97,13.02
2022-11-20 08:00:00,13.03,13.03,12.56,12.62
2022-11-20 12:00:00,12.62,12.82,12.52,12.75
2022-11-20 16:00:00,12.74,12.75,12.45,12.56
2022-11-20 20:00:00,12.55,12.58,12.07,12.19
2022-11-21 00:00:00,12.19,12.2,11.72,11.87
2022-11-21 04:00:00,11.87,12.13,11.83,11.89
2022-11-21 08:00:00,11.9,12.01,11.79,11.87
2022-11-21 12:00:00,11.86,12.1,11.83,12.02
2022-11-21 16:00:00,12.03,12.06,11.57,11.74
2022-11-21 20:00:00,11.73,12.02,11.67,11.82
2022-11-22 00:00:00,11.82,12.05,11.76,11.88
2022-11-22 04:00:00,11.89,11.93,11.49,11.63
2022-11-22 08:00:00,11.63,11.64,11.44,11.52
2022-11-22 12:00:00,11.52,12.37,11.48,12.32
2022-11-22 16:00:00,12.32,12.35,12.12,12.22
2022-11-22 20:00:00,12.22,12.38,12.18,12.36
2022-11-23 00:00:00,12.36,12.83,12.35,12.77
2022-11-23 04:00:00,12.78,12.88,12.64,12.73
2022-11-23 08:00:00,12.73,12.89,12.68,12.79
2022-11-23 12:00:00,12.8,12.81,12.48,12.54
2022-11-23 16:00:00,12.54,12.82,12.42,12.72
2022-11-23 20:00:00,12.72,13.07,12.67,13.06
2022-11-24 00:00:00,13.07,13.38,12.94,13.36
2022-11-24 04:00:00,13.35,13.4,13.11,13.12
2022-11-24 08:00:00,13.11,13.14,12.86,12.9
2022-11-24 12:00:00,12.9,12.96,12.75,12.86
2022-11-24 16:00:00,12.86,12.96,12.81,12.88
2022-11-24 20:00:00,12.87,12.97,12.86,12.95
2022-11-25 00:00:00,12.95,12.96,12.56,12.62
2022-11-25 04:00:00,12.62,12.73,12.52,12.72
2022-11-25 08:00:00,12.72,12.85,12.61,12.82
2022-11-25 12:00:00,12.82,13.04,12.73,12.85
2022-11-25 16:00:00,12.85,12.95,12.73,12.89
2022-11-25 20:00:00,12.9,12.99,12.8,12.82
2022-11-26 00:00:00,12.82,13.25,12.81,13.01
2022-11-26 04:00:00,13.02,13.03,12.87,12.93
2022-11-26 08:00:00,12.93,13.11,12.92,13.06
2022-11-26 12:00:00,13.07,13.18,12.92,12.99
2022-11-26 16:00:00,12.98,13.05,12.69,12.77
2022-11-26 20:00:00,12.76,12.81,12.62,12.78
2022-11-27 00:00:00,12.77,12.94,12.69,12.9
2022-11-27 04:00:00,12.9,13.01,12.89,12.93
2022-11-27 08:00:00,12.93,13.03,12.9,12.98
2022-11-27 12:00:00,12.99,13.23,12.97,13.18
2022-11-27 16:00:00,13.18,13.26,13.09,13.19
2022-11-27 20:00:00,13.19,13.24,12.84,12.86
2022-11-28 00:00:00,12.86,12.99,11.99,12.23
2022-11-28 04:00:00,12.23,12.38,12.17,12.37
2022-11-28 08:00:00,12.37,12.4,12.24,12.29
2022-11-28 12:00:00,12.29,12.49,12.21,12.25
2022-11-28 16:00:00,12.25,12.63,12.11,12.39
2022-11-28 20:00:00,12.4,12.52,12.38,12.45
2022-11-29 00:00:00,12.46,12.5,12.28,12.36
2022-11-29 04:00:00,12.35,12.58,12.35,12.49
2022-11-29 08:00:00,12.49,12.72,12.49,12.63
2022-11-29 12:00:00,12.63,12.64,12.42,12.48
2022-11-29 16:00:00,12.48,12.49,12.35,12.43
2022-11-29 20:00:00,12.42,12.56,12.4,12.47
2022-11-30 00:00:00,12.47,13.11,12.46,12.68
2022-11-30 04:00:00,12.68,13.07,12.68,13.02
2022-11-30 08:00:00,13.02,13.16,12.84,12.97
2022-11-30 12:00:00,12.97,12.98,12.76,12.84
2022-11-30 16:00:00,12.84,13.05,12.53,12.93
2022-11-30 20:00:00,12.94,13.2,12.91,13.15
2022-12-01 00:00:00,13.15,13.32,13.03,13.14
2022-12-01 04:00:00,13.14,13.2,13.0,13.01
2022-12-01 08:00:00,13.01,13.1,12.98,13.09
2022-12-01 12:00:00,13.09,13.16,12.84,13.08
2022-12-01 16:00:00,13.08,13.09,12.89,12.94
2022-12-01 20:00:00,12.93,12.97,12.79,12.9
2022-12-02 00:00:00,12.9,13.07,12.79,12.95
2022-12-02 04:00:00,12.95,13.09,12.83,13.06
2022-12-02 08:00:00,13.06,13.23,13.04,13.16
2022-12-02 12:00:00,13.16,13.25,12.93,13.14
2022-12-02 16:00:00,13.14,13.41,13.05,13.39
2022-12-02 20:00:00,13.4,13.66,13.33,13.58
2022-12-03 00:00:00,13.59,13.74,13.46,13.47
2022-12-03 04:00:00,13.46,13.52,13.3,13.35
2022-12-03 08:00:00,13.34,13.56,13.28,13.5
2022-12-03 12:00:00,13.5,13.65,13.49,13.6
2022-12-03 16:00:00,13.6,13.9,13.57,13.85
2022-12-03 20:00:00,13.84,13.84,13.4,13.4
2022-12-04 00:00:00,13.4,13.79,13.4,13.64
2022-12-04 04:00:00,13.65,13.78,13.59,13.73
2022-12-04 08:00:00,13.72,13.78,13.57,13.61
2022-12-04 12:00:00,13.61,13.76,13.6,13.71
2022-12-04 16:00:00,13.7,13.75,13.58,13.68
2022-12-04 20:00:00,13.69,13.95,13.69,13.93
2022-12-05 00:00:00,13.93,14.19,13.85,14.14
2022-12-05 04:00:00,14.14,14.31,14.1,14.17
2022-12-05 08:00:00,14.18,14.35,14.11,14.15
2022-12-05 12:00:00,14.16,14.16,13.72,13.81
2022-12-05 16:00:00,13.81,13.85,13.38,13.54
2022-12-05 20:00:00,13.54,13.62,13.51,13.6
2022-12-06 00:00:00,13.6,13.68,13.55,13.59
2022-12-06 04:00:00,13.6,13.65,13.5,13.65
2022-12-06 08:00:00,13.65,13.68,13.45,13.58
2022-12-06 12:00:00,13.58,13.64,13.47,13.59
2022-12-06 16:00:00,13.59,13.63,13.47,13.52
2022-12-06 20:00:00,13.52,13.69,13.48,13.67
2022-12-07 00:00:00,13.68,13.7,13.53,13.57
2022-12-07 04:00:00,13.57,13.6,13.0,13.05
2022-12-07 08:00:00,13.05,13.26,13.0,13.19
2022-12-07 12:00:00,13.19,13.3,13.17,13.22
2022-12-07 16:00:00,13.23,13.26,13.14,13.21
2022-12-07 20:00:00,13.2,13.3,13.11,13.28
2022-12-08 00:00:00,13.28,13.34,13.22,13.28
2022-12-08 04:00:00,13.28,13.29,13.16,13.26
2022-12-08 08:00:00,13.27,13.28,13.06,13.19
2022-12-08 12:00:00,13.19,13.28,13.15,13.26
2022-12-08 16:00:00,13.25,13.51,13.23,13.48
2022-12-08 20:00:00,13.49,13.55,13.36,13.42
2022-12-09 00:00:00,13.41,13.52,13.38,13.41
2022-12-09 04:00:00,13.42,13.54,13.4,13.5
2022-12-09 08:00:00,13.49,13.6,13.45,13.54
2022-12-09 12:00:00,13.54,13.63,13.36,13.55
2022-12-09 16:00:00,13.55,13.56,13.4,13.43
2022-12-09 20:00:00,13.43,13.48,13.36,13.46
2022-12-10 00:00:00,13.46,13.47,13.34,13.39
2022-12-10 04:00:00,13.38,13.46,13.37,13.42
2022-12-10 08:00:00,13.43,13.44,13.35,13.41
2022-12-10 12:00:00,13.41,13.5,13.38,13.49
2022-12-10 16:00:00,13.5,14.06,13.45,13.53
2022-12-10 20:00:00,13.53,13.57,13.44,13.49
2022-12-11 00:00:00,13.49,13.5,13.44,13.45
2022-12-11 04:00:00,13.44,13.46,13.41,13.42
2022-12-11 08:00:00,13.41,13.44,13.37,13.43
2022-12-11 12:00:00,13.44,13.45,13.42,13.44
2022-12-11 16:00:00,13.44,13.5,13.41,13.42
2022-12-11 20:00:00,13.42,13.43,12.92,12.98
2022-12-12 00:00:00,12.98,13.0,12.52,12.71
2022-12-12 04:00:00,12.7,12.78,12.69,12.72
2022-12-12 08:00:00,12.73,12.87,12.71,12.85
2022-12-12 12:00:00,12.84,12.85,12.68,12.77
2022-12-12 16:00:00,12.78,12.85,12.71,12.85
2022-12-12 20:00:00,12.85,13.06,12.82,13.0
2022-12-13 00:00:00,13.01,13.04,12.83,12.84
2022-12-13 04:00:00,12.84,12.95,12.55,12.72
2022-12-13 08:00:00,12.71,13.19,12.68,13.16
2022-12-13 12:00:00,13.16,14.4,13.01,13.81
2022-12-13 16:00:00,13.82,13.87,13.48,13.52
2022-12-13 20:00:00,13.52,13.78,13.49,13.76
2022-12-14 00:00:00,13.76,13.85,13.73,13.77
2022-12-14 04:00:00,13.76,13.82,13.63,13.69
2022-12-14 08:00:00,13.69,13.81,13.6,13.75
2022-12-14 12:00:00,13.76,14.04,13.71,14.02
2022-12-14 16:00:00,14.02,14.19,13.56,13.65
2022-12-14 20:00:00,13.64,13.82,13.58,13.71
2022-12-15 00:00:00,13.71,13.89,13.47,13.81
2022-12-15 04:00:00,13.81,13.82,13.55,13.56
2022-12-15 08:00:00,13.56,13.68,13.45,13.62
2022-12-15 12:00:00,13.62,13.63,13.43,13.48
2022-12-15 16:00:00,13.48,13.49,13.16,13.3
2022-12-15 20:00:00,13.31,13.32,13.06,13.17
2022-12-16 00:00:00,13.17,13.29,13.08,13.24
2022-12-16 04:00:00,13.24,13.28,13.12,13.26
2022-12-16 08:00:00,13.26,13.27,12.58,12.72
2022-12-16 12:00:00,12.72,12.74,12.43,12.54
2022-12-16 16:00:00,12.54,12.56,12.33,12.56
2022-12-16 20:00:00,12.56,12.62,11.59,11.84
2022-12-17 00:00:00,11.84,11.92,11.52,11.78
2022-12-17 04:00:00,11.78,11.98,11.71,11.97
2022-12-17 08:00:00,11.97,11.99,11.85,11.88
2022-12-17 12:00:00,11.88,11.92,11.81,11.91
2022-12-17 16:00:00,11.91,11.92,11.78,11.82
2022-12-17 20:00:00,11.81,11.98,11.79,11.95
2022-12-18 00:00:00,11.96,11.98,11.88,11.96
2022-12-18 04:00:00,11.97,12.03,11.88,11.9
2022-12-18 08:00:00,11.9,11.92,11.79,11.89
2022-12-18 12:00:00,11.88,11.93,11.83,11.83
2022-12-18 16:00:00,11.83,11.96,11.81,11.93
2022-12-18 20:00:00,11.94,12.02,11.88,11.93
2022-12-19 00:00:00,11.93,12.1,11.67,11.81
2022-12-19 04:00:00,11.8,11.9,11.79,11.84
2022-12-19 08:00:00,11.84,12.07,11.84,11.97
2022-12-19 12:00:00,11.98,12.02,11.87,11.89
2022-12-19 16:00:00,11.88,11.93,11.58,11.69
2022-12-19 20:00:00,11.7,11.72,11.15,11.39
2022-12-20 00:00:00,11.4,11.79,11.34,11.73
2022-12-20 04:00:00,11.73,12.01,11.71,11.93
2022-12-20 08:00:00,11.94,12.03,11.89,11.95
2022-12-20 12:00:00,11.96,12.05,11.79,11.94
2022-12-20 16:00:00,11.94,11.95,11.82,11.94
2022-12-20 20:00:00,11.94,12.0,11.88,11.95
2022-12-21 00:00:00,11.95,11.98,11.74,11.78
2022-12-21 04:00:00,11.78,11.82,11.68,11.8
2022-12-21 08:00:00,11.79,11.9,11.74,11.89
2022-12-21 12:00:00,11.89,11.9,11.76,11.85
2022-12-21 16:00:00,11.85,11.88,11.7,11.73
2022-12-21 20:00:00,11.72,11.73,11.62,11.71
2022-12-22 00:00:00,11.71,11.8,11.67,11.73
2022-12-22 04:00:00,11.73,11.74,11.61,11.67
2022-12-22 08:00:00,11.67,11.77,11.64,11.73
2022-12-22 12:00:00,11.73,11.76,11.45,11.5
2022-12-22 16:00:00,11.5,11.63,11.47,11.63
2022-12-22 20:00:00,11.63,11.87,11.62,11.85
2022-12-23 00:00:00,11.85,11.88,11.75,11.84
2022-12-23 04:00:00,11.85,11.89,11.8,11.8
2022-12-23 08:00:00,11.8,11.86,11.75,11.82
2022-12-23 12:00:00,11.82,11.86,11.67,11.81
2022-12-23 16:00:00,11.8,11.84,11.73,11.8
2022-12-23 20:00:00,11.79,11.81,11.73,11.79
2022-12-24 00:00:00,11.79,11.82,11.77,11.82
2022-12-24 04:00:00,11.82,11.83,11.69,11.72
2022-12-24 08:00:00,11.71,11.72,11.65,11.7
2022-12-24 12:00:00,11.7,11.71,11.67,11.69
2022-12-24 16:00:00,11.7,11.72,11.65,11.7
2022-12-24 20:00:00,11.69,11.71,11.64,11.67
2022-12-25 00:00:00,11.68,11.74,11.65,11.66
2022-12-25 04:00:00,11.66,11.67,11.61,11.63
2022-12-25 08:00:00,11.62,11.63,11.54,11.59
2022-12-25 12:00:00,11.59,11.64,11.51,11.56
2022-12-25 16:00:00,11.56,11.62,11.52,11.61
2022-12-25 20:00:00,11.61,11.74,11.57,11.68
2022-12-26 00:00:00,11.69,11.78,11.6,11.75
2022-12-26 04:00:00,11.76,11.78,11.67,11.68
2022-12-26 08:00:00,11.68,11.75,11.66,11.72
2022-12-26 12:00:00,11.73,11.76,11.59,11.61
2022-12-26 16:00:00,11.62,11.64,11.57,11.63
2022-12-26 20:00:00,11.62,11.75,11.58,11.71
2022-12-27 00:00:00,11.72,11.76,11.66,11.72
2022-12-27 04:00:00,11.71,11.73,11.68,11.71
2022-12-27 08:00:00,11.7,11.8,11.67,11.73
2022-12-27 12:00:00,11.73,11.8,11.62,11.71
2022-12-27 16:00:00,11.71,11.73,11.53,11.62
2022-12-27 20:00:00,11.63,11.67,11.59,11.64
2022-12-28 00:00:00,11.64,11.68,11.34,11.44
2022-12-28 04:00:00,11.44,11.45,11.12,11.31
2022-12-28 08:00:00,11.32,11.42,11.27,11.35
2022-12-28 12:00:00,11.36,11.49,11.28,11.28
2022-12-28 16:00:00,11.28,11.37,11.27,11.3
2022-12-28 20:00:00,11.29,11.32,11.09,11.21
2022-12-29 00:00:00,11.22,11.22,10.98,11.19
2022-12-29 04:00:00,11.18,11.22,11.15,11.19
2022-12-29 08:00:00,11.19,11.22,11.05,11.15
2022-12-29 12:00:00,11.15,11.22,11.11,11.12
2022-12-29 16:00:00,11.12,11.18,10.97,11.02
2022-12-29 20:00:00,11.01,11.04,10.61,10.98
2022-12-30 00:00:00,10.98,10.99,10.8,10.88
2022-12-30 04:00:00,10.87,10.95,10.69,10.77
2022-12-30 08:00:00,10.77,10.8,10.67,10.72
2022-12-30 12:00:00,10.72,10.8,10.54,10.77
2022-12-30 16:00:00,10.78,10.89,10.73,10.85
2022-12-30 20:00:00,10.85,10.95,10.8,10.87
2022-12-31 00:00:00,10.87,10.91,10.84,10.86
2022-12-31 04:00:00,10.86,10.97,10.86,10.93
2022-12-31 08:00:00,10.92,10.98,10.92,10.94
2022-12-31 12:00:00,10.94,11.08,10.93,10.97
2022-12-31 16:00:00,10.97,11.0,10.93,10.99
2022-12-31 20:00:00,10.99,11.0,10.84,10.9
2023-01-01 00:00:00,10.9,10.91,10.8,10.82
2023-01-01 04:00:00,10.82,10.82,10.68,10.71
2023-01-01 08:00:00,10.71,10.76,10.64,10.76
2023-01-01 12:00:00,10.76,10.78,10.72,10.77
2023-01-01 16:00:00,10.76,10.91,10.74,10.89
2023-01-01 20:00:00,10.89,10.94,10.84,10.87
2023-01-02 00:00:00,10.87,10.92,10.7,10.84
2023-01-02 04:00:00,10.85,11.27,10.83,11.12
2023-01-02 08:00:00,11.12,11.2,11.09,11.14
2023-01-02 12:00:00,11.15,11.22,11.11,11.18
2023-01-02 16:00:00,11.18,11.21,11.13,11.19
2023-01-02 20:00:00,11.19,11.27,11.08,11.16
2023-01-03 00:00:00,11.16,11.2,11.06,11.14
2023-01-03 04:00:00,11.14,11.36,11.14,11.27
2023-01-03 08:00:00,11.28,11.37,11.17,11.28
2023-01-03 12:00:00,11.29,11.44,11.24,11.41
2023-01-03 16:00:00,11.41,11.56,11.26,11.3
2023-01-03 20:00:00,11.31,11.4,11.29,11.38
2023-01-04 00:00:00,11.38,11.87,11.34,11.82
2023-01-04 04:00:00,11.83,12.0,11.73,11.91
2023-01-04 08:00:00,11.9,11.99,11.69,11.77
2023-01-04 12:00:00,11.78,12.15,11.77,12.12
2023-01-04 16:00:00,12.12,12.3,11.95,12.13
2023-01-04 20:00:00,12.13,12.14,11.93,12.08
2023-01-05 00:00:00,12.09,12.15,11.96,12.1
2023-01-05 04:00:00,12.1,12.17,11.95,11.99
2023-01-05 08:00:00,11.99,12.02,11.79,11.89
2023-01-05 12:00:00,11.9,11.92,11.74,11.77
2023-01-05 16:00:00,11.77,11.86,11.71,11.84
2023-01-05 20:00:00,11.84,11.86,11.67,11.74
2023-01-06 00:00:00,11.74,11.82,11.68,11.68
2023-01-06 04:00:00,11.68,11.71,11.48,11.53
2023-01-06 08:00:00,11.53,11.59,11.38,11.45
2023-01-06 12:00:00,11.45,11.61,11.36,11.6
2023-01-06 16:00:00,11.61,11.76,11.53,11.75
2023-01-06 20:00:00,11.76,11.82,11.64,11.78
2023-01-07 00:00:00,11.79,11.87,11.74,11.81
2023-01-07 04:00:00,11.81,11.85,11.74,11.82
2023-01-07 08:00:00,11.83,11.84,11.7,11.72
2023-01-07 12:00:00,11.71,11.75,11.69,11.72
2023-01-07 16:00:00,11.72,11.77,11.65,11.77
2023-01-07 20:00:00,11.77,11.78,11.67,11.75
2023-01-08 00:00:00,11.75,11.77,11.58,11.67
2023-01-08 04:00:00,11.67,11.74,11.66,11.73
2023-01-08 08:00:00,11.72,11.87,11.72,11.8
2023-01-08 12:00:00,11.8,11.98,11.78,11.94
2023-01-08 16:00:00,11.94,11.97,11.79,11.87
2023-01-08 20:00:00,11.88,12.16,11.87,12.09
2023-01-09 00:00:00,12.09,12.62,12.08,12.51
2023-01-09 04:00:00,12.52,12.57,12.41,12.45
2023-01-09 08:00:00,12.44,12.59,12.28,12.41
2023-01-09 12:00:00,12.42,12.65,12.28,12.54
2023-01-09 16:00:00,12.54,12.65,12.32,12.32
2023-01-09 20:00:00,12.32,12.36,12.08,12.19
2023-01-10 00:00:00,12.19,12.42,12.02,12.31
2023-01-10 04:00:00,12.31,12.41,12.25,12.33
2023-01-10 08:00:00,12.33,12.57,12.29,12.46
2023-01-10 12:00:00,12.45,12.95,12.33,12.71
2023-01-10 16:00:00,12.71,12.82,12.57,12.8
2023-01-10 20:00:00,12.8,12.82,12.63,12.73
2023-01-11 00:00:00,12.73,12.78,12.38,12.46
2023-01-11 04:00:00,12.44,12.55,12.38,12.54
2023-01-11 08:00:00,12.53,12.56,12.41,12.5
2023-01-11 12:00:00,12.49,12.59,12.25,12.47
2023-01-11 16:00:00,12.46,15.0,12.37,14.58
2023-01-11 20:00:00,14.58,16.04,14.22,15.86
2023-01-12 00:00:00,15.86,16.5,15.56,15.94
2023-01-12 04:00:00,15.96,16.15,15.22,15.36
2023-01-12 08:00:00,15.35,15.54,15.04,15.22
2023-01-12 12:00:00,15.21,15.71,14.65,14.96
2023-01-12 16:00:00,14.97,15.72,14.86,15.31
2023-01-12 20:00:00,15.31,15.49,15.18,15.43
2023-01-13 00:00:00,15.44,15.46,14.95,15.42
2023-01-13 04:00:00,15.42,15.65,15.21,15.54
2023-01-13 08:00:00,15.54,16.37,15.45,15.61
2023-01-13 12:00:00,15.61,15.79,15.33,15.66
2023-01-13 16:00:00,15.66,15.71,15.36,15.64
2023-01-13 20:00:00,15.64,16.6,15.62,15.96
2023-01-14 00:00:00,15.97,17.18,15.85,16.83
2023-01-14 04:00:00,16.83,18.0,16.5,17.52
2023-01-14 08:00:00,17.53,18.54,15.79,16.99
2023-01-14 12:00:00,16.99,17.41,16.63,17.0
2023-01-14 16:00:00,17.0,17.17,16.63,16.73
2023-01-14 20:00:00,16.72,17.07,16.61,16.94
2023-01-15 00:00:00,16.93,17.04,16.16,16.5
2023-01-15 04:00:00,16.51,16.61,16.11,16.34
2023-01-15 08:00:00,16.35,16.48,16.0,16.4
2023-01-15 12:00:00,16.4,17.2,16.26,17.02
2023-01-15 16:00:00,17.01,17.08,16.48,16.8
2023-01-15 20:00:00,16.8,16.95,16.66,16.8
2023-01-16 00:00:00,16.79,17.34,16.54,16.81
2023-01-16 04:00:00,16.81,17.21,16.76,16.96
2023-01-16 08:00:00,16.97,16.97,16.08,16.51
2023-01-16 12:00:00,16.51,16.63,16.06,16.56
2023-01-16 16:00:00,16.56,16.93,16.45,16.8
2023-01-16 20:00:00,16.81,16.91,16.61,16.74
2023-01-17 00:00:00,16.74,17.46,16.53,16.9
2023-01-17 04:00:00,16.9,17.05,16.76,16.86
2023-01-17 08:00:00,16.85,17.04,16.78,16.92
2023-01-17 12:00:00,16.91,18.21,16.69,17.75
2023-01-17 16:00:00,17.75,17.76,17.32,17.62
2023-01-17 20:00:00,17.61,17.69,17.0,17.12
2023-01-18 00:00:00,17.13,17.37,16.95,17.24
2023-01-18 04:00:00,17.25,17.41,17.1,17.18
2023-01-18 08:00:00,17.18,17.19,16.77,16.86
2023-01-18 12:00:00,16.85,17.32,15.84,16.33
2023-01-18 16:00:00,16.33,16.7,15.5,16.37
2023-01-18 20:00:00,16.37,16.41,15.68,15.82
2023-01-19 00:00:00,15.81,15.94,15.7,15.85
2023-01-19 04:00:00,15.86,16.12,15.85,15.89
2023-01-19 08:00:00,15.9,16.29,15.86,15.94
2023-01-19 12:00:00,15.94,16.13,15.71,15.93
2023-01-19 16:00:00,15.94,16.2,15.77,16.15
2023-01-19 20:00:00,16.15,16.3,16.05,16.19
2023-01-20 00:00:00,16.19,16.29,16.02,16.16
2023-01-20 04:00:00,16.15,16.25,15.88,15.96
2023-01-20 08:00:00,15.96,16.02,15.86,15.98
2023-01-20 12:00:00,15.98,16.27,15.96,16.18
2023-01-20 16:00:00,16.19,16.76,16.17,16.73
2023-01-20 20:00:00,16.74,17.57,16.69,17.48
2023-01-21 00:00:00,17.49,17.59,17.08,17.31
2023-01-21 04:00:00,17.32,17.47,17.2,17.36
2023-01-21 08:00:00,17.36,17.76,16.85,17.21
2023-01-21 12:00:00,17.21,17.49,17.1,17.27
2023-01-21 16:00:00,17.26,17.5,17.21,17.4
2023-01-21 20:00:00,17.39,17.42,16.83,16.88
2023-01-22 00:00:00,16.87,17.08,16.79,16.95
2023-01-22 04:00:00,16.95,17.21,16.92,17.13
2023-01-22 08:00:00,17.13,17.56,17.07,17.38
2023-01-22 12:00:00,17.38,18.45,17.21,18.12
2023-01-22 16:00:00,18.12,18.35,17.73,17.84
2023-01-22 20:00:00,17.84,17.86,17.02,17.34
2023-01-23 00:00:00,17.34,18.06,17.31,17.94
2023-01-23 04:00:00,17.94,18.08,17.6,17.65
2023-01-23 08:00:00,17.66,17.98,17.54,17.89
2023-01-23 12:00:00,17.89,17.9,17.21,17.5
2023-01-23 16:00:00,17.5,17.9,17.41,17.66
2023-01-23 20:00:00,17.66,18.32,17.64,17.97
2023-01-24 00:00:00,17.97,18.97,17.74,18.69
2023-01-24 04:00:00,18.69,18.71,18.46,18.54
2023-01-24 08:00:00,18.55,18.61,18.11,18.19
2023-01-24 12:00:00,18.2,18.29,17.85,18.24
2023-01-24 16:00:00,18.25,18.27,17.8,18.06
2023-01-24 20:00:00,18.07,18.1,16.75,17.0
2023-01-25 00:00:00,16.99,17.07,16.52,16.98
2023-01-25 04:00:00,16.98,17.37,16.95,17.3
2023-01-25 08:00:00,17.31,17.52,17.12,17.25
2023-01-25 12:00:00,17.24,17.75,17.09,17.33
2023-01-25 16:00:00,17.33,17.56,17.19,17.55
2023-01-25 20:00:00,17.55,18.27,17.48,17.79
2023-01-26 00:00:00,17.8,18.07,17.78,18.0
2023-01-26 04:00:00,18.0,18.45,17.94,18.08
2023-01-26 08:00:00,18.08,18.25,17.78,17.94
2023-01-26 12:00:00,17.94,18.8,17.79,18.06
2023-01-26 16:00:00,18.06,18.24,17.85,18.03
2023-01-26 20:00:00,18.03,18.32,17.94,18.08
2023-01-27 00:00:00,18.09,18.24,17.45,17.83
2023-01-27 04:00:00,17.83,18.19,17.8,18.17
2023-01-27 08:00:00,18.17,18.18,17.93,17.98
2023-01-27 12:00:00,17.98,18.17,17.67,18.06
2023-01-27 16:00:00,18.06,19.26,18.04,19.22
2023-01-27 20:00:00,19.22,21.67,19.12,21.2
2023-01-28 00:00:00,21.19,21.81,20.47,21.01
2023-01-28 04:00:00,21.01,21.18,20.38,20.55
2023-01-28 08:00:00,20.55,20.57,20.23,20.45
2023-01-28 12:00:00,20.44,20.83,20.05,20.55
2023-01-28 16:00:00,20.54,21.09,20.5,20.83
2023-01-28 20:00:00,20.83,20.85,20.41,20.54
2023-01-29 00:00:00,20.54,20.87,20.25,20.3
2023-01-29 04:00:00,20.3,20.68,20.08,20.37
2023-01-29 08:00:00,20.38,20.74,20.35,20.67
2023-01-29 12:00:00,20.66,20.86,20.41,20.58
2023-01-29 16:00:00,20.57,21.14,20.43,20.99
2023-01-29 20:00:00,21.0,21.17,20.61,20.99
2023-01-30 00:00:00,20.99,21.08,20.35,20.66
2023-01-30 04:00:00,20.67,20.84,20.57,20.73
2023-01-30 08:00:00,20.73,21.31,19.7,19.97
2023-01-30 12:00:00,19.96,20.58,19.85,20.42
2023-01-30 16:00:00,20.41,21.25,19.83,20.25
2023-01-30 20:00:00,20.24,20.37,19.25,19.74
2023-01-31 00:00:00,19.73,19.75,19.31,19.67
2023-01-31 04:00:00,19.68,19.84,19.45,19.8
2023-01-31 08:00:00,19.8,19.83,19.32,19.5
2023-01-31 12:00:00,19.51,20.09,19.41,19.97
2023-01-31 16:00:00,19.98,20.14,19.79,20.04
2023-01-31 20:00:00,20.03,20.19,19.61,19.8
2023-02-01 00:00:00,19.8,19.93,19.44,19.64
2023-02-01 04:00:00,19.64,19.71,19.04,19.25
2023-02-01 08:00:00,19.25,19.27,18.91,19.17
2023-02-01 12:00:00,19.17,19.3,18.69,18.85
2023-02-01 16:00:00,18.84,20.1,18.72,19.91
2023-02-01 20:00:00,19.91,21.06,19.91,20.95
2023-02-02 00:00:00,20.95,22.44,20.95,22.11
2023-02-02 04:00:00,22.1,22.31,21.54,21.73
2023-02-02 08:00:00,21.73,22.29,21.67,21.87
2023-02-02 12:00:00,21.87,22.79,21.83,22.17
2023-02-02 16:00:00,22.16,22.34,21.78,21.96
2023-02-02 20:00:00,21.96,22.48,20.82,21.21
2023-02-03 00:00:00,21.21,21.36,20.87,21.14
2023-02-03 04:00:00,21.14,21.34,20.96,21.04
2023-02-03 08:00:00,21.04,21.36,20.92,21.35
2023-02-03 12:00:00,21.34,21.96,20.68,21.63
2023-02-03 16:00:00,21.64,21.78,21.17,21.22
2023-02-03 20:00:00,21.22,21.44,21.05,21.36
2023-02-04 00:00:00,21.35,21.49,21.12,21.18
2023-02-04 04:00:00,21.18,21.24,20.97,21.23
2023-02-04 08:00:00,21.23,21.34,21.06,21.25
2023-02-04 12:00:00,21.24,21.69,21.2,21.33
2023-02-04 16:00:00,21.33,21.38,21.08,21.26
2023-02-04 20:00:00,21.25,21.37,20.84,21.04
2023-02-05 00:00:00,21.03,21.15,20.75,20.91
2023-02-05 04:00:00,20.92,21.07,20.86,20.97
2023-02-05 08:00:00,20.96,21.08,20.87,20.88
2023-02-05 12:00:00,20.88,20.96,19.82,20.28
2023-02-05 16:00:00,20.28,20.34,19.74,19.94
2023-02-05 20:00:00,19.94,20.22,19.71,20.08
2023-02-06 00:00:00,20.09,20.25,19.85,19.98
2023-02-06 04:00:00,19.98,20.07,19.58,20.03
2023-02-06 08:00:00,20.02,20.1,19.71,20.03
2023-02-06 12:00:00,20.03,20.38,19.91,20.34
2023-02-06 16:00:00,20.34,20.43,20.14,20.3
2023-02-06 20:00:00,20.29,20.3,19.42,19.58
2023-02-07 00:00:00,19.58,20.04,19.51,19.99
2023-02-07 04:00:00,19.99,20.11,19.93,19.96
2023-02-07 08:00:00,19.97,20.27,19.89,20.16
2023-02-07 12:00:00,20.17,20.24,19.93,20.01
2023-02-07 16:00:00,20.02,20.48,19.69,20.24
2023-02-07 20:00:00,20.25,21.0,20.15,20.83
2023-02-08 00:00:00,20.83,21.02,20.67,20.76
2023-02-08 04:00:00,20.76,20.84,20.52,20.63
2023-02-08 08:00:00,20.62,20.65,20.39,20.63
2023-02-08 12:00:00,20.64,20.8,20.03,20.08
2023-02-08 16:00:00,20.08,20.21,19.62,19.98
2023-02-08 20:00:00,19.97,20.15,19.76,20.11
2023-02-09 00:00:00,20.11,20.24,19.11,19.28
2023-02-09 04:00:00,19.28,19.79,19.1,19.68
2023-02-09 08:00:00,19.69,19.85,19.66,19.72
2023-02-09 12:00:00,19.71,19.97,19.52,19.61
2023-02-09 16:00:00,19.61,19.66,18.23,18.58
2023-02-09 20:00:00,18.59,18.6,17.44,17.9
2023-02-10 00:00:00,17.9,17.98,17.71,17.78
2023-02-10 04:00:00,17.77,18.18,17.49,18.17
2023-02-10 08:00:00,18.17,18.24,17.89,17.9
2023-02-10 12:00:00,17.91,18.18,17.7,17.9
2023-02-10 16:00:00,17.91,18.16,17.71,18.13
2023-02-10 20:00:00,18.13,18.15,17.61,17.79
2023-02-11 00:00:00,17.78,17.88,17.66,17.88
2023-02-11 04:00:00,17.88,17.9,17.71,17.82
2023-02-11 08:00:00,17.82,17.83,17.68,17.81
2023-02-11 12:00:00,17.81,18.09,17.76,17.98
2023-02-11 16:00:00,17.97,17.98,17.7,17.8
2023-02-11 20:00:00,17.81,18.11,17.76,18.01
2023-02-12 00:00:00,18.02,18.05,17.83,17.86
2023-02-12 04:00:00,17.86,17.98,17.78,17.95
2023-02-12 08:00:00,17.95,18.29,17.94,18.17
2023-02-12 12:00:00,18.17,18.24,18.0,18.22
2023-02-12 16:00:00,18.23,18.49,18.22,18.41
2023-02-12 20:00:00,18.4,18.47,17.52,17.78
2023-02-13 00:00:00,17.78,17.86,17.15,17.51
2023-02-13 04:00:00,17.51,17.79,17.49,17.78
2023-02-13 08:00:00,17.78,17.79,16.92,17.29
2023-02-13 12:00:00,17.28,17.77,17.25,17.28
2023-02-13 16:00:00,17.28,17.5,16.84,17.38
2023-02-13 20:00:00,17.39,17.69,17.25,17.63
2023-02-14 00:00:00,17.63,17.7,17.35,17.38
2023-02-14 04:00:00,17.38,17.57,17.34,17.56
2023-02-14 08:00:00,17.55,17.7,17.36,17.68
2023-02-14 12:00:00,17.68,18.29,17.11,18.0
2023-02-14 16:00:00,18.01,18.13,17.82,18.1
2023-02-14 20:00:00,18.09,18.19,17.98,18.14
2023-02-15 00:00:00,18.15,18.18,17.91,18.04
2023-02-15 04:00:00,18.04,18.1,17.93,17.97
2023-02-15 08:00:00,17.96,18.38,17.91,18.36
2023-02-15 12:00:00,18.37,18.67,18.32,18.53
2023-02-15 16:00:00,18.54,19.2,18.49,19.18
2023-02-15 20:00:00,19.19,19.96,19.14,19.94
2023-02-16 00:00:00,19.94,20.39,19.76,20.04
2023-02-16 04:00:00,20.05,20.1,19.75,19.88
2023-02-16 08:00:00,19.88,19.93,19.65,19.7
2023-02-16 12:00:00,19.7,20.06,19.3,20.03
2023-02-16 16:00:00,20.04,20.3,19.63,19.9
2023-02-16 20:00:00,19.9,19.92,18.55,18.59
2023-02-17 00:00:00,18.59,19.04,18.48,19.0
2023-02-17 04:00:00,19.0,19.18,18.84,18.95
2023-02-17 08:00:00,18.95,19.17,18.89,19.1
2023-02-17 12:00:00,19.11,19.33,18.89,19.19
2023-02-17 16:00:00,19.17,19.52,18.94,19.48
2023-02-17 20:00:00,19.49,19.65,19.06,19.45
2023-02-18 00:00:00,19.46,20.11,19.44,19.65
2023-02-18 04:00:00,19.66,19.83,19.55,19.63
2023-02-18 08:00:00,19.63,19.69,19.42,19.54
2023-02-18 12:00:00,19.53,19.8,19.49,19.73
2023-02-18 16:00:00,19.73,19.78,19.33,19.43
2023-02-18 20:00:00,19.43,19.65,19.29,19.54
2023-02-19 00:00:00,19.55,19.68,19.46,19.56
2023-02-19 04:00:00,19.56,19.76,19.54,19.57
2023-02-19 08:00:00,19.58,19.84,19.55,19.8
2023-02-19 12:00:00,19.8,20.4,19.8,20.15
2023-02-19 16:00:00,20.16,20.42,19.53,19.68
2023-02-19 20:00:00,19.67,20.01,19.26,19.81
2023-02-20 00:00:00,19.8,19.97,19.02,19.7
2023-02-20 04:00:00,19.7,20.73,19.69,20.67
2023-02-20 08:00:00,20.66,20.96,20.31,20.91
2023-02-20 12:00:00,20.92,21.38,20.72,21.11
2023-02-20 16:00:00,21.12,21.13,20.7,20.96
2023-02-20 20:00:00,20.96,21.09,20.74,20.82
2023-02-21 00:00:00,20.82,20.97,20.51,20.53
2023-02-21 04:00:00,20.53,20.83,20.42,20.75
2023-02-21 08:00:00,20.75,20.95,19.96,20.11
2023-02-21 12:00:00,20.12,20.63,19.9,20.59
2023-02-21 16:00:00,20.6,21.66,20.19,21.04
2023-02-21 20:00:00,21.05,21.29,20.76,20.98
2023-02-22 00:00:00,20.98,21.56,20.3,21.37
2023-02-22 04:00:00,21.37,21.39,20.5,20.93
2023-02-22 08:00:00,20.93,21.21,19.95,20.27
2023-02-22 12:00:00,20.26,20.46,19.58,19.69
2023-02-22 16:00:00,19.69,20.23,19.58,20.01
2023-02-22 20:00:00,20.01,20.38,19.84,20.32
2023-02-23 00:00:00,20.31,20.69,20.22,20.52
2023-02-23 04:00:00,20.53,20.71,20.44,20.55
2023-02-23 08:00:00,20.55,20.73,19.81,19.92
2023-02-23 12:00:00,19.92,20.28,19.73,19.85
2023-02-23 16:00:00,19.85,19.89,19.53,19.8
2023-02-23 20:00:00,19.8,19.86,19.52,19.71
2023-02-24 00:00:00,19.72,19.82,19.55,19.65
2023-02-24 04:00:00,19.65,19.72,19.48,19.62
2023-02-24 08:00:00,19.63,19.66,19.22,19.51
2023-02-24 12:00:00,19.51,19.62,18.72,18.83
2023-02-24 16:00:00,18.83,18.83,18.13,18.43
2023-02-24 20:00:00,18.43,18.58,18.03,18.39
2023-02-25 00:00:00,18.39,18.41,18.13,18.17
2023-02-25 04:00:00,18.17,18.62,18.15,18.25
2023-02-25 08:00:00,18.25,18.35,18.11,18.21
2023-02-25 12:00:00,18.21,18.27,17.94,18.13
2023-02-25 16:00:00,18.14,18.24,17.75,17.87
2023-02-25 20:00:00,17.87,17.99,17.44,17.94
2023-02-26 00:00:00,17.95,18.09,17.82,18.06
2023-02-26 04:00:00,18.06,18.09,17.95,18.07
2023-02-26 08:00:00,18.07,18.21,17.98,18.18
2023-02-26 12:00:00,18.18,18.22,17.99,18.16
2023-02-26 16:00:00,18.16,18.5,18.03,18.47
2023-02-26 20:00:00,18.46,18.57,18.19,18.43
2023-02-27 00:00:00,18.44,18.45,18.26,18.27
2023-02-27 04:00:00,18.27,18.3,18.04,18.13
2023-02-27 08:00:00,18.13,18.19,17.96,18.12
2023-02-27 12:00:00,18.12,18.65,18.05,18.32
2023-02-27 16:00:00,18.33,18.39,17.71,17.9
2023-02-27 20:00:00,17.89,17.98,17.75,17.93
2023-02-28 00:00:00,17.93,17.94,17.67,17.81
2023-02-28 04:00:00,17.81,17.82,17.36,17.39
2023-02-28 08:00:00,17.4,17.59,17.31,17.53
2023-02-28 12:00:00,17.53,17.68,17.33,17.53
2023-02-28 16:00:00,17.54,17.63,17.17,17.24
2023-02-28 20:00:00,17.24,17.3,16.93,17.09
2023-03-01 00:00:00,17.1,17.53,16.98,17.52
2023-03-01 04:00:00,17.52,17.75,17.45,17.67
2023-03-01 08:00:00,17.67,17.83,17.65,17.76
2023-03-01 12:00:00,17.76,17.81,17.58,17.74
2023-03-01 16:00:00,17.74,17.74,17.31,17.36
2023-03-01 20:00:00,17.35,17.78,17.31,17.77
2023-03-02 00:00:00,17.76,17.86,17.4,17.43
2023-03-02 04:00:00,17.43,17.52,17.14,17.28
2023-03-02 08:00:00,17.28,17.41,17.2,17.32
2023-03-02 12:00:00,17.33,17.35,17.11,17.28
2023-03-02 16:00:00,17.29,17.43,17.14,17.43
2023-03-02 20:00:00,17.42,17.5,17.35,17.47
2023-03-03 00:00:00,17.47,17.48,15.81,16.18
2023-03-03 04:00:00,16.17,16.41,16.14,16.39
2023-03-03 08:00:00,16.39,16.55,16.38,16.5
2023-03-03 12:00:00,16.5,16.64,16.41,16.48
2023-03-03 16:00:00,16.47,16.6,16.42,16.52
2023-03-03 20:00:00,16.53,16.69,16.37,16.66
2023-03-04 00:00:00,16.66,16.9,16.65,16.75
2023-03-04 04:00:00,16.76,16.81,16.58,16.75
2023-03-04 08:00:00,16.74,16.84,16.7,16.74
2023-03-04 12:00:00,16.74,16.77,16.51,16.51
2023-03-04 16:00:00,16.52,16.61,16.22,16.27
2023-03-04 20:00:00,16.27,16.31,15.74,16.14
2023-03-05 00:00:00,16.14,16.52,16.06,16.34
2023-03-05 04:00:00,16.35,16.49,16.31,16.37
2023-03-05 08:00:00,16.37,16.38,16.22,16.24
2023-03-05 12:00:00,16.24,16.39,16.23,16.38
2023-03-05 16:00:00,16.37,16.43,16.3,16.34
2023-03-05 20:00:00,16.35,16.46,16.07,16.14
2023-03-06 00:00:00,16.14,16.19,15.82,16.06
2023-03-06 04:00:00,16.06,16.14,15.91,16.09
2023-03-06 08:00:00,16.09,16.2,15.97,16.14
2023-03-06 12:00:00,16.15,16.65,16.07,16.54
2023-03-06 16:00:00,16.55,16.62,16.37,16.38
2023-03-06 20:00:00,16.39,16.7,16.28,16.52
2023-03-07 00:00:00,16.51,16.73,16.38,16.55
2023-03-07 04:00:00,16.55,16.57,16.44,16.46
2023-03-07 08:00:00,16.46,16.47,16.17,16.18
2023-03-07 12:00:00,16.18,16.33,15.88,16.2
2023-03-07 16:00:00,16.2,16.35,15.95,16.05
2023-03-07 20:00:00,16.04,16.19,15.85,16.17
2023-03-08 00:00:00,16.17,16.26,16.05,16.13
2023-03-08 04:00:00,16.14,16.19,15.83,15.88
2023-03-08 08:00:00,15.88,16.05,15.83,16.01
2023-03-08 12:00:00,16.01,16.02,15.55,15.9
2023-03-08 16:00:00,15.9,15.97,15.28,15.49
2023-03-08 20:00:00,15.49,15.66,15.0,15.12
2023-03-09 00:00:00,15.11,15.41,15.09,15.37
2023-03-09 04:00:00,15.37,15.43,15.26,15.31
2023-03-09 08:00:00,15.32,15.48,15.22,15.48
2023-03-09 12:00:00,15.47,15.69,15.39,15.48
2023-03-09 16:00:00,15.48,15.51,14.81,14.89
2023-03-09 20:00:00,14.88,14.88,14.2,14.41
2023-03-10 00:00:00,14.42,14.55,14.15,14.48
2023-03-10 04:00:00,14.47,14.54,14.23,14.43
2023-03-10 08:00:00,14.43,14.44,13.88,14.39
2023-03-10 12:00:00,14.39,15.28,14.29,14.76
2023-03-10 16:00:00,14.76,14.95,14.57,14.79
2023-03-10 20:00:00,14.79,15.02,14.6,14.8
2023-03-11 00:00:00,14.79,15.19,14.69,14.69
2023-03-11 04:00:00,14.69,14.72,14.02,14.14
2023-03-11 08:00:00,14.15,14.49,14.03,14.19
2023-03-11 12:00:00,14.18,14.3,13.95,14.02
2023-03-11 16:00:00,14.02,14.35,13.93,14.24
2023-03-11 20:00:00,14.24,14.55,14.16,14.51
2023-03-12 00:00:00,14.51,14.52,14.3,14.38
2023-03-12 04:00:00,14.39,14.46,14.22,14.3
2023-03-12 08:00:00,14.29,14.51,14.27,14.45
2023-03-12 12:00:00,14.45,14.5,14.2,14.29
2023-03-12 16:00:00,14.29,15.09,14.24,14.75
2023-03-12 20:00:00,14.75,16.29,14.74,16.18
2023-03-13 00:00:00,16.17,16.44,15.98,16.02
2023-03-13 04:00:00,16.02,16.14,15.97,16.06
2023-03-13 08:00:00,16.05,16.07,15.45,15.7
2023-03-13 12:00:00,15.69,16.78,15.55,16.45
2023-03-13 16:00:00,16.46,16.58,16.26,16.38
2023-03-13 20:00:00,16.38,16.57,16.26,16.47
2023-03-14 00:00:00,16.47,16.53,16.32,16.46
2023-03-14 04:00:00,16.45,16.65,16.2,16.28
2023-03-14 08:00:00,16.28,16.47,16.07,16.32
2023-03-14 12:00:00,16.31,17.91,16.21,17.77
2023-03-14 16:00:00,17.76,17.81,16.87,17.32
2023-03-14 20:00:00,17.32,17.4,16.56,17.15
2023-03-15 00:00:00,17.15,17.38,16.95,17.27
2023-03-15 04:00:00,17.28,17.42,17.07,17.3
2023-03-15 08:00:00,17.3,17.31,16.5,16.84
2023-03-15 12:00:00,16.85,17.1,15.82,15.97
2023-03-15 16:00:00,15.97,15.99,15.33,15.58
2023-03-15 20:00:00,15.58,15.77,15.4,15.55
2023-03-16 00:00:00,15.55,15.72,15.24,15.54
2023-03-16 04:00:00,15.54,15.84,15.32,15.77
2023-03-16 08:00:00,15.77,15.89,15.52,15.82
2023-03-16 12:00:00,15.81,15.86,15.36,15.82
2023-03-16 16:00:00,15.82,16.09,15.64,15.98
2023-03-16 20:00:00,15.99,15.99,15.58,15.83
2023-03-17 00:00:00,15.83,16.27,15.63,16.18
2023-03-17 04:00:00,16.18,16.45,16.06,16.33
2023-03-17 08:00:00,16.33,16.93,16.25,16.9
2023-03-17 12:00:00,16.91,16.92,16.25,16.47
2023-03-17 16:00:00,16.48,16.75,16.38,16.74
2023-03-17 20:00:00,16.74,17.77,16.59,17.64
2023-03-18 00:00:00,17.64,18.25,17.38,17.93
2023-03-18 04:00:00,17.93,17.97,17.6,17.71
2023-03-18 08:00:00,17.71,17.72,17.4,17.66
2023-03-18 12:00:00,17.66,17.72,17.08,17.33
2023-03-18 16:00:00,17.33,17.51,16.85,17.25
2023-03-18 20:00:00,17.25,17.43,16.88,16.98
2023-03-19 00:00:00,16.99,17.36,16.96,17.34
2023-03-19 04:00:00,17.34,17.38,17.04,17.25
2023-03-19 08:00:00,17.24,17.63,17.16,17.55
2023-03-19 12:00:00,17.54,17.85,17.49,17.68
2023-03-19 16:00:00,17.68,18.08,17.64,17.83
2023-03-19 20:00:00,17.82,17.89,17.42,17.53
2023-03-20 00:00:00,17.53,17.78,17.12,17.17
2023-03-20 04:00:00,17.15,17.62,17.0,17.58
2023-03-20 08:00:00,17.58,17.7,17.3,17.37
2023-03-20 12:00:00,17.37,17.48,17.17,17.26
2023-03-20 16:00:00,17.26,17.38,16.65,16.81
2023-03-20 20:00:00,16.81,17.05,16.52,16.64
2023-03-21 00:00:00,16.64,16.92,16.45,16.66
2023-03-21 04:00:00,16.65,16.75,16.34,16.43
2023-03-21 08:00:00,16.43,17.02,16.33,16.96
2023-03-21 12:00:00,16.96,17.55,16.88,17.18
2023-03-21 16:00:00,17.18,17.42,16.98,17.22
2023-03-21 20:00:00,17.22,17.52,17.22,17.44
2023-03-22 00:00:00,17.43,17.57,17.17,17.38
2023-03-22 04:00:00,17.38,17.67,17.27,17.36
2023-03-22 08:00:00,17.36,17.55,17.24,17.42
2023-03-22 12:00:00,17.42,17.93,17.31,17.63
2023-03-22 16:00:00,17.64,17.77,16.28,16.38
2023-03-22 20:00:00,16.37,16.87,16.26,16.74
2023-03-23 00:00:00,16.75,16.9,16.57,16.73
2023-03-23 04:00:00,16.73,17.14,16.68,17.1
2023-03-23 08:00:00,17.1,17.46,17.1,17.41
2023-03-23 12:00:00,17.42,17.86,17.19,17.66
2023-03-23 16:00:00,17.66,17.9,17.29,17.52
2023-03-23 20:00:00,17.52,17.62,17.4,17.54
2023-03-24 00:00:00,17.54,17.65,17.42,17.47
2023-03-24 04:00:00,17.47,17.5,17.31,17.41
2023-03-24 08:00:00,17.41,17.44,17.01,17.25
2023-03-24 12:00:00,17.25,17.31,16.93,17.14
2023-03-24 16:00:00,17.13,17.2,16.66,17.06
2023-03-24 20:00:00,17.06,17.08,16.77,16.95
2023-03-25 00:00:00,16.96,17.15,16.87,17.05
2023-03-25 04:00:00,17.04,17.11,16.83,16.84
2023-03-25 08:00:00,16.84,16.86,16.66,16.76
2023-03-25 12:00:00,16.76,16.87,16.63,16.8
2023-03-25 16:00:00,16.8,16.83,16.39,16.42
2023-03-25 20:00:00,16.41,16.9,16.38,16.89
2023-03-26 00:00:00,16.89,17.05,16.86,17.02
2023-03-26 04:00:00,17.02,17.14,16.94,17.01
2023-03-26 08:00:00,17.01,17.18,16.96,17.08
2023-03-26 12:00:00,17.08,17.29,17.08,17.11
2023-03-26 16:00:00,17.12,17.21,17.02,17.08
2023-03-26 20:00:00,17.07,17.18,16.96,17.12
2023-03-27 00:00:00,17.12,17.15,16.83,16.89
2023-03-27 04:00:00,16.9,16.97,16.72,16.76
2023-03-27 08:00:00,16.75,16.93,16.68,16.88
2023-03-27 12:00:00,16.88,16.96,16.0,16.45
2023-03-27 16:00:00,16.44,16.59,16.37,16.4
2023-03-27 20:00:00,16.39,16.53,16.3,16.49
2023-03-28 00:00:00,16.48,16.57,16.3,16.41
2023-03-28 04:00:00,16.42,16.66,16.39,16.54
2023-03-28 08:00:00,16.55,16.7,16.38,16.62
2023-03-28 12:00:00,16.62,16.69,16.49,16.6
2023-03-28 16:00:00,16.6,16.85,16.34,16.77
2023-03-28 20:00:00,16.77,16.81,16.59,16.71
2023-03-29 00:00:00,16.72,16.84,16.65,16.78
2023-03-29 04:00:00,16.78,17.25,16.78,17.2
2023-03-29 08:00:00,17.2,17.4,17.18,17.31
2023-03-29 12:00:00,17.31,17.34,17.1,17.24
2023-03-29 16:00:00,17.25,17.39,17.11,17.38
2023-03-29 20:00:00,17.37,17.41,17.17,17.31
2023-03-30 00:00:00,17.32,17.57,16.91,17.22
2023-03-30 04:00:00,17.22,17.32,17.16,17.27
2023-03-30 08:00:00,17.26,17.39,17.07,17.38
2023-03-30 12:00:00,17.38,17.56,17.23,17.28
2023-03-30 16:00:00,17.27,17.43,17.11,17.21
2023-03-30 20:00:00,17.21,17.4,17.1,17.23
2023-03-31 00:00:00,17.23,17.45,17.15,17.41
2023-03-31 04:00:00,17.41,17.51,17.08,17.26
2023-03-31 08:00:00,17.25,17.35,17.11,17.16
2023-03-31 12:00:00,17.16,17.79,17.08,17.55
2023-03-31 16:00:00,17.55,17.74,17.49,17.72
2023-03-31 20:00:00,17.73,17.84,17.58,17.7
2023-04-01 00:00:00,17.7,17.89,17.66,17.78
2023-04-01 04:00:00,17.78,17.84,17.55,17.66
2023-04-01 08:00:00,17.66,17.73,17.61,17.61
2023-04-01 12:00:00,17.61,17.7,17.54,17.66
2023-04-01 16:00:00,17.65,17.77,17.56,17.64
2023-04-01 20:00:00,17.64,17.84,17.63,17.8
2023-04-02 00:00:00,17.79,17.85,17.59,17.72
2023-04-02 04:00:00,17.72,17.77,17.65,17.72
2023-04-02 08:00:00,17.72,17.8,17.62,17.71
2023-04-02 12:00:00,17.72,17.74,17.22,17.37
2023-04-02 16:00:00,17.36,17.42,17.06,17.16
2023-04-02 20:00:00,17.15,17.29,17.09,17.25
2023-04-03 00:00:00,17.24,17.27,16.81,16.95
2023-04-03 04:00:00,16.95,17.15,16.88,17.14
2023-04-03 08:00:00,17.13,17.4,17.12,17.25
2023-04-03 12:00:00,17.26,17.38,17.07,17.2
2023-04-03 16:00:00,17.21,17.45,17.01,17.29
2023-04-03 20:00:00,17.29,17.32,16.65,17.11
2023-04-04 00:00:00,17.1,17.15,16.97,17.06
2023-04-04 04:00:00,17.07,17.23,17.01,17.14
2023-04-04 08:00:00,17.14,17.42,17.1,17.38
2023-04-04 12:00:00,17.38,17.48,17.23,17.37
2023-04-04 16:00:00,17.37,17.64,17.33,17.53
2023-04-04 20:00:00,17.53,17.67,17.52,17.65
2023-04-05 00:00:00,17.65,18.15,17.44,18.1
2023-04-05 04:00:00,18.11,18.25,18.02,18.18
2023-04-05 08:00:00,18.19,18.28,18.11,18.27
2023-04-05 12:00:00,18.27,18.38,17.67,17.83
2023-04-05 16:00:00,17.83,17.96,17.66,17.9
2023-04-05 20:00:00,17.9,18.05,17.84,18.0
2023-04-06 00:00:00,17.99,18.02,17.63,17.91
2023-04-06 04:00:00,17.91,17.92,17.72,17.76
2023-04-06 08:00:00,17.76,17.97,17.71,17.91
2023-04-06 12:00:00,17.92,18.35,17.8,18.25
2023-04-06 16:00:00,18.25,18.31,18.0,18.08
2023-04-06 20:00:00,18.08,18.2,17.88,17.97
2023-04-07 00:00:00,17.98,18.14,17.93,17.98
2023-04-07 04:00:00,17.99,18.06,17.67,17.7
2023-04-07 08:00:00,17.7,17.76,17.54,17.6
2023-04-07 12:00:00,17.6,17.69,17.42,17.66
2023-04-07 16:00:00,17.66,17.7,17.56,17.61
2023-04-07 20:00:00,17.61,17.68,17.54,17.6
2023-04-08 00:00:00,17.6,17.63,17.43,17.6
2023-04-08 04:00:00,17.59,17.74,17.58,17.7
2023-04-08 08:00:00,17.7,17.72,17.64,17.65
2023-04-08 12:00:00,17.66,17.7,17.58,17.65
2023-04-08 16:00:00,17.65,17.65,17.45,17.52
2023-04-08 20:00:00,17.52,17.54,17.33,17.45
2023-04-09 00:00:00,17.45,17.58,17.44,17.48
2023-04-09 04:00:00,17.47,17.56,17.26,17.3
2023-04-09 08:00:00,17.3,17.39,17.25,17.37
2023-04-09 12:00:00,17.38,17.46,17.27,17.35
2023-04-09 16:00:00,17.35,17.58,17.33,17.49
2023-04-09 20:00:00,17.49,17.65,17.44,17.54
2023-04-10 00:00:00,17.54,17.63,17.43,17.54
2023-04-10 04:00:00,17.55,17.62,17.48,17.53
2023-04-10 08:00:00,17.54,17.64,17.51,17.53
2023-04-10 12:00:00,17.53,17.57,17.37,17.49
2023-04-10 16:00:00,17.49,17.89,17.43,17.75
2023-04-10 20:00:00,17.75,17.97,17.49,17.94
2023-04-11 00:00:00,17.93,18.09,17.87,18.04
2023-04-11 04:00:00,18.04,18.36,18.0,18.31
2023-04-11 08:00:00,18.32,18.45,18.19,18.41
2023-04-11 12:00:00,18.41,18.62,18.29,18.45
2023-04-11 16:00:00,18.46,18.48,18.18,18.21
2023-04-11 20:00:00,18.21,18.24,18.1,18.14
2023-04-12 00:00:00,18.13,18.23,17.68,17.75
2023-04-12 04:00:00,17.75,18.11,17.7,18.1
2023-04-12 08:00:00,18.11,18.16,17.96,18.0
2023-04-12 12:00:00,18.0,18.71,17.79,18.13
2023-04-12 16:00:00,18.13,19.21,17.87,17.97
2023-04-12 20:00:00,17.98,18.28,17.96,18.26
2023-04-13 00:00:00,18.26,18.59,18.11,18.54
2023-04-13 04:00:00,18.55,18.59,18.3,18.45
2023-04-13 08:00:00,18.44,18.89,18.43,18.67
2023-04-13 12:00:00,18.68,18.98,18.68,18.88
2023-04-13 16:00:00,18.89,19.08,18.79,18.91
2023-04-13 20:00:00,18.91,18.92,18.75,18.84
2023-04-14 00:00:00,18.83,19.32,18.81,19.21
2023-04-14 04:00:00,19.2,19.32,18.94,18.97
2023-04-14 08:00:00,18.97,19.16,18.96,19.13
2023-04-14 12:00:00,19.13,19.14,18.46,18.55
2023-04-14 16:00:00,18.55,18.93,18.47,18.92
2023-04-14 20:00:00,18.93,19.28,18.86,19.22
2023-04-15 00:00:00,19.22,19.25,19.07,19.21
2023-04-15 04:00:00,19.21,19.22,18.99,19.15
2023-04-15 08:00:00,19.15,19.48,19.1,19.45
2023-04-15 12:00:00,19.45,19.52,19.08,19.2
2023-04-15 16:00:00,19.19,19.29,19.0,19.11
2023-04-15 20:00:00,19.11,19.14,18.99,19.07
2023-04-16 00:00:00,19.07,19.2,18.84,19.16
2023-04-16 04:00:00,19.15,19.38,19.13,19.36
2023-04-16 08:00:00,19.36,19.43,19.03,19.06
2023-04-16 12:00:00,19.05,19.21,18.97,19.19
2023-04-16 16:00:00,19.19,19.5,19.14,19.3
2023-04-16 20:00:00,19.31,20.55,19.13,20.17
2023-04-17 00:00:00,20.17,21.09,19.96,20.64
2023-04-17 04:00:00,20.63,21.06,20.45,20.58
2023-04-17 08:00:00,20.58,20.73,20.2,20.38
2023-04-17 12:00:00,20.37,21.28,20.37,20.73
2023-04-17 16:00:00,20.72,20.98,20.47,20.66
2023-04-17 20:00:00,20.67,20.72,20.45,20.51
2023-04-18 00:00:00,20.52,20.9,20.26,20.86
2023-04-18 04:00:00,20.86,21.49,20.76,21.46
2023-04-18 08:00:00,21.45,21.56,21.23,21.45
2023-04-18 12:00:00,21.45,21.52,21.05,21.13
2023-04-18 16:00:00,21.13,21.2,20.89,20.95
2023-04-18 20:00:00,20.94,21.23,20.88,21.2
2023-04-19 00:00:00,21.2,21.22,21.0,21.07
2023-04-19 04:00:00,21.07,21.11,20.68,20.71
2023-04-19 08:00:00,20.71,20.72,18.7,19.57
2023-04-19 12:00:00,19.57,19.87,19.43,19.68
2023-04-19 16:00:00,19.69,19.73,19.37,19.42
2023-04-19 20:00:00,19.41,19.49,18.55,18.98
2023-04-20 00:00:00,18.98,19.16,18.76,18.98
2023-04-20 04:00:00,18.99,19.27,18.97,19.07
2023-04-20 08:00:00,19.07,19.21,18.72,18.78
2023-04-20 12:00:00,18.79,19.43,18.74,18.89
2023-04-20 16:00:00,18.89,18.89,18.13,18.44
2023-04-20 20:00:00,18.44,18.58,18.28,18.3
2023-04-21 00:00:00,18.3,18.52,18.23,18.44
2023-04-21 04:00:00,18.43,18.44,17.78,18.2
2023-04-21 08:00:00,18.21,18.3,17.79,17.88
2023-04-21 12:00:00,17.88,18.08,17.68,17.76
2023-04-21 16:00:00,17.75,17.82,16.72,16.95
2023-04-21 20:00:00,16.94,17.03,16.72,16.94
2023-04-22 00:00:00,16.94,17.08,16.81,17.06
2023-04-22 04:00:00,17.06,17.18,16.91,16.96
2023-04-22 08:00:00,16.96,17.19,16.95,17.16
2023-04-22 12:00:00,17.16,17.36,17.09,17.24
2023-04-22 16:00:00,17.24,17.34,17.09,17.18
2023-04-22 20:00:00,17.17,17.29,17.09,17.21
2023-04-23 00:00:00,17.22,17.23,16.91,17.05
2023-04-23 04:00:00,17.05,17.2,17.01,17.19
2023-04-23 08:00:00,17.19,17.22,17.1,17.19
2023-04-23 12:00:00,17.19,17.25,16.78,16.88
2023-04-23 16:00:00,16.88,16.99,16.49,16.64
2023-04-23 20:00:00,16.64,16.93,16.57,16.84
2023-04-24 00:00:00,16.85,17.07,16.59,16.89
2023-04-24 04:00:00,16.89,16.91,16.55,16.73
2023-04-24 08:00:00,16.73,17.05,16.54,17.04
2023-04-24 12:00:00,17.05,17.26,16.88,16.92
2023-04-24 16:00:00,16.92,17.14,16.66,16.96
2023-04-24 20:00:00,16.95,17.05,16.88,16.92
2023-04-25 00:00:00,16.93,17.0,16.75,16.83
2023-04-25 04:00:00,16.83,17.21,16.79,16.98
2023-04-25 08:00:00,16.98,17.13,16.92,17.04
2023-04-25 12:00:00,17.04,17.19,16.89,16.96
2023-04-25 16:00:00,16.95,17.28,16.86,17.14
2023-04-25 20:00:00,17.14,17.77,17.13,17.63
2023-04-26 00:00:00,17.62,17.72,17.44,17.46
2023-04-26 04:00:00,17.46,17.6,17.42,17.46
2023-04-26 08:00:00,17.46,17.98,17.44,17.84
2023-04-26 12:00:00,17.84,18.24,17.83,18.1
2023-04-26 16:00:00,18.11,18.13,16.56,16.78
2023-04-26 20:00:00,16.77,17.24,16.27,17.18
2023-04-27 00:00:00,17.18,17.74,17.11,17.37
2023-04-27 04:00:00,17.37,17.62,17.25,17.43
2023-04-27 08:00:00,17.43,17.49,17.32,17.39
2023-04-27 12:00:00,17.39,17.74,17.17,17.66
2023-04-27 16:00:00,17.67,17.92,17.53,17.83
2023-04-27 20:00:00,17.83,17.93,17.59,17.72
2023-04-28 00:00:00,17.72,17.76,17.61,17.67
2023-04-28 04:00:00,17.67,17.81,17.65,17.8
2023-04-28 08:00:00,17.8,17.81,17.46,17.47
2023-04-28 12:00:00,17.46,17.62,17.21,17.39
2023-04-28 16:00:00,17.4,17.62,17.29,17.55
2023-04-28 20:00:00,17.55,17.6,17.47,17.55
2023-04-29 00:00:00,17.56,17.62,17.43,17.57
2023-04-29 04:00:00,17.56,17.66,17.49,17.54
2023-04-29 08:00:00,17.53,17.59,17.47,17.52
2023-04-29 12:00:00,17.52,17.72,17.5,17.61
2023-04-29 16:00:00,17.61,17.68,17.33,17.56
2023-04-29 20:00:00,17.56,17.58,17.37,17.49
2023-04-30 00:00:00,17.49,17.49,17.26,17.31
2023-04-30 04:00:00,17.31,17.44,17.27,17.39
2023-04-30 08:00:00,17.4,17.5,17.35,17.38
2023-04-30 12:00:00,17.37,17.85,17.33,17.63
2023-04-30 16:00:00,17.63,17.77,17.18,17.34
2023-04-30 20:00:00,17.34,17.34,17.07,17.1
2023-05-01 00:00:00,17.1,17.21,16.69,16.95
2023-05-01 04:00:00,16.95,17.12,16.85,17.09
2023-05-01 08:00:00,17.08,17.14,16.97,16.98
2023-05-01 12:00:00,16.98,17.07,16.78,16.83
2023-05-01 16:00:00,16.84,16.95,16.6,16.62
2023-05-01 20:00:00,16.63,16.71,16.51,16.65
2023-05-02 00:00:00,16.64,16.67,16.49,16.61
2023-05-02 04:00:00,16.6,16.7,16.52,16.68
2023-05-02 08:00:00,16.68,16.74,16.56,16.64
2023-05-02 12:00:00,16.64,16.91,16.5,16.84
2023-05-02 16:00:00,16.85,16.97,16.77,16.9
2023-05-02 20:00:00,16.91,16.93,16.82,16.84
2023-05-03 00:00:00,16.84,16.85,16.6,16.73
2023-05-03 04:00:00,16.73,16.8,16.67,16.69
2023-05-03 08:00:00,16.69,16.78,16.59,16.59
2023-05-03 12:00:00,16.59,16.64,16.39,16.56
2023-05-03 16:00:00,16.55,17.37,16.5,16.94
2023-05-03 20:00:00,16.94,17.34,16.93,17.21
2023-05-04 00:00:00,17.22,17.27,17.11,17.17
2023-05-04 04:00:00,17.17,17.18,17.04,17.06
2023-05-04 08:00:00,17.05,17.18,17.01,17.08
2023-05-04 12:00:00,17.07,17.11,16.78,16.9
2023-05-04 16:00:00,16.89,17.02,16.82,16.92
2023-05-04 20:00:00,16.92,16.97,16.82,16.93
2023-05-05 00:00:00,16.93,17.2,16.88,17.02
2023-05-05 04:00:00,17.03,17.11,16.94,17.01
2023-05-05 08:00:00,17.02,17.1,16.96,17.04
2023-05-05 12:00:00,17.05,17.18,16.73,17.03
2023-05-05 16:00:00,17.04,17.73,17.03,17.38
2023-05-05 20:00:00,17.38,17.42,17.31,17.38
2023-05-06 00:00:00,17.38,17.51,17.15,17.19
2023-05-06 04:00:00,17.19,17.25,16.99,17.01
2023-05-06 08:00:00,17.0,17.07,16.83,16.97
2023-05-06 12:00:00,16.96,16.98,16.44,16.49
2023-05-06 16:00:00,16.48,16.73,16.43,16.65
2023-05-06 20:00:00,16.66,16.69,16.55,16.58
2023-05-07 00:00:00,16.58,16.7,16.46,16.5
2023-05-07 04:00:00,16.5,16.69,16.5,16.66
2023-05-07 08:00:00,16.67,16.7,16.54,16.58
2023-05-07 12:00:00,16.59,16.73,16.58,16.64
2023-05-07 16:00:00,16.65,16.7,16.51,16.56
2023-05-07 20:00:00,16.57,16.67,16.31,16.41
2023-05-08 00:00:00,16.41,16.5,15.66,15.99
2023-05-08 04:00:00,15.98,16.0,15.59,15.71
2023-05-08 08:00:00,15.71,15.96,15.64,15.92
2023-05-08 12:00:00,15.92,15.96,15.71,15.75
2023-05-08 16:00:00,15.75,15.77,14.8,15.25
2023-05-08 20:00:00,15.25,15.44,15.22,15.42
2023-05-09 00:00:00,15.42,15.54,15.35,15.46
2023-05-09 04:00:00,15.46,15.58,15.34,15.51
2023-05-09 08:00:00,15.51,15.52,15.35,15.44
2023-05-09 12:00:00,15.44,15.51,15.23,15.27
2023-05-09 16:00:00,15.27,15.42,15.21,15.35
2023-05-09 20:00:00,15.35,15.4,15.25,15.31
2023-05-10 00:00:00,15.32,15.48,15.28,15.29
2023-05-10 04:00:00,15.29,15.38,15.26,15.27
2023-05-10 08:00:00,15.28,15.31,15.08,15.23
2023-05-10 12:00:00,15.22,15.74,15.16,15.57
2023-05-10 16:00:00,15.57,15.64,14.66,15.49
2023-05-10 20:00:00,15.49,15.68,15.28,15.52
2023-05-11 00:00:00,15.52,15.53,15.3,15.34
2023-05-11 04:00:00,15.34,15.44,15.29,15.35
2023-05-11 08:00:00,15.35,15.37,15.13,15.32
2023-05-11 12:00:00,15.32,15.47,14.9,15.1
2023-05-11 16:00:00,15.1,15.13,14.76,14.92
2023-05-11 20:00:00,14.92,15.02,14.87,14.95
2023-05-12 00:00:00,14.96,15.0,14.53,14.7
2023-05-12 04:00:00,14.71,14.93,14.63,14.9
2023-05-12 08:00:00,14.9,15.0,14.85,14.96
2023-05-12 12:00:00,14.95,15.06,14.79,14.82
2023-05-12 16:00:00,14.82,14.97,14.52,14.94
2023-05-12 20:00:00,14.94,15.22,14.88,15.19
2023-05-13 00:00:00,15.19,15.21,15.08,15.1
2023-05-13 04:00:00,15.11,15.14,15.05,15.13
2023-05-13 08:00:00,15.12,15.19,15.06,15.1
2023-05-13 12:00:00,15.1,15.13,14.91,14.95
2023-05-13 16:00:00,14.95,15.03,14.9,14.95
2023-05-13 20:00:00,14.96,14.99,14.9,14.91
2023-05-14 00:00:00,14.91,14.96,14.79,14.94
2023-05-14 04:00:00,14.94,15.0,14.91,14.97
2023-05-14 08:00:00,14.97,15.01,14.93,14.98
2023-05-14 12:00:00,14.98,15.14,14.93,15.12
2023-05-14 16:00:00,15.11,15.14,14.87,14.92
2023-05-14 20:00:00,14.91,15.05,14.87,15.03
2023-05-15 00:00:00,15.02,15.2,14.8,15.12
2023-05-15 04:00:00,15.13,15.29,15.09,15.28
2023-05-15 08:00:00,15.28,15.35,15.24,15.25
2023-05-15 12:00:00,15.25,15.33,15.14,15.32
2023-05-15 16:00:00,15.31,15.35,15.13,15.19
2023-05-15 20:00:00,15.19,15.22,15.03,15.08
2023-05-16 00:00:00,15.08,15.16,14.82,14.94
2023-05-16 04:00:00,14.93,15.05,14.9,15.03
2023-05-16 08:00:00,15.04,15.06,14.9,14.94
2023-05-16 12:00:00,14.93,14.98,14.82,14.88
2023-05-16 16:00:00,14.88,14.95,14.74,14.79
2023-05-16 20:00:00,14.78,14.92,14.73,14.9
2023-05-17 00:00:00,14.91,15.07,14.82,14.97
2023-05-17 04:00:00,14.98,15.03,14.81,14.83
2023-05-17 08:00:00,14.83,14.89,14.71,14.74
2023-05-17 12:00:00,14.73,14.83,14.61,14.72
2023-05-17 16:00:00,14.72,15.29,14.67,15.23
2023-05-17 20:00:00,15.24,15.3,15.14,15.17
2023-05-18 00:00:00,15.18,15.19,15.07,15.16
2023-05-18 04:00:00,15.17,15.19,14.96,15.06
2023-05-18 08:00:00,15.07,15.1,14.99,15.02
2023-05-18 12:00:00,15.02,15.04,14.8,14.83
2023-05-18 16:00:00,14.82,14.88,14.42,14.59
2023-05-18 20:00:00,14.59,14.83,14.55,14.68
2023-05-19 00:00:00,14.68,14.71,14.57,14.67
2023-05-19 04:00:00,14.66,14.74,14.64,14.7
2023-05-19 08:00:00,14.7,14.76,14.63,14.65
2023-05-19 12:00:00,14.66,14.84,14.56,14.7
2023-05-19 16:00:00,14.7,14.8,14.66,14.71
2023-05-19 20:00:00,14.71,14.72,14.65,14.68
2023-05-20 00:00:00,14.68,14.68,14.54,14.64
2023-05-20 04:00:00,14.64,14.64,14.53,14.57
2023-05-20 08:00:00,14.58,14.62,14.56,14.59
2023-05-20 12:00:00,14.59,14.66,14.57,14.65
2023-05-20 16:00:00,14.65,14.71,14.58,14.66
2023-05-20 20:00:00,14.66,14.67,14.6,14.63
2023-05-21 00:00:00,14.63,14.7,14.59,14.62
2023-05-21 04:00:00,14.62,14.66,14.6,14.62
2023-05-21 08:00:00,14.63,14.63,14.44,14.46
2023-05-21 12:00:00,14.46,14.51,14.24,14.35
2023-05-21 16:00:00,14.35,14.39,14.27,14.37
2023-05-21 20:00:00,14.37,14.38,14.17,14.31
2023-05-22 00:00:00,14.31,14.34,14.08,14.27
2023-05-22 04:00:00,14.27,14.41,14.24,14.34
2023-05-22 08:00:00,14.35,14.63,14.34,14.57
2023-05-22 12:00:00,14.57,14.63,14.43,14.59
2023-05-22 16:00:00,14.58,14.78,14.56,14.68
2023-05-22 20:00:00,14.67,14.79,14.66,14.68
2023-05-23 00:00:00,14.68,14.97,14.6,14.92
2023-05-23 04:00:00,14.92,14.96,14.71,14.79
2023-05-23 08:00:00,14.8,14.82,14.73,14.75
2023-05-23 12:00:00,14.76,14.9,14.67,14.78
2023-05-23 16:00:00,14.78,14.79,14.6,14.67
2023-05-23 20:00:00,14.67,14.72,14.63,14.71
2023-05-24 00:00:00,14.71,14.72,14.32,14.4
2023-05-24 04:00:00,14.4,14.45,14.3,14.31
2023-05-24 08:00:00,14.31,14.42,14.3,14.34
2023-05-24 12:00:00,14.34,14.39,14.0,14.1
2023-05-24 16:00:00,14.09,14.16,14.02,14.12
2023-05-24 20:00:00,14.12,14.21,14.1,14.14
2023-05-25 00:00:00,14.14,14.16,13.71,14.12
2023-05-25 04:00:00,14.11,14.2,14.09,14.14
2023-05-25 08:00:00,14.14,14.2,14.11,14.18
2023-05-25 12:00:00,14.17,14.25,13.98,14.03
2023-05-25 16:00:00,14.04,14.25,14.03,14.14
2023-05-25 20:00:00,14.14,14.16,14.05,14.08
2023-05-26 00:00:00,14.08,14.12,13.99,14.09
2023-05-26 04:00:00,14.1,14.1,13.96,14.09
2023-05-26 08:00:00,14.09,14.15,14.07,14.13
2023-05-26 12:00:00,14.13,14.3,14.09,14.27
2023-05-26 16:00:00,14.28,14.39,14.11,14.36
2023-05-26 20:00:00,14.36,14.39,14.3,14.33
2023-05-27 00:00:00,14.33,14.45,14.31,14.44
2023-05-27 04:00:00,14.44,14.48,14.38,14.4
2023-05-27 08:00:00,14.4,14.41,14.26,14.28
2023-05-27 12:00:00,14.28,14.39,14.27,14.36
2023-05-27 16:00:00,14.37,14.43,14.3,14.41
2023-05-27 20:00:00,14.41,14.62,14.41,14.56
2023-05-28 00:00:00,14.56,14.79,14.5,14.76
2023-05-28 04:00:00,14.76,14.82,14.68,14.72
2023-05-28 08:00:00,14.73,14.74,14.24,14.49
2023-05-28 12:00:00,14.49,14.53,14.41,14.53
2023-05-28 16:00:00,14.53,14.75,14.47,14.64
2023-05-28 20:00:00,14.63,15.06,14.63,14.89
2023-05-29 00:00:00,14.9,14.98,14.73,14.73
2023-05-29 04:00:00,14.74,14.81,14.65,14.7
2023-05-29 08:00:00,14.71,14.74,14.62,14.68
2023-05-29 12:00:00,14.68,14.69,14.47,14.48
2023-05-29 16:00:00,14.48,14.52,14.38,14.47
2023-05-29 20:00:00,14.47,14.5,14.35,14.48
2023-05-30 00:00:00,14.48,14.57,14.37,14.48
2023-05-30 04:00:00,14.48,14.56,14.41,14.49
2023-05-30 08:00:00,14.49,14.73,14.48,14.72
2023-05-30 12:00:00,14.72,14.72,14.39,14.46
2023-05-30 16:00:00,14.46,14.57,14.37,14.53
2023-05-30 20:00:00,14.53,14.56,14.42,14.45
2023-05-31 00:00:00,14.44,14.46,14.17,14.32
2023-05-31 04:00:00,14.33,14.33,14.04,14.13
2023-05-31 08:00:00,14.14,14.16,14.03,14.1
2023-05-31 12:00:00,14.1,14.14,13.96,14.03
2023-05-31 16:00:00,14.03,14.12,14.02,14.08
2023-05-31 20:00:00,14.09,14.14,14.01,14.11
2023-06-01 00:00:00,14.1,14.19,13.83,14.02
2023-06-01 04:00:00,14.02,14.08,13.98,14.0
2023-06-01 08:00:00,14.0,14.17,13.98,14.14
2023-06-01 12:00:00,14.15,14.23,14.12,14.2
2023-06-01 16:00:00,14.21,14.3,14.08,14.17
2023-06-01 20:00:00,14.16,14.19,14.06,14.09
2023-06-02 00:00:00,14.09,14.28,13.96,14.25
2023-06-02 04:00:00,14.25,14.39,14.24,14.34
2023-06-02 08:00:00,14.33,14.5,14.33,14.45
2023-06-02 12:00:00,14.45,14.5,14.32,14.46
2023-06-02 16:00:00,14.46,14.57,14.37,14.5
2023-06-02 20:00:00,14.51,14.55,14.38,14.49
2023-06-03 00:00:00,14.49,14.54,14.39,14.47
2023-06-03 04:00:00,14.48,14.58,14.47,14.57
2023-06-03 08:00:00,14.58,14.58,14.5,14.53
2023-06-03 12:00:00,14.53,14.6,14.48,14.58
2023-06-03 16:00:00,14.59,14.6,14.45,14.49
2023-06-03 20:00:00,14.48,14.58,14.47,14.58
2023-06-04 00:00:00,14.57,14.63,14.52,14.61
2023-06-04 04:00:00,14.62,14.71,14.6,14.7
2023-06-04 08:00:00,14.71,14.77,14.67,14.73
2023-06-04 12:00:00,14.74,14.8,14.71,14.79
2023-06-04 16:00:00,14.8,14.89,14.77,14.85
2023-06-04 20:00:00,14.85,14.93,14.75,14.79
2023-06-05 00:00:00,14.79,14.88,14.65,14.67
2023-06-05 04:00:00,14.66,14.82,14.62,14.8
2023-06-05 08:00:00,14.81,14.87,14.72,14.82
2023-06-05 12:00:00,14.82,14.9,13.98,14.01
2023-06-05 16:00:00,14.01,14.11,13.48,13.93
2023-06-05 20:00:00,13.93,13.93,13.78,13.87
2023-06-06 00:00:00,13.87,14.0,13.82,14.0
2023-06-06 04:00:00,14.0,14.17,13.99,14.11
2023-06-06 08:00:00,14.11,14.15,14.03,14.07
2023-06-06 12:00:00,14.08,14.26,13.81,14.18
2023-06-06 16:00:00,14.19,14.66,14.17,14.6
2023-06-06 20:00:00,14.61,14.67,14.5,14.62
2023-06-07 00:00:00,14.63,14.7,14.47,14.62
2023-06-07 04:00:00,14.62,14.66,14.51,14.55
2023-06-07 08:00:00,14.55,14.6,14.26,14.46
2023-06-07 12:00:00,14.46,14.47,14.06,14.07
2023-06-07 16:00:00,14.07,14.16,13.98,14.12
2023-06-07 20:00:00,14.13,14.15,13.95,14.02
2023-06-08 00:00:00,14.01,14.09,13.83,13.89
2023-06-08 04:00:00,13.89,13.97,13.79,13.91
2023-06-08 08:00:00,13.92,13.96,13.85,13.93
2023-06-08 12:00:00,13.93,14.11,13.87,14.07
2023-06-08 16:00:00,14.07,14.07,13.85,13.99
2023-06-08 20:00:00,13.98,14.04,13.92,13.93
2023-06-09 00:00:00,13.93,13.95,13.72,13.83
2023-06-09 04:00:00,13.83,13.87,13.73,13.76
2023-06-09 08:00:00,13.77,13.98,13.75,13.92
2023-06-09 12:00:00,13.92,14.25,13.92,14.03
2023-06-09 16:00:00,14.04,14.05,13.76,13.79
2023-06-09 20:00:00,13.78,13.87,13.7,13.75
2023-06-10 00:00:00,13.76,13.76,13.02,13.08
2023-06-10 04:00:00,13.08,13.17,10.0,11.25
2023-06-10 08:00:00,11.26,11.69,11.17,11.66
2023-06-10 12:00:00,11.66,11.66,11.17,11.26
2023-06-10 16:00:00,11.27,11.83,11.19,11.62
2023-06-10 20:00:00,11.63,11.72,11.5,11.65
2023-06-11 00:00:00,11.65,11.72,11.57,11.68
2023-06-11 04:00:00,11.67,11.67,11.5,11.62
2023-06-11 08:00:00,11.62,11.73,11.57,11.68
2023-06-11 12:00:00,11.69,11.72,11.46,11.47
2023-06-11 16:00:00,11.47,11.75,11.47,11.72
2023-06-11 20:00:00,11.72,11.81,11.44,11.58
2023-06-12 00:00:00,11.58,11.59,11.16,11.38
2023-06-12 04:00:00,11.39,11.5,11.31,11.34
2023-06-12 08:00:00,11.34,11.59,11.3,11.51
2023-06-12 12:00:00,11.52,11.53,11.38,11.47
2023-06-12 16:00:00,11.47,11.54,11.31,11.45
2023-06-12 20:00:00,11.46,11.61,11.44,11.52
2023-06-13 00:00:00,11.52,11.73,11.43,11.65
2023-06-13 04:00:00,11.65,11.73,11.47,11.69
2023-06-13 08:00:00,11.69,11.89,11.67,11.87
2023-06-13 12:00:00,11.87,12.08,11.59,11.63
2023-06-13 16:00:00,11.63,11.87,11.63,11.72
2023-06-13 20:00:00,11.72,11.8,11.66,11.8
2023-06-14 00:00:00,11.8,11.89,11.73,11.89
2023-06-14 04:00:00,11.89,11.9,11.77,11.8
2023-06-14 08:00:00,11.8,11.91,11.78,11.89
2023-06-14 12:00:00,11.89,11.96,11.84,11.89
2023-06-14 16:00:00,11.89,11.95,11.7,11.84
2023-06-14 20:00:00,11.83,11.84,11.16,11.38
2023-06-15 00:00:00,11.39,11.57,11.34,11.55
2023-06-15 04:00:00,11.55,11.56,11.18,11.23
2023-06-15 08:00:00,11.24,11.26,11.02,11.25
2023-06-15 12:00:00,11.25,11.34,11.17,11.22
2023-06-15 16:00:00,11.21,11.52,11.16,11.45
2023-06-15 20:00:00,11.46,11.54,11.34,11.41
2023-06-16 00:00:00,11.4,11.51,11.33,11.49
2023-06-16 04:00:00,11.5,11.52,11.4,11.41
2023-06-16 08:00:00,11.41,11.48,11.28,11.33
2023-06-16 12:00:00,11.33,11.46,11.22,11.45
2023-06-16 16:00:00,11.45,11.73,11.43,11.57
2023-06-16 20:00:00,11.57,11.64,11.51,11.55
2023-06-17 00:00:00,11.54,11.58,11.47,11.52
2023-06-17 04:00:00,11.52,11.84,11.49,11.7
2023-06-17 08:00:00,11.7,11.85,11.69,11.75
2023-06-17 12:00:00,11.75,11.81,11.62,11.69
2023-06-17 16:00:00,11.69,11.76,11.64,11.66
2023-06-17 20:00:00,11.65,11.7,11.6,11.62
2023-06-18 00:00:00,11.63,11.63,11.44,11.53
2023-06-18 04:00:00,11.53,11.6,11.49,11.53
2023-06-18 08:00:00,11.53,11.59,11.48,11.54
2023-06-18 12:00:00,11.53,11.56,11.49,11.54
2023-06-18 16:00:00,11.54,11.61,11.53,11.57
2023-06-18 20:00:00,11.58,11.58,11.25,11.34
2023-06-19 00:00:00,11.34,11.38,11.26,11.33
2023-06-19 04:00:00,11.33,11.39,11.32,11.33
2023-06-19 08:00:00,11.34,11.36,11.28,11.31
2023-06-19 12:00:00,11.31,11.38,11.21,11.28
2023-06-19 16:00:00,11.28,11.52,11.17,11.4
2023-06-19 20:00:00,11.4,11.5,11.38,11.47
2023-06-20 00:00:00,11.48,11.59,11.45,11.46
2023-06-20 04:00:00,11.46,11.53,11.43,11.44
2023-06-20 08:00:00,11.44,11.45,11.35,11.41
2023-06-20 12:00:00,11.42,11.44,11.17,11.34
2023-06-20 16:00:00,11.34,11.92,11.3,11.89
2023-06-20 20:00:00,11.9,12.13,11.88,12.12
2023-06-21 00:00:00,12.12,12.38,12.06,12.3
2023-06-21 04:00:00,12.3,12.4,12.22,12.31
2023-06-21 08:00:00,12.3,12.36,12.16,12.26
2023-06-21 12:00:00,12.26,12.6,12.15,12.47
2023-06-21 16:00:00,12.47,13.04,12.42,12.9
2023-06-21 20:00:00,12.91,13.0,12.77,12.9
2023-06-22 00:00:00,12.9,13.24,12.86,13.11
2023-06-22 04:00:00,13.12,13.12,12.87,13.08
2023-06-22 08:00:00,13.08,13.14,12.58,12.78
2023-06-22 12:00:00,12.78,13.06,12.58,12.74
2023-06-22 16:00:00,12.74,12.89,12.72,12.83
2023-06-22 20:00:00,12.84,12.85,12.62,12.65
2023-06-23 00:00:00,12.66,12.81,12.64,12.79
2023-06-23 04:00:00,12.78,12.85,12.73,12.78
2023-06-23 08:00:00,12.78,12.86,12.74,12.83
2023-06-23 12:00:00,12.84,13.2,12.62,13.16
2023-06-23 16:00:00,13.17,13.5,13.01,13.26
2023-06-23 20:00:00,13.26,13.51,13.09,13.29
2023-06-24 00:00:00,13.28,13.39,13.14,13.36
2023-06-24 04:00:00,13.36,13.4,13.12,13.14
2023-06-24 08:00:00,13.14,13.22,13.1,13.16
2023-06-24 12:00:00,13.16,13.23,12.76,12.85
2023-06-24 16:00:00,12.85,13.07,12.73,12.99
2023-06-24 20:00:00,12.98,13.05,12.84,13.01
2023-06-25 00:00:00,13.01,13.51,12.97,13.48
2023-06-25 04:00:00,13.49,13.6,13.34,13.57
2023-06-25 08:00:00,13.57,13.68,13.42,13.59
2023-06-25 12:00:00,13.59,13.6,13.31,13.37
2023-06-25 16:00:00,13.37,13.49,13.34,13.42
2023-06-25 20:00:00,13.42,13.54,13.34,13.44
2023-06-26 00:00:00,13.44,13.45,13.12,13.35
2023-06-26 04:00:00,13.36,13.51,13.25,13.4
2023-06-26 08:00:00,13.4,13.65,13.33,13.54
2023-06-26 12:00:00,13.55,13.69,13.42,13.54
2023-06-26 16:00:00,13.54,13.55,12.97,13.27
2023-06-26 20:00:00,13.27,13.31,12.96,13.15
2023-06-27 00:00:00,13.15,13.34,13.09,13.31
2023-06-27 04:00:00,13.31,13.38,13.17,13.34
2023-06-27 08:00:00,13.35,13.41,13.23,13.38
2023-06-27 12:00:00,13.38,13.47,13.11,13.2
2023-06-27 16:00:00,13.2,13.37,13.13,13.31
2023-06-27 20:00:00,13.31,13.33,13.15,13.2
2023-06-28 00:00:00,13.2,13.21,12.86,12.99
2023-06-28 04:00:00,12.99,13.02,12.67,12.7
2023-06-28 08:00:00,12.69,12.84,12.66,12.78
2023-06-28 12:00:00,12.79,12.93,12.62,12.81
2023-06-28 16:00:00,12.82,12.82,12.1,12.26
2023-06-28 20:00:00,12.25,12.4,12.08,12.34
2023-06-29 00:00:00,12.34,12.4,12.27,12.33
2023-06-29 04:00:00,12.34,12.4,12.27,12.37
2023-06-29 08:00:00,12.37,12.96,12.35,12.9
2023-06-29 12:00:00,12.9,12.95,12.62,12.65
2023-06-29 16:00:00,12.66,12.76,12.56,12.75
2023-06-29 20:00:00,12.75,12.76,12.59,12.67
2023-06-30 00:00:00,12.68,13.04,12.58,13.02
2023-06-30 04:00:00,13.03,13.26,12.96,13.08
2023-06-30 08:00:00,13.08,13.25,13.06,13.23
2023-06-30 12:00:00,13.24,13.34,12.12,12.61
2023-06-30 16:00:00,12.61,13.1,12.48,12.91
2023-06-30 20:00:00,12.9,13.09,12.87,13.03
2023-07-01 00:00:00,13.03,13.16,12.98,13.02
2023-07-01 04:00:00,13.03,13.04,12.83,12.95
2023-07-01 08:00:00,12.95,13.01,12.88,12.95
2023-07-01 12:00:00,12.96,13.1,12.89,12.91
2023-07-01 16:00:00,12.91,12.97,12.88,12.95
2023-07-01 20:00:00,12.95,13.0,12.91,12.99
2023-07-02 00:00:00,13.0,13.0,12.71,12.75
2023-07-02 04:00:00,12.75,12.89,12.71,12.89
2023-07-02 08:00:00,12.89,13.07,12.86,13.01
2023-07-02 12:00:00,13.0,13.09,12.82,13.02
2023-07-02 16:00:00,13.01,13.1,12.9,13.01
2023-07-02 20:00:00,13.01,13.22,12.98,13.13
2023-07-03 00:00:00,13.13,13.49,13.07,13.4
2023-07-03 04:00:00,13.4,13.46,13.14,13.27
2023-07-03 08:00:00,13.27,13.35,13.2,13.24
2023-07-03 12:00:00,13.24,13.31,13.09,13.27
2023-07-03 16:00:00,13.28,13.4,13.11,13.31
2023-07-03 20:00:00,13.32,13.33,13.14,13.25
2023-07-04 00:00:00,13.25,13.34,13.13,13.33
2023-07-04 04:00:00,13.33,13.33,13.18,13.2
2023-07-04 08:00:00,13.19,13.28,13.08,13.28
2023-07-04 12:00:00,13.28,13.36,13.18,13.26
2023-07-04 16:00:00,13.27,13.4,13.02,13.09
2023-07-04 20:00:00,13.08,13.14,13.0,13.04
2023-07-05 00:00:00,13.04,13.13,12.94,13.12
2023-07-05 04:00:00,13.13,13.16,13.03,13.11
2023-07-05 08:00:00,13.1,13.13,12.5,12.66
2023-07-05 12:00:00,12.66,12.76,12.5,12.56
2023-07-05 16:00:00,12.56,12.72,12.51,12.6
2023-07-05 20:00:00,12.61,12.73,12.56,12.67
2023-07-06 00:00:00,12.67,12.72,12.55,12.62
2023-07-06 04:00:00,12.62,12.9,12.59,12.85
2023-07-06 08:00:00,12.85,13.12,12.78,12.87
2023-07-06 12:00:00,12.86,12.89,12.24,12.66
2023-07-06 16:00:00,12.65,12.75,12.51,12.65
2023-07-06 20:00:00,12.64,12.67,12.36,12.37
2023-07-07 00:00:00,12.37,12.62,12.25,12.59
2023-07-07 04:00:00,12.6,12.62,12.47,12.52
2023-07-07 08:00:00,12.51,12.67,12.49,12.61
2023-07-07 12:00:00,12.61,12.75,12.54,12.69
2023-07-07 16:00:00,12.7,12.74,12.57,12.67
2023-07-07 20:00:00,12.67,12.75,12.6,12.74
2023-07-08 00:00:00,12.74,13.36,12.72,13.34
2023-07-08 04:00:00,13.35,13.81,13.27,13.47
2023-07-08 08:00:00,13.47,13.76,13.46,13.54
2023-07-08 12:00:00,13.55,13.89,13.49,13.73
2023-07-08 16:00:00,13.74,13.86,13.53,13.55
2023-07-08 20:00:00,13.55,13.67,13.49,13.64
2023-07-09 00:00:00,13.64,14.15,13.59,14.07
2023-07-09 04:00:00,14.07,14.21,13.87,13.95
2023-07-09 08:00:00,13.95,14.19,13.92,14.1
2023-07-09 12:00:00,14.1,14.14,13.81,13.83
2023-07-09 16:00:00,13.83,13.86,13.68,13.75
2023-07-09 20:00:00,13.75,13.78,13.57,13.58
2023-07-10 00:00:00,13.58,13.6,13.22,13.29
2023-07-10 04:00:00,13.29,13.4,13.23,13.35
2023-07-10 08:00:00,13.36,13.37,13.16,13.36
2023-07-10 12:00:00,13.35,13.4,13.24,13.35
2023-07-10 16:00:00,13.36,13.76,13.27,13.73
2023-07-10 20:00:00,13.74,13.85,13.3,13.39
2023-07-11 00:00:00,13.38,13.69,13.37,13.64
2023-07-11 04:00:00,13.64,13.68,13.44,13.49
2023-07-11 08:00:00,13.49,13.52,13.33,13.35
2023-07-11 12:00:00,13.35,13.5,13.31,13.35
2023-07-11 16:00:00,13.34,13.36,13.18,13.26
2023-07-11 20:00:00,13.26,13.35,13.15,13.27
2023-07-12 00:00:00,13.26,13.3,13.15,13.17
2023-07-12 04:00:00,13.16,13.27,13.13,13.22
2023-07-12 08:00:00,13.22,13.29,13.16,13.26
2023-07-12 12:00:00,13.26,13.38,13.01,13.06
2023-07-12 16:00:00,13.05,13.09,12.85,12.93
2023-07-12 20:00:00,12.93,13.05,12.88,13.01
2023-07-13 00:00:00,13.01,13.03,12.89,12.95
2023-07-13 04:00:00,12.95,13.14,12.91,13.06
2023-07-13 08:00:00,13.05,13.24,13.05,13.23
2023-07-13 12:00:00,13.23,13.72,13.12,13.66
2023-07-13 16:00:00,13.67,14.2,13.65,14.08
2023-07-13 20:00:00,14.07,14.12,13.76,14.11
2023-07-14 00:00:00,14.11,14.81,14.1,14.75
2023-07-14 04:00:00,14.76,15.8,14.64,15.3
2023-07-14 08:00:00,15.3,15.97,15.07,15.44
2023-07-14 12:00:00,15.44,15.87,15.11,15.58
2023-07-14 16:00:00,15.58,15.76,14.02,14.31
2023-07-14 20:00:00,14.3,14.65,14.11,14.64
2023-07-15 00:00:00,14.63,14.73,14.41,14.44
2023-07-15 04:00:00,14.43,14.98,14.42,14.92
2023-07-15 08:00:00,14.93,15.03,14.79,15.02
2023-07-15 12:00:00,15.02,15.35,14.87,15.12
2023-07-15 16:00:00,15.13,15.19,14.96,15.05
2023-07-15 20:00:00,15.06,15.07,14.68,14.84
2023-07-16 00:00:00,14.84,14.93,14.44,14.54
2023-07-16 04:00:00,14.53,14.71,14.53,14.65
2023-07-16 08:00:00,14.65,14.73,14.4,14.54
2023-07-16 12:00:00,14.53,14.84,14.52,14.6
2023-07-16 16:00:00,14.6,14.61,14.25,14.29
2023-07-16 20:00:00,14.29,14.44,14.16,14.29
2023-07-17 00:00:00,14.29,14.49,14.2,14.44
2023-07-17 04:00:00,14.44,14.57,14.38,14.54
2023-07-17 08:00:00,14.55,14.62,13.8,14.15
2023-07-17 12:00:00,14.15,14.41,13.95,14.25
2023-07-17 16:00:00,14.25,14.36,13.89,14.15
2023-07-17 20:00:00,14.15,14.45,14.02,14.4
2023-07-18 00:00:00,14.4,14.59,14.33,14.36
2023-07-18 04:00:00,14.35,14.39,13.91,14.01
2023-07-18 08:00:00,14.0,14.11,13.82,13.85
2023-07-18 12:00:00,13.85,14.0,13.71,13.94
2023-07-18 16:00:00,13.93,14.01,13.61,13.76
2023-07-18 20:00:00,13.77,13.83,13.66,13.8
2023-07-19 00:00:00,13.8,14.09,13.76,14.02
2023-07-19 04:00:00,14.03,14.11,13.94,13.99
2023-07-19 08:00:00,13.99,14.01,13.78,14.01
2023-07-19 12:00:00,14.01,14.09,13.78,13.96
2023-07-19 16:00:00,13.96,14.27,13.87,14.19
2023-07-19 20:00:00,14.19,14.2,13.92,13.99
2023-07-20 00:00:00,13.99,14.16,13.93,14.05
2023-07-20 04:00:00,14.06,14.29,14.03,14.26
2023-07-20 08:00:00,14.27,14.42,14.24,14.25
2023-07-20 12:00:00,14.25,14.28,13.7,13.82
2023-07-20 16:00:00,13.82,13.89,13.68,13.85
2023-07-20 20:00:00,13.85,13.92,13.7,13.88
2023-07-21 00:00:00,13.87,14.02,13.72,13.97
2023-07-21 04:00:00,13.98,13.99,13.85,13.89
2023-07-21 08:00:00,13.89,13.99,13.85,13.89
2023-07-21 12:00:00,13.89,14.05,13.89,13.95
2023-07-21 16:00:00,13.94,14.07,13.84,13.95
2023-07-21 20:00:00,13.96,14.02,13.89,13.98
2023-07-22 00:00:00,13.98,14.05,13.93,13.97
2023-07-22 04:00:00,13.97,14.0,13.89,13.93
2023-07-22 08:00:00,13.94,13.95,13.61,13.76
2023-07-22 12:00:00,13.76,13.8,13.72,13.79
2023-07-22 16:00:00,13.78,13.79,13.65,13.7
2023-07-22 20:00:00,13.7,13.72,13.29,13.53
2023-07-23 00:00:00,13.52,13.6,13.39,13.57
2023-07-23 04:00:00,13.57,13.67,13.55,13.57
2023-07-23 08:00:00,13.58,13.61,13.54,13.57
2023-07-23 12:00:00,13.58,13.59,13.51,13.53
2023-07-23 16:00:00,13.54,13.75,13.53,13.61
2023-07-23 20:00:00,13.62,13.66,13.47,13.54
2023-07-24 00:00:00,13.54,13.6,13.3,13.34
2023-07-24 04:00:00,13.33,13.49,13.22,13.44
2023-07-24 08:00:00,13.45,13.5,12.77,13.11
2023-07-24 12:00:00,13.11,13.14,12.87,12.95
2023-07-24 16:00:00,12.94,13.11,12.9,13.04
2023-07-24 20:00:00,13.05,13.13,13.01,13.11
2023-07-25 00:00:00,13.11,13.24,13.04,13.23
2023-07-25 04:00:00,13.24,13.25,13.07,13.11
2023-07-25 08:00:00,13.11,13.31,13.1,13.28
2023-07-25 12:00:00,13.27,13.55,13.14,13.35
2023-07-25 16:00:00,13.35,13.45,13.27,13.32
2023-07-25 20:00:00,13.31,13.43,13.27,13.33
2023-07-26 00:00:00,13.34,13.37,13.12,13.26
2023-07-26 04:00:00,13.26,13.34,13.18,13.25
2023-07-26 08:00:00,13.25,13.29,13.13,13.16
2023-07-26 12:00:00,13.16,13.29,13.15,13.28
2023-07-26 16:00:00,13.28,13.36,13.08,13.34
2023-07-26 20:00:00,13.35,13.47,13.22,13.27
2023-07-27 00:00:00,13.27,13.33,13.2,13.27
2023-07-27 04:00:00,13.27,13.35,13.21,13.27
2023-07-27 08:00:00,13.27,13.43,13.22,13.37
2023-07-27 12:00:00,13.37,13.38,13.15,13.19
2023-07-27 16:00:00,13.19,13.25,13.02,13.12
2023-07-27 20:00:00,13.13,13.19,13.09,13.15
2023-07-28 00:00:00,13.15,13.23,13.12,13.16
2023-07-28 04:00:00,13.16,13.2,13.03,13.04
2023-07-28 08:00:00,13.04,13.14,13.01,13.1
2023-07-28 12:00:00,13.1,13.3,13.09,13.2
2023-07-28 16:00:00,13.2,13.25,13.11,13.22
2023-07-28 20:00:00,13.22,13.26,13.19,13.22
2023-07-29 00:00:00,13.23,13.3,13.2,13.25
2023-07-29 04:00:00,13.25,13.27,13.17,13.19
2023-07-29 08:00:00,13.19,13.23,13.15,13.17
2023-07-29 12:00:00,13.17,13.24,13.17,13.2
2023-07-29 16:00:00,13.2,13.27,13.17,13.25
2023-07-29 20:00:00,13.25,13.27,13.22,13.23
2023-07-30 00:00:00,13.24,13.35,13.2,13.33
2023-07-30 04:00:00,13.32,13.34,13.23,13.23
2023-07-30 08:00:00,13.24,13.28,13.21,13.27
2023-07-30 12:00:00,13.27,13.37,13.2,13.28
2023-07-30 16:00:00,13.29,13.41,13.07,13.14
2023-07-30 20:00:00,13.13,13.16,12.92,13.12
2023-07-31 00:00:00,13.12,13.28,13.07,13.18
2023-07-31 04:00:00,13.18,13.19,13.06,13.07
2023-07-31 08:00:00,13.07,13.13,13.05,13.12
2023-07-31 12:00:00,13.12,13.13,12.88,12.91
2023-07-31 16:00:00,12.9,13.01,12.7,12.79
2023-07-31 20:00:00,12.8,13.42,12.69,12.82
2023-08-01 00:00:00,12.81,12.89,12.4,12.59
2023-08-01 04:00:00,12.58,12.71,12.56,12.66
2023-08-01 08:00:00,12.66,12.76,12.65,12.68
2023-08-01 12:00:00,12.68,12.74,12.51,12.71
2023-08-01 16:00:00,12.71,12.84,12.64,12.8
2023-08-01 20:00:00,12.8,12.9,12.71,12.89
2023-08-02 00:00:00,12.89,12.96,12.79,12.8
2023-08-02 04:00:00,12.79,12.81,12.7,12.74
2023-08-02 08:00:00,12.73,12.78,12.68,12.77
2023-08-02 12:00:00,12.77,12.79,12.52,12.62
2023-08-02 16:00:00,12.62,12.64,12.42,12.54
2023-08-02 20:00:00,12.53,12.59,12.5,12.55
2023-08-03 00:00:00,12.54,12.59,12.5,12.51
2023-08-03 04:00:00,12.52,12.52,12.4,12.43
2023-08-03 08:00:00,12.43,12.55,12.36,12.52
2023-08-03 12:00:00,12.53,12.62,12.46,12.56
2023-08-03 16:00:00,12.56,12.64,12.49,12.53
2023-08-03 20:00:00,12.53,12.59,12.39,12.44
2023-08-04 00:00:00,12.45,12.51,12.39,12.49
2023-08-04 04:00:00,12.49,12.51,12.42,12.48
2023-08-04 08:00:00,12.47,12.53,12.43,12.45
2023-08-04 12:00:00,12.45,12.61,12.44,12.57
2023-08-04 16:00:00,12.57,12.6,12.37,12.42
2023-08-04 20:00:00,12.41,12.47,12.25,12.41
2023-08-05 00:00:00,12.41,12.44,12.32,12.38
2023-08-05 04:00:00,12.38,12.38,12.3,12.33
2023-08-05 08:00:00,12.33,12.36,12.31,12.33
2023-08-05 12:00:00,12.33,12.37,12.29,12.33
2023-08-05 16:00:00,12.32,12.41,12.29,12.35
2023-08-05 20:00:00,12.35,12.45,12.33,12.45
2023-08-06 00:00:00,12.45,12.59,12.42,12.59
2023-08-06 04:00:00,12.59,12.63,12.55,12.59
2023-08-06 08:00:00,12.59,12.67,12.56,12.6
2023-08-06 12:00:00,12.61,12.63,12.52,12.56
2023-08-06 16:00:00,12.55,12.63,12.52,12.58
2023-08-06 20:00:00,12.57,12.65,12.54,12.59
2023-08-07 00:00:00,12.6,12.77,12.55,12.71
2023-08-07 04:00:00,12.71,12.74,12.58,12.66
2023-08-07 08:00:00,12.67,12.74,12.63,12.72
2023-08-07 12:00:00,12.72,12.75,12.41,12.42
2023-08-07 16:00:00,12.42,12.51,12.2,12.45
2023-08-07 20:00:00,12.46,12.48,12.4,12.47
2023-08-08 00:00:00,12.46,12.49,12.38,12.44
2023-08-08 04:00:00,12.43,12.54,12.42,12.47
2023-08-08 08:00:00,12.48,12.59,12.45,12.58
2023-08-08 12:00:00,12.58,12.65,12.48,12.6
2023-08-08 16:00:00,12.6,12.76,12.58,12.66
2023-08-08 20:00:00,12.67,12.81,12.64,12.68
2023-08-09 00:00:00,12.69,12.74,12.59,12.63
2023-08-09 04:00:00,12.62,12.72,12.61,12.71
2023-08-09 08:00:00,12.71,12.71,12.63,12.7
2023-08-09 12:00:00,12.69,12.81,12.61,12.64
2023-08-09 16:00:00,12.64,12.65,12.55,12.56
2023-08-09 20:00:00,12.55,12.66,12.5,12.62
2023-08-10 00:00:00,12.63,12.67,12.56,12.57
2023-08-10 04:00:00,12.57,12.57,12.49,12.5
2023-08-10 08:00:00,12.5,12.54,12.47,12.5
2023-08-10 12:00:00,12.49,12.66,12.49,12.56
2023-08-10 16:00:00,12.55,12.6,12.5,12.51
2023-08-10 20:00:00,12.52,12.54,12.47,12.48
2023-08-11 00:00:00,12.49,12.52,12.42,12.46
2023-08-11 04:00:00,12.46,12.51,12.45,12.45
2023-08-11 08:00:00,12.46,12.51,12.42,12.5
2023-08-11 12:00:00,12.5,12.55,12.39,12.42
2023-08-11 16:00:00,12.42,12.45,12.35,12.43
2023-08-11 20:00:00,12.43,12.46,12.4,12.44
2023-08-12 00:00:00,12.44,12.48,12.42,12.44
2023-08-12 04:00:00,12.45,12.46,12.42,12.45
2023-08-12 08:00:00,12.45,12.49,12.43,12.48
2023-08-12 12:00:00,12.48,12.49,12.44,12.46
2023-08-12 16:00:00,12.46,12.47,12.39,12.4
2023-08-12 20:00:00,12.4,12.4,12.35,12.39
2023-08-13 00:00:00,12.4,12.4,12.28,12.32
2023-08-13 04:00:00,12.32,12.36,12.3,12.36
2023-08-13 08:00:00,12.36,12.38,12.34,12.37
2023-08-13 12:00:00,12.37,12.37,12.31,12.33
2023-08-13 16:00:00,12.34,12.42,12.31,12.42
2023-08-13 20:00:00,12.42,12.43,12.2,12.27
2023-08-14 00:00:00,12.27,12.33,12.15,12.31
2023-08-14 04:00:00,12.31,12.39,12.3,12.35
2023-08-14 08:00:00,12.35,12.38,12.32,12.33
2023-08-14 12:00:00,12.34,12.46,12.29,12.41
2023-08-14 16:00:00,12.4,12.43,12.24,12.31
2023-08-14 20:00:00,12.31,12.37,12.3,12.37
2023-08-15 00:00:00,12.37,12.38,12.31,12.32
2023-08-15 04:00:00,12.32,12.33,12.26,12.3
2023-08-15 08:00:00,12.31,12.35,12.28,12.28
2023-08-15 12:00:00,12.29,12.34,12.23,12.24
2023-08-15 16:00:00,12.23,12.25,11.29,11.72
2023-08-15 20:00:00,11.71,11.84,11.68,11.83
2023-08-16 00:00:00,11.83,11.87,11.79,11.79
2023-08-16 04:00:00,11.8,11.83,11.68,11.68
2023-08-16 08:00:00,11.68,11.7,11.57,11.64
2023-08-16 12:00:00,11.64,11.64,11.4,11.48
2023-08-16 16:00:00,11.48,11.59,11.42,11.52
2023-08-16 20:00:00,11.52,11.54,11.07,11.38
2023-08-17 00:00:00,11.39,11.45,11.11,11.43
2023-08-17 04:00:00,11.42,11.49,11.38,11.49
2023-08-17 08:00:00,11.49,11.51,11.4,11.43
2023-08-17 12:00:00,11.43,11.48,11.13,11.18
2023-08-17 16:00:00,11.18,11.3,11.08,11.27
2023-08-17 20:00:00,11.28,11.28,9.99,10.57
2023-08-18 00:00:00,10.58,10.74,10.53,10.66
2023-08-18 04:00:00,10.66,10.96,10.58,10.96
2023-08-18 08:00:00,10.96,11.0,10.83,10.9
2023-08-18 12:00:00,10.9,10.91,10.74,10.77
2023-08-18 16:00:00,10.76,10.86,10.58,10.73
2023-08-18 20:00:00,10.73,10.85,10.73,10.81
2023-08-19 00:00:00,10.8,10.89,10.73,10.74
2023-08-19 04:00:00,10.75,10.8,10.56,10.7
2023-08-19 08:00:00,10.69,10.75,10.68,10.71
2023-08-19 12:00:00,10.72,10.81,10.69,10.81
2023-08-19 16:00:00,10.81,10.84,10.75,10.81
2023-08-19 20:00:00,10.8,10.82,10.74,10.81
2023-08-20 00:00:00,10.81,10.84,10.76,10.8
2023-08-20 04:00:00,10.8,10.81,10.74,10.77
2023-08-20 08:00:00,10.78,10.9,10.76,10.88
2023-08-20 12:00:00,10.89,10.9,10.79,10.86
2023-08-20 16:00:00,10.86,10.89,10.81,10.86
2023-08-20 20:00:00,10.87,10.93,10.85,10.86
2023-08-21 00:00:00,10.87,10.87,10.75,10.77
2023-08-21 04:00:00,10.77,10.83,10.72,10.73
2023-08-21 08:00:00,10.73,10.74,10.48,10.56
2023-08-21 12:00:00,10.55,10.61,10.15,10.3
2023-08-21 16:00:00,10.3,10.4,10.27,10.37
2023-08-21 20:00:00,10.37,10.42,10.35,10.36
2023-08-22 00:00:00,10.36,10.38,10.28,10.3
2023-08-22 04:00:00,10.3,10.33,10.18,10.3
2023-08-22 08:00:00,10.29,10.31,10.18,10.2
2023-08-22 12:00:00,10.19,10.27,10.01,10.05
2023-08-22 16:00:00,10.04,10.06,9.77,9.9
2023-08-22 20:00:00,9.9,10.18,9.71,10.15
2023-08-23 00:00:00,10.15,10.2,10.09,10.12
2023-08-23 04:00:00,10.12,10.27,10.12,10.19
2023-08-23 08:00:00,10.19,10.22,10.11,10.12
2023-08-23 12:00:00,10.13,10.32,10.06,10.29
2023-08-23 16:00:00,10.29,10.47,10.25,10.42
2023-08-23 20:00:00,10.43,10.45,10.24,10.33
2023-08-24 00:00:00,10.34,10.36,10.25,10.29
2023-08-24 04:00:00,10.29,10.34,10.26,10.32
2023-08-24 08:00:00,10.31,10.36,10.28,10.32
2023-08-24 12:00:00,10.31,10.32,10.05,10.07
2023-08-24 16:00:00,10.08,10.16,10.03,10.09
2023-08-24 20:00:00,10.09,10.14,9.98,10.12
2023-08-25 00:00:00,10.12,10.13,9.9,10.02
2023-08-25 04:00:00,10.01,10.05,9.9,10.0
2023-08-25 08:00:00,10.0,10.06,10.0,10.03
2023-08-25 12:00:00,10.04,10.07,9.89,9.98
2023-08-25 16:00:00,9.98,10.07,9.94,10.0
2023-08-25 20:00:00,10.01,10.08,9.98,10.04
2023-08-26 00:00:00,10.05,10.09,10.02,10.07
2023-08-26 04:00:00,10.08,10.08,10.01,10.04
2023-08-26 08:00:00,10.04,10.07,10.01,10.05
2023-08-26 12:00:00,10.04,10.07,10.02,10.05
2023-08-26 16:00:00,10.05,10.06,10.01,10.05
2023-08-26 20:00:00,10.05,10.13,10.02,10.09
2023-08-27 00:00:00,10.1,10.14,10.07,10.08
2023-08-27 04:00:00,10.07,10.13,10.07,10.12
2023-08-27 08:00:00,10.12,10.24,10.11,10.18
2023-08-27 12:00:00,10.17,10.28,10.13,10.24
2023-08-27 16:00:00,10.24,10.25,10.14,10.19
2023-08-27 20:00:00,10.19,10.22,10.16,10.2
2023-08-28 00:00:00,10.21,10.21,10.04,10.05
2023-08-28 04:00:00,10.05,10.08,9.91,10.01
2023-08-28 08:00:00,10.01,10.07,9.94,10.07
2023-08-28 12:00:00,10.06,10.39,10.06,10.33
2023-08-28 16:00:00,10.33,10.45,10.27,10.34
2023-08-28 20:00:00,10.33,10.38,10.24,10.37
2023-08-29 00:00:00,10.37,10.62,10.37,10.53
2023-08-29 04:00:00,10.52,10.53,10.39,10.44
2023-08-29 08:00:00,10.44,10.49,10.33,10.35
2023-08-29 12:00:00,10.36,11.21,10.34,10.84
2023-08-29 16:00:00,10.83,10.97,10.81,10.86
2023-08-29 20:00:00,10.86,10.91,10.77,10.81
2023-08-30 00:00:00,10.81,10.83,10.59,10.64
2023-08-30 04:00:00,10.65,10.68,10.57,10.59
2023-08-30 08:00:00,10.59,10.63,10.5,10.52
2023-08-30 12:00:00,10.51,10.56,10.35,10.41
2023-08-30 16:00:00,10.41,10.42,10.33,10.38
2023-08-30 20:00:00,10.39,10.44,10.37,10.41
2023-08-31 00:00:00,10.4,10.4,10.27,10.29
2023-08-31 04:00:00,10.3,10.42,10.29,10.35
2023-08-31 08:00:00,10.35,10.55,10.32,10.46
2023-08-31 12:00:00,10.46,10.48,10.12,10.21
2023-08-31 16:00:00,10.21,10.22,9.82,10.04
2023-08-31 20:00:00,10.03,10.05,9.9,9.98
2023-09-01 00:00:00,9.98,10.03,9.96,10.02
2023-09-01 04:00:00,10.01,10.04,9.96,10.0
2023-09-01 08:00:00,10.0,10.04,9.97,10.03
2023-09-01 12:00:00,10.02,10.07,9.86,9.92
2023-09-01 16:00:00,9.92,9.96,9.75,9.89
2023-09-01 20:00:00,9.9,9.98,9.86,9.92
2023-09-02 00:00:00,9.92,9.97,9.88,9.91
2023-09-02 04:00:00,9.92,9.94,9.88,9.9
2023-09-02 08:00:00,9.89,9.91,9.82,9.87
2023-09-02 12:00:00,9.86,9.91,9.8,9.87
2023-09-02 16:00:00,9.87,9.89,9.76,9.88
2023-09-02 20:00:00,9.88,9.93,9.85,9.92
2023-09-03 00:00:00,9.92,9.95,9.89,9.95
2023-09-03 04:00:00,9.95,9.99,9.92,9.93
2023-09-03 08:00:00,9.94,9.94,9.89,9.93
2023-09-03 12:00:00,9.93,9.96,9.86,9.88
2023-09-03 16:00:00,9.88,9.94,9.83,9.9
2023-09-03 20:00:00,9.91,9.93,9.84,9.88
2023-09-04 00:00:00,9.88,10.05,9.86,9.97
2023-09-04 04:00:00,9.97,9.99,9.87,9.94
2023-09-04 08:00:00,9.95,9.98,9.87,9.88
2023-09-04 12:00:00,9.89,9.91,9.79,9.85
2023-09-04 16:00:00,9.85,9.91,9.81,9.85
2023-09-04 20:00:00,9.85,9.86,9.68,9.81
2023-09-05 00:00:00,9.81,9.82,9.65,9.73
2023-09-05 04:00:00,9.72,9.81,9.72,9.79
2023-09-05 08:00:00,9.79,9.89,9.76,9.87
2023-09-05 12:00:00,9.87,9.97,9.81,9.92
2023-09-05 16:00:00,9.92,9.96,9.85,9.86
2023-09-05 20:00:00,9.86,9.96,9.84,9.91
2023-09-06 00:00:00,9.91,10.0,9.9,9.93
2023-09-06 04:00:00,9.93,9.94,9.84,9.87
2023-09-06 08:00:00,9.87,9.94,9.86,9.9
2023-09-06 12:00:00,9.91,9.96,9.82,9.89
2023-09-06 16:00:00,9.89,10.05,9.76,9.9
2023-09-06 20:00:00,9.91,9.97,9.9,9.95
2023-09-07 00:00:00,9.94,10.01,9.92,10.01
2023-09-07 04:00:00,10.01,10.02,9.93,9.96
2023-09-07 08:00:00,9.96,9.98,9.87,9.88
2023-09-07 12:00:00,9.87,9.95,9.83,9.91
2023-09-07 16:00:00,9.92,9.98,9.91,9.98
2023-09-07 20:00:00,9.97,10.14,9.97,10.1
2023-09-08 00:00:00,10.09,10.15,10.02,10.08
2023-09-08 04:00:00,10.08,10.11,10.02,10.08
2023-09-08 08:00:00,10.08,10.08,9.84,9.94
2023-09-08 12:00:00,9.93,9.97,9.9,9.92
2023-09-08 16:00:00,9.92,9.93,9.87,9.92
2023-09-08 20:00:00,9.92,9.93,9.87,9.93
2023-09-09 00:00:00,9.92,9.93,9.86,9.9
2023-09-09 04:00:00,9.89,9.92,9.86,9.89
2023-09-09 08:00:00,9.88,9.91,9.87,9.9
2023-09-09 12:00:00,9.89,9.91,9.84,9.88
2023-09-09 16:00:00,9.88,9.89,9.85,9.88
2023-09-09 20:00:00,9.88,9.88,9.83,9.84
2023-09-10 00:00:00,9.83,9.84,9.58,9.65
2023-09-10 04:00:00,9.64,9.65,9.22,9.55
2023-09-10 08:00:00,9.54,9.55,9.48,9.52
2023-09-10 12:00:00,9.52,9.71,9.47,9.56
2023-09-10 16:00:00,9.55,9.56,9.37,9.52
2023-09-10 20:00:00,9.51,9.58,9.44,9.47
2023-09-11 00:00:00,9.46,9.5,9.36,9.46
2023-09-11 04:00:00,9.45,9.51,9.43,9.46
2023-09-11 08:00:00,9.46,9.46,9.05,9.2
2023-09-11 12:00:00,9.19,9.32,9.14,9.29
2023-09-11 16:00:00,9.28,9.32,9.07,9.13
2023-09-11 20:00:00,9.12,9.24,9.09,9.23
2023-09-12 00:00:00,9.24,9.55,9.2,9.42
2023-09-12 04:00:00,9.43,9.47,9.25,9.32
2023-09-12 08:00:00,9.32,9.6,9.29,9.47
2023-09-12 12:00:00,9.47,9.48,9.29,9.31
2023-09-12 16:00:00,9.31,9.44,9.19,9.28
2023-09-12 20:00:00,9.28,9.3,9.19,9.22
2023-09-13 00:00:00,9.22,9.29,9.18,9.2
2023-09-13 04:00:00,9.2,9.46,9.1,9.16
2023-09-13 08:00:00,9.16,9.31,9.15,9.27
2023-09-13 12:00:00,9.27,9.34,9.19,9.3
2023-09-13 16:00:00,9.31,9.35,9.22,9.28
2023-09-13 20:00:00,9.28,9.35,9.27,9.29
2023-09-14 00:00:00,9.29,9.48,9.29,9.34
2023-09-14 04:00:00,9.34,9.36,9.25,9.33
2023-09-14 08:00:00,9.33,9.36,9.25,9.35
2023-09-14 12:00:00,9.35,9.45,9.28,9.36
2023-09-14 16:00:00,9.37,9.44,9.32,9.39
2023-09-14 20:00:00,9.38,9.45,9.35,9.4
2023-09-15 00:00:00,9.4,9.52,9.37,9.46
2023-09-15 04:00:00,9.46,9.47,9.3,9.32
2023-09-15 08:00:00,9.33,9.36,9.26,9.28
2023-09-15 12:00:00,9.27,9.33,9.18,9.25
2023-09-15 16:00:00,9.24,9.28,9.21,9.26
2023-09-15 20:00:00,9.26,9.5,9.24,9.43
2023-09-16 00:00:00,9.42,9.61,9.4,9.5
2023-09-16 04:00:00,9.51,9.56,9.46,9.5
2023-09-16 08:00:00,9.51,9.52,9.42,9.47
2023-09-16 12:00:00,9.46,9.48,9.36,9.41
2023-09-16 16:00:00,9.41,9.47,9.36,9.38
2023-09-16 20:00:00,9.38,9.41,9.36,9.38
2023-09-17 00:00:00,9.38,9.38,9.21,9.28
2023-09-17 04:00:00,9.28,9.3,9.22,9.23
2023-09-17 08:00:00,9.23,9.31,9.17,9.27
2023-09-17 12:00:00,9.26,9.28,9.18,9.22
2023-09-17 16:00:00,9.22,9.22,9.12,9.18
2023-09-17 20:00:00,9.17,9.18,9.0,9.1
2023-09-18 00:00:00,9.09,9.13,8.81,9.12
2023-09-18 04:00:00,9.12,9.19,9.06,9.12
2023-09-18 08:00:00,9.12,9.29,9.1,9.27
2023-09-18 12:00:00,9.27,9.31,9.18,9.25
2023-09-18 16:00:00,9.26,9.28,9.07,9.15
2023-09-18 20:00:00,9.15,9.18,9.08,9.11
2023-09-19 00:00:00,9.11,9.17,9.04,9.15
2023-09-19 04:00:00,9.14,9.18,9.09,9.16
2023-09-19 08:00:00,9.16,9.31,9.15,9.22
2023-09-19 12:00:00,9.22,9.28,9.1,9.28
2023-09-19 16:00:00,9.27,9.27,9.16,9.17
2023-09-19 20:00:00,9.17,9.24,9.14,9.21
2023-09-20 00:00:00,9.21,9.24,9.06,9.09
2023-09-20 04:00:00,9.08,9.12,9.05,9.1
2023-09-20 08:00:00,9.1,9.14,9.02,9.09
2023-09-20 12:00:00,9.09,9.11,8.97,9.1
2023-09-20 16:00:00,9.09,9.13,8.86,8.97
2023-09-20 20:00:00,8.97,9.1,8.95,9.05
2023-09-21 00:00:00,9.05,9.11,8.99,9.08
2023-09-21 04:00:00,9.08,9.08,8.94,8.97
2023-09-21 08:00:00,8.97,8.99,8.77,8.85
2023-09-21 12:00:00,8.85,8.9,8.8,8.88
2023-09-21 16:00:00,8.88,8.91,8.84,8.86
2023-09-21 20:00:00,8.87,8.88,8.8,8.83
2023-09-22 00:00:00,8.82,8.91,8.72,8.87
2023-09-22 04:00:00,8.87,8.9,8.83,8.89
2023-09-22 08:00:00,8.89,8.92,8.88,8.9
2023-09-22 12:00:00,8.9,8.91,8.82,8.84
2023-09-22 16:00:00,8.83,8.85,8.79,8.81
2023-09-22 20:00:00,8.81,8.89,8.8,8.87
2023-09-23 00:00:00,8.86,8.94,8.83,8.86
2023-09-23 04:00:00,8.86,8.92,8.83,8.91
2023-09-23 08:00:00,8.92,8.98,8.9,8.97
2023-09-23 12:00:00,8.97,8.99,8.89,8.9
2023-09-23 16:00:00,8.9,8.92,8.86,8.9
2023-09-23 20:00:00,8.9,8.91,8.86,8.9
2023-09-24 00:00:00,8.9,8.95,8.87,8.92
2023-09-24 04:00:00,8.92,8.93,8.87,8.91
2023-09-24 08:00:00,8.9,8.98,8.9,8.95
2023-09-24 12:00:00,8.95,9.05,8.95,8.98
2023-09-24 16:00:00,8.99,9.03,8.86,8.89
2023-09-24 20:00:00,8.89,8.92,8.73,8.78
2023-09-25 00:00:00,8.78,8.82,8.61,8.78
2023-09-25 04:00:00,8.78,8.88,8.76,8.87
2023-09-25 08:00:00,8.87,8.89,8.8,8.81
2023-09-25 12:00:00,8.81,8.88,8.75,8.87
2023-09-25 16:00:00,8.88,8.95,8.88,8.93
2023-09-25 20:00:00,8.93,8.96,8.89,8.95
2023-09-26 00:00:00,8.95,9.07,8.9,9.02
2023-09-26 04:00:00,9.02,9.03,8.95,8.95
2023-09-26 08:00:00,8.95,9.04,8.94,9.02
2023-09-26 12:00:00,9.02,9.06,8.9,8.92
2023-09-26 16:00:00,8.92,8.99,8.91,8.99
2023-09-26 20:00:00,8.99,9.06,8.85,9.04
2023-09-27 00:00:00,9.05,9.09,9.02,9.08
2023-09-27 04:00:00,9.07,9.09,9.0,9.01
2023-09-27 08:00:00,9.01,9.19,8.97,9.13
2023-09-27 12:00:00,9.13,9.19,8.89,8.93
2023-09-27 16:00:00,8.93,8.97,8.81,8.94
2023-09-27 20:00:00,8.95,8.96,8.88,8.92
2023-09-28 00:00:00,8.93,9.01,8.91,8.96
2023-09-28 04:00:00,8.97,9.12,8.93,9.1
2023-09-28 08:00:00,9.1,9.18,9.05,9.12
2023-09-28 12:00:00,9.13,9.28,9.12,9.26
2023-09-28 16:00:00,9.27,9.36,9.21,9.26
2023-09-28 20:00:00,9.25,9.28,9.18,9.27
2023-09-29 00:00:00,9.28,9.35,9.26,9.34
2023-09-29 04:00:00,9.34,9.37,9.26,9.35
2023-09-29 08:00:00,9.34,9.35,9.21,9.23
2023-09-29 12:00:00,9.22,9.27,9.11,9.21
2023-09-29 16:00:00,9.2,9.22,9.07,9.08
2023-09-29 20:00:00,9.08,9.18,9.07,9.17
2023-09-30 00:00:00,9.17,9.2,9.11,9.13
2023-09-30 04:00:00,9.14,9.2,9.12,9.18
2023-09-30 08:00:00,9.17,9.21,9.15,9.16
2023-09-30 12:00:00,9.16,9.29,9.14,9.25
2023-09-30 16:00:00,9.24,9.3,9.22,9.25
2023-09-30 20:00:00,9.26,9.27,9.21,9.24
2023-10-01 00:00:00,9.23,9.35,9.21,9.34
2023-10-01 04:00:00,9.34,9.49,9.31,9.46
2023-10-01 08:00:00,9.46,9.7,9.43,9.63
2023-10-01 12:00:00,9.64,9.67,9.56,9.6
2023-10-01 16:00:00,9.6,9.61,9.46,9.51
2023-10-01 20:00:00,9.51,9.83,9.47,9.75
2023-10-02 00:00:00,9.75,9.84,9.69,9.79
2023-10-02 04:00:00,9.79,9.84,9.65,9.77
2023-10-02 08:00:00,9.78,9.82,9.67,9.69
2023-10-02 12:00:00,9.69,9.73,9.46,9.5
2023-10-02 16:00:00,9.51,9.59,9.26,9.39
2023-10-02 20:00:00,9.39,9.39,9.15,9.31
2023-10-03 00:00:00,9.32,9.34,9.27,9.3
2023-10-03 04:00:00,9.3,9.36,9.26,9.34
2023-10-03 08:00:00,9.34,9.44,9.33,9.4
2023-10-03 12:00:00,9.39,9.42,9.23,9.25
2023-10-03 16:00:00,9.25,9.36,9.23,9.33
2023-10-03 20:00:00,9.33,9.48,9.28,9.42
2023-10-04 00:00:00,9.42,9.44,9.11,9.3
2023-10-04 04:00:00,9.3,9.77,9.27,9.62
2023-10-04 08:00:00,9.62,9.84,9.6,9.72
2023-10-04 12:00:00,9.72,9.79,9.58,9.74
2023-10-04 16:00:00,9.74,10.16,9.73,10.01
2023-10-04 20:00:00,10.02,10.3,9.96,10.1
2023-10-05 00:00:00,10.1,10.27,10.03,10.04
2023-10-05 04:00:00,10.04,10.06,9.94,10.02
2023-10-05 08:00:00,10.01,10.35,9.98,10.19
2023-10-05 12:00:00,10.18,10.24,9.83,9.93
2023-10-05 16:00:00,9.93,10.2,9.81,10.18
2023-10-05 20:00:00,10.18,10.22,10.1,10.14
2023-10-06 00:00:00,10.14,10.49,10.12,10.41
2023-10-06 04:00:00,10.42,10.64,10.29,10.61
2023-10-06 08:00:00,10.61,10.78,10.55,10.64
2023-10-06 12:00:00,10.63,10.83,10.5,10.73
2023-10-06 16:00:00,10.74,10.81,10.64,10.64
2023-10-06 20:00:00,10.64,10.74,10.62,10.66
2023-10-07 00:00:00,10.66,11.0,10.65,10.94
2023-10-07 04:00:00,10.94,11.88,10.67,10.78
2023-10-07 08:00:00,10.78,10.83,10.54,10.57
2023-10-07 12:00:00,10.57,10.74,10.26,10.51
2023-10-07 16:00:00,10.51,10.51,10.24,10.29
2023-10-07 20:00:00,10.28,10.4,10.27,10.35
2023-10-08 00:00:00,10.34,10.54,10.3,10.48
2023-10-08 04:00:00,10.48,10.49,10.16,10.23
2023-10-08 08:00:00,10.22,10.25,10.0,10.04
2023-10-08 12:00:00,10.04,10.14,9.97,10.05
2023-10-08 16:00:00,10.05,10.11,9.95,10.1
2023-10-08 20:00:00,10.09,10.2,10.08,10.09
2023-10-09 00:00:00,10.08,10.09,9.9,9.96
2023-10-09 04:00:00,9.95,10.01,9.87,9.89
2023-10-09 08:00:00,9.89,9.96,9.61,9.65
2023-10-09 12:00:00,9.64,9.73,9.51,9.54
2023-10-09 16:00:00,9.53,9.57,9.28,9.5
2023-10-09 20:00:00,9.5,9.55,9.41,9.54
2023-10-10 00:00:00,9.54,9.59,9.48,9.57
2023-10-10 04:00:00,9.57,9.77,9.55,9.75
2023-10-10 08:00:00,9.76,9.86,9.66,9.67
2023-10-10 12:00:00,9.67,9.83,9.59,9.6
2023-10-10 16:00:00,9.61,9.64,9.47,9.5
2023-10-10 20:00:00,9.51,9.59,9.42,9.53
2023-10-11 00:00:00,9.52,9.57,9.29,9.33
2023-10-11 04:00:00,9.33,9.39,9.26,9.28
2023-10-11 08:00:00,9.27,9.45,9.27,9.38
2023-10-11 12:00:00,9.38,9.51,9.27,9.32
2023-10-11 16:00:00,9.32,9.39,9.2,9.36
2023-10-11 20:00:00,9.35,9.36,9.25,9.3
2023-10-12 00:00:00,9.31,9.32,9.13,9.14
2023-10-12 04:00:00,9.13,9.22,9.13,9.16
2023-10-12 08:00:00,9.16,9.17,8.93,9.04
2023-10-12 12:00:00,9.05,9.07,8.88,8.96
2023-10-12 16:00:00,8.96,9.1,8.88,9.06
2023-10-12 20:00:00,9.06,9.22,9.04,9.12
2023-10-13 00:00:00,9.11,9.2,9.1,9.12
2023-10-13 04:00:00,9.12,9.19,9.11,9.16
2023-10-13 08:00:00,9.15,9.17,9.1,9.13
2023-10-13 12:00:00,9.13,9.2,9.0,9.03
2023-10-13 16:00:00,9.03,9.19,9.02,9.15
2023-10-13 20:00:00,9.15,9.35,9.12,9.15
2023-10-14 00:00:00,9.15,9.23,9.13,9.22
2023-10-14 04:00:00,9.22,9.25,9.14,9.19
2023-10-14 08:00:00,9.19,9.23,9.18,9.19
2023-10-14 12:00:00,9.19,9.21,9.15,9.19
2023-10-14 16:00:00,9.2,9.25,9.15,9.16
2023-10-14 20:00:00,9.17,9.21,9.11,9.15
2023-10-15 00:00:00,9.15,9.27,9.12,9.18
2023-10-15 04:00:00,9.18,9.19,9.13,9.17
2023-10-15 08:00:00,9.16,9.24,9.1,9.12
2023-10-15 12:00:00,9.12,9.16,9.07,9.13
2023-10-15 16:00:00,9.13,9.2,9.09,9.16
2023-10-15 20:00:00,9.16,9.22,9.13,9.17
2023-10-16 00:00:00,9.18,9.39,9.17,9.38
2023-10-16 04:00:00,9.38,9.56,9.35,9.47
2023-10-16 08:00:00,9.48,9.53,9.42,9.48
2023-10-16 12:00:00,9.47,9.83,9.27,9.32
2023-10-16 16:00:00,9.31,9.47,9.3,9.41
2023-10-16 20:00:00,9.41,9.46,9.35,9.4
2023-10-17 00:00:00,9.4,9.41,9.28,9.32
2023-10-17 04:00:00,9.31,9.35,9.27,9.34
2023-10-17 08:00:00,9.34,9.42,9.28,9.29
2023-10-17 12:00:00,9.29,9.3,9.01,9.14
2023-10-17 16:00:00,9.14,9.17,9.03,9.13
2023-10-17 20:00:00,9.13,9.15,9.08,9.1
2023-10-18 00:00:00,9.11,9.12,9.03,9.11
2023-10-18 04:00:00,9.1,9.21,9.08,9.13
2023-10-18 08:00:00,9.14,9.19,9.09,9.14
2023-10-18 12:00:00,9.14,9.15,8.98,9.01
2023-10-18 16:00:00,9.01,9.08,8.9,8.93
2023-10-18 20:00:00,8.94,8.94,8.84,8.91
2023-10-19 00:00:00,8.9,8.91,8.65,8.81
2023-10-19 04:00:00,8.81,8.94,8.78,8.92
2023-10-19 08:00:00,8.92,8.94,8.87,8.92
2023-10-19 12:00:00,8.91,9.04,8.88,9.01
2023-10-19 16:00:00,9.02,9.12,8.93,9.07
2023-10-19 20:00:00,9.07,9.11,9.0,9.06
2023-10-20 00:00:00,9.06,9.28,9.02,9.23
2023-10-20 04:00:00,9.23,9.27,9.16,9.21
2023-10-20 08:00:00,9.22,9.39,9.22,9.25
2023-10-20 12:00:00,9.25,9.28,9.15,9.18
2023-10-20 16:00:00,9.17,9.24,9.04,9.23
2023-10-20 20:00:00,9.23,9.26,9.19,9.22
2023-10-21 00:00:00,9.22,9.32,9.17,9.23
2023-10-21 04:00:00,9.22,9.48,9.2,9.45
2023-10-21 08:00:00,9.45,9.57,9.37,9.56
2023-10-21 12:00:00,9.56,9.76,9.49,9.74
2023-10-21 16:00:00,9.73,9.81,9.61,9.67
2023-10-21 20:00:00,9.66,9.69,9.59,9.63
2023-10-22 00:00:00,9.64,9.74,9.53,9.59
2023-10-22 04:00:00,9.6,10.07,9.57,9.87
2023-10-22 08:00:00,9.88,9.98,9.67,9.71
2023-10-22 12:00:00,9.71,9.86,9.7,9.76
2023-10-22 16:00:00,9.76,9.95,9.75,9.88
2023-10-22 20:00:00,9.88,10.09,9.85,10.09
2023-10-23 00:00:00,10.09,10.32,9.99,10.23
2023-10-23 04:00:00,10.23,10.4,10.09,10.15
2023-10-23 08:00:00,10.16,10.19,9.87,10.01
2023-10-23 12:00:00,10.02,10.06,9.86,9.97
2023-10-23 16:00:00,9.97,10.23,9.9,10.21
2023-10-23 20:00:00,10.2,10.68,10.1,10.58
2023-10-24 00:00:00,10.59,10.75,10.43,10.44
2023-10-24 04:00:00,10.44,10.61,10.28,10.45
2023-10-24 08:00:00,10.46,10.66,10.41,10.65
2023-10-24 12:00:00,10.65,10.8,10.06,10.22
2023-10-24 16:00:00,10.22,10.36,10.1,10.29
2023-10-24 20:00:00,10.29,10.41,10.16,10.32
2023-10-25 00:00:00,10.33,10.56,10.19,10.39
2023-10-25 04:00:00,10.39,10.57,10.17,10.25
2023-10-25 08:00:00,10.25,10.42,10.17,10.32
2023-10-25 12:00:00,10.32,10.6,10.32,10.55
2023-10-25 16:00:00,10.54,10.64,10.28,10.46
2023-10-25 20:00:00,10.47,10.53,10.34,10.52
2023-10-26 00:00:00,10.52,10.95,10.47,10.92
2023-10-26 04:00:00,10.92,11.47,10.81,11.37
2023-10-26 08:00:00,11.36,11.45,10.9,10.98
2023-10-26 12:00:00,10.98,11.22,10.37,10.54
2023-10-26 16:00:00,10.53,10.8,10.43,10.78
2023-10-26 20:00:00,10.78,11.17,10.75,11.05
2023-10-27 00:00:00,11.05,11.07,10.59,10.74
2023-10-27 04:00:00,10.75,10.79,10.6,10.61
2023-10-27 08:00:00,10.62,10.88,10.6,10.71
2023-10-27 12:00:00,10.7,10.87,10.57,10.72
2023-10-27 16:00:00,10.72,10.75,10.38,10.57
2023-10-27 20:00:00,10.57,10.64,10.49,10.59
2023-10-28 00:00:00,10.6,10.75,10.55,10.75
2023-10-28 04:00:00,10.75,11.09,10.7,10.86
2023-10-28 08:00:00,10.87,11.01,10.84,10.89
2023-10-28 12:00:00,10.89,10.91,10.69,10.84
2023-10-28 16:00:00,10.83,11.0,10.76,10.91
2023-10-28 20:00:00,10.91,11.03,10.9,10.97
2023-10-29 00:00:00,10.97,11.13,10.79,10.84
2023-10-29 04:00:00,10.84,11.03,10.77,11.01
2023-10-29 08:00:00,11.01,11.04,10.89,10.93
2023-10-29 12:00:00,10.93,11.32,10.9,11.17
2023-10-29 16:00:00,11.17,11.44,11.12,11.26
2023-10-29 20:00:00,11.26,11.4,11.22,11.37
2023-10-30 00:00:00,11.38,11.45,11.17,11.21
2023-10-30 04:00:00,11.21,11.31,11.06,11.19
2023-10-30 08:00:00,11.2,11.63,11.15,11.52
2023-10-30 12:00:00,11.53,11.69,11.45,11.62
2023-10-30 16:00:00,11.62,11.64,11.33,11.53
2023-10-30 20:00:00,11.53,11.53,11.41,11.46
2023-10-31 00:00:00,11.46,11.67,11.4,11.43
2023-10-31 04:00:00,11.43,11.76,11.38,11.45
2023-10-31 08:00:00,11.46,11.73,11.3,11.63
2023-10-31 12:00:00,11.64,11.69,11.0,11.22
2023-10-31 16:00:00,11.23,11.42,11.17,11.23
2023-10-31 20:00:00,11.23,11.33,11.12,11.33
2023-11-01 00:00:00,11.32,11.38,11.2,11.22
2023-11-01 04:00:00,11.22,11.23,10.92,11.07
2023-11-01 08:00:00,11.06,11.24,10.98,11.05
2023-11-01 12:00:00,11.05,11.29,10.88,11.05
2023-11-01 16:00:00,11.04,12.25,11.02,11.97
2023-11-01 20:00:00,11.98,12.33,11.97,12.23
2023-11-02 00:00:00,12.23,12.55,12.12,12.41
2023-11-02 04:00:00,12.41,12.43,11.92,12.01
2023-11-02 08:00:00,12.01,12.09,11.83,12.08
2023-11-02 12:00:00,12.07,12.12,11.52,11.52
2023-11-02 16:00:00,11.53,11.89,11.43,11.88
2023-11-02 20:00:00,11.89,11.97,11.73,11.88
2023-11-03 00:00:00,11.88,11.88,11.43,11.72
2023-11-03 04:00:00,11.73,11.92,11.52,11.79
2023-11-03 08:00:00,11.8,11.88,11.55,11.69
2023-11-03 12:00:00,11.68,12.09,11.62,12.02
2023-11-03 16:00:00,12.02,12.15,11.86,12.04
2023-11-03 20:00:00,12.04,12.19,12.0,12.11
2023-11-04 00:00:00,12.12,12.23,11.98,12.14
2023-11-04 04:00:00,12.15,12.19,11.99,12.02
2023-11-04 08:00:00,12.01,12.16,11.96,12.01
2023-11-04 12:00:00,12.01,12.14,11.92,12.07
2023-11-04 16:00:00,12.07,12.13,12.03,12.06
2023-11-04 20:00:00,12.05,12.33,12.03,12.22
2023-11-05 00:00:00,12.21,12.36,12.1,12.34
2023-11-05 04:00:00,12.35,12.4,12.22,12.39
2023-11-05 08:00:00,12.39,12.64,12.28,12.56
2023-11-05 12:00:00,12.56,12.67,12.2,12.27
2023-11-05 16:00:00,12.27,12.48,12.23,12.35
2023-11-05 20:00:00,12.36,12.45,12.1,12.35
2023-11-06 00:00:00,12.34,12.66,12.3,12.56
2023-11-06 04:00:00,12.56,12.7,12.24,12.62
2023-11-06 08:00:00,12.61,13.14,12.55,13.03
2023-11-06 12:00:00,13.03,13.17,12.86,12.98
2023-11-06 16:00:00,12.99,13.04,12.78,13.01
2023-11-06 20:00:00,13.02,13.1,12.85,13.08
2023-11-07 00:00:00,13.07,13.1,12.7,12.88
2023-11-07 04:00:00,12.88,13.07,12.8,13.03
2023-11-07 08:00:00,13.04,13.05,12.6,12.67
2023-11-07 12:00:00,12.67,12.75,12.34,12.51
2023-11-07 16:00:00,12.5,12.88,12.29,12.83
2023-11-07 20:00:00,12.82,12.99,12.73,12.81
2023-11-08 00:00:00,12.8,12.84,12.66,12.76
2023-11-08 04:00:00,12.76,12.9,12.69,12.81
2023-11-08 08:00:00,12.8,12.9,12.76,12.79
2023-11-08 12:00:00,12.8,12.87,12.69,12.77
2023-11-08 16:00:00,12.76,13.1,12.73,12.99
2023-11-08 20:00:00,13.0,13.15,12.92,12.99
2023-11-09 00:00:00,12.98,13.31,12.9,13.22
2023-11-09 04:00:00,13.22,13.48,13.2,13.3
2023-11-09 08:00:00,13.29,13.75,13.29,13.7
2023-11-09 12:00:00,13.71,13.96,13.5,13.72
2023-11-09 16:00:00,13.72,13.82,11.9,12.72
2023-11-09 20:00:00,12.73,13.01,12.31,12.96
2023-11-10 00:00:00,12.97,13.59,12.89,13.43
2023-11-10 04:00:00,13.43,13.48,13.16,13.33
2023-11-10 08:00:00,13.32,13.42,13.02,13.38
2023-11-10 12:00:00,13.39,13.51,12.88,13.31
2023-11-10 16:00:00,13.31,14.85,13.29,14.51
2023-11-10 20:00:00,14.5,14.85,14.4,14.74
2023-11-11 00:00:00,14.75,14.83,14.14,14.15
2023-11-11 04:00:00,14.15,14.38,13.99,14.25
2023-11-11 08:00:00,14.25,14.33,14.09,14.21
2023-11-11 12:00:00,14.21,15.5,14.13,15.15
2023-11-11 16:00:00,15.15,16.85,15.13,16.74
2023-11-11 20:00:00,16.74,17.0,16.24,16.79
2023-11-12 00:00:00,16.8,17.01,15.87,16.53
2023-11-12 04:00:00,16.53,18.51,16.3,18.4
2023-11-12 08:00:00,18.41,19.07,18.04,18.54
2023-11-12 12:00:00,18.54,18.66,17.67,18.07
2023-11-12 16:00:00,18.08,18.51,17.72,18.39
2023-11-12 20:00:00,18.4,19.73,18.26,18.98
2023-11-13 00:00:00,18.98,19.75,18.11,18.2
2023-11-13 04:00:00,18.19,18.5,17.85,18.09
2023-11-13 08:00:00,18.09,18.4,17.7,17.92
2023-11-13 12:00:00,17.92,18.0,17.05,17.6
2023-11-13 16:00:00,17.6,17.73,17.05,17.26
2023-11-13 20:00:00,17.25,17.32,16.1,16.12
2023-11-14 00:00:00,16.12,16.8,15.56,16.72
2023-11-14 04:00:00,16.72,17.33,16.61,17.27
2023-11-14 08:00:00,17.27,17.68,16.52,16.76
2023-11-14 12:00:00,16.76,18.1,16.43,17.3
2023-11-14 16:00:00,17.3,17.89,16.21,16.73
2023-11-14 20:00:00,16.72,17.27,16.65,17.05
2023-11-15 00:00:00,17.05,17.58,17.01,17.39
2023-11-15 04:00:00,17.39,19.12,17.37,18.6
2023-11-15 08:00:00,18.6,19.86,18.49,19.64
2023-11-15 12:00:00,19.64,20.58,19.18,20.44
2023-11-15 16:00:00,20.44,20.95,19.92,20.72
2023-11-15 20:00:00,20.72,20.95,20.14,20.7
2023-11-16 00:00:00,20.69,22.65,20.23,22.44
2023-11-16 04:00:00,22.44,24.05,21.97,23.4
2023-11-16 08:00:00,23.4,24.07,22.72,23.16
2023-11-16 12:00:00,23.15,23.6,22.28,22.79
2023-11-16 16:00:00,22.79,23.05,20.77,22.01
2023-11-16 20:00:00,22.01,22.35,21.02,21.71
2023-11-17 00:00:00,21.71,24.69,21.7,23.54
2023-11-17 04:00:00,23.53,23.95,22.59,22.7
2023-11-17 08:00:00,22.7,22.92,21.36,21.78
2023-11-17 12:00:00,21.79,22.31,20.0,20.16
2023-11-17 16:00:00,20.16,21.74,20.13,21.19
2023-11-17 20:00:00,21.18,22.75,21.18,21.94
2023-11-18 00:00:00,21.94,21.98,20.75,20.81
2023-11-18 04:00:00,20.81,21.26,20.17,21.05
2023-11-18 08:00:00,21.06,21.39,20.8,21.05
2023-11-18 12:00:00,21.05,22.5,20.64,22.21
2023-11-18 16:00:00,22.22,22.69,21.71,22.28
2023-11-18 20:00:00,22.29,22.43,21.79,21.99
2023-11-19 00:00:00,22.0,22.0,20.75,21.11
2023-11-19 04:00:00,21.12,21.88,20.95,21.74
2023-11-19 08:00:00,21.74,22.17,21.17,21.33
2023-11-19 12:00:00,21.32,21.61,21.04,21.52
2023-11-19 16:00:00,21.53,22.31,21.37,22.27
2023-11-19 20:00:00,22.27,23.04,21.63,22.85
2023-11-20 00:00:00,22.84,23.25,22.34,22.56
2023-11-20 04:00:00,22.57,22.76,22.1,22.35
2023-11-20 08:00:00,22.35,22.54,21.84,21.95
2023-11-20 12:00:00,21.94,22.15,21.46,21.9
2023-11-20 16:00:00,21.9,22.03,21.11,21.26
2023-11-20 20:00:00,21.26,21.45,20.71,20.85
2023-11-21 00:00:00,20.86,21.1,20.41,20.81
2023-11-21 04:00:00,20.8,21.03,20.59,20.62
2023-11-21 08:00:00,20.62,21.7,20.6,21.43
2023-11-21 12:00:00,21.44,21.92,20.52,21.49
2023-11-21 16:00:00,21.49,22.29,20.03,20.82
2023-11-21 20:00:00,20.81,21.06,18.9,19.02
2023-11-22 00:00:00,19.02,19.9,18.96,19.89
2023-11-22 04:00:00,19.89,20.48,19.68,20.17
2023-11-22 08:00:00,20.17,20.4,19.87,19.96
2023-11-22 12:00:00,19.97,20.41,19.81,19.99
2023-11-22 16:00:00,19.99,21.25,19.73,20.92
2023-11-22 20:00:00,20.92,21.17,20.71,20.78
2023-11-23 00:00:00,20.79,21.25,20.61,20.82
2023-11-23 04:00:00,20.82,21.49,20.77,21.08
2023-11-23 08:00:00,21.08,21.27,20.67,20.83
2023-11-23 12:00:00,20.82,21.17,20.51,20.61
2023-11-23 16:00:00,20.6,20.91,20.42,20.5
2023-11-23 20:00:00,20.5,20.88,20.47,20.64
2023-11-24 00:00:00,20.64,20.85,20.45,20.75
2023-11-24 04:00:00,20.76,20.99,20.5,20.7
2023-11-24 08:00:00,20.71,21.47,20.58,21.08
2023-11-24 12:00:00,21.08,21.7,21.03,21.58
2023-11-24 16:00:00,21.57,21.88,20.94,21.02
2023-11-24 20:00:00,21.01,21.22,20.7,20.89
2023-11-25 00:00:00,20.89,21.48,20.72,21.36
2023-11-25 04:00:00,21.35,21.36,21.08,21.17
2023-11-25 08:00:00,21.17,21.27,20.63,20.75
2023-11-25 12:00:00,20.75,20.98,20.71,20.97
2023-11-25 16:00:00,20.97,21.24,20.96,21.14
2023-11-25 20:00:00,21.14,21.37,21.1,21.36
2023-11-26 00:00:00,21.36,21.42,20.96,21.03
2023-11-26 04:00:00,21.03,21.52,20.95,21.25
2023-11-26 08:00:00,21.26,21.4,21.01,21.04
2023-11-26 12:00:00,21.05,21.2,20.66,20.69
2023-11-26 16:00:00,20.7,20.85,20.1,20.84
2023-11-26 20:00:00,20.84,21.44,20.8,21.06
2023-11-27 00:00:00,21.07,21.3,20.5,20.64
2023-11-27 04:00:00,20.64,20.92,20.27,20.51
2023-11-27 08:00:00,20.5,20.7,20.24,20.51
2023-11-27 12:00:00,20.52,20.72,20.07,20.12
2023-11-27 16:00:00,20.12,20.56,19.82,20.0
2023-11-27 20:00:00,20.0,20.41,19.85,20.35
2023-11-28 00:00:00,20.36,20.45,20.14,20.21
2023-11-28 04:00:00,20.22,20.29,19.47,19.73
2023-11-28 08:00:00,19.73,20.2,19.57,20.18
2023-11-28 12:00:00,20.18,20.46,20.02,20.35
2023-11-28 16:00:00,20.36,20.86,20.26,20.68
2023-11-28 20:00:00,20.69,20.77,20.5,20.68
2023-11-29 00:00:00,20.69,20.97,20.55,20.85
2023-11-29 04:00:00,20.86,21.4,20.74,21.15
2023-11-29 08:00:00,21.15,21.56,20.83,21.18
2023-11-29 12:00:00,21.18,21.29,20.76,21.27
2023-11-29 16:00:00,21.27,21.35,20.8,21.08
2023-11-29 20:00:00,21.08,21.29,20.81,21.12
2023-11-30 00:00:00,21.12,21.45,20.83,21.36
2023-11-30 04:00:00,21.36,21.47,21.0,21.04
2023-11-30 08:00:00,21.05,21.1,20.9,21.08
2023-11-30 12:00:00,21.09,21.19,20.81,21.08
2023-11-30 16:00:00,21.08,21.13,20.92,21.07
2023-11-30 20:00:00,21.08,21.5,21.05,21.39
2023-12-01 00:00:00,21.4,22.38,21.1,22.37
2023-12-01 04:00:00,22.38,22.64,22.07,22.27
2023-12-01 08:00:00,22.27,22.58,22.21,22.34
2023-12-01 12:00:00,22.34,22.44,22.17,22.22
2023-12-01 16:00:00,22.22,22.38,21.82,21.83
2023-12-01 20:00:00,21.83,21.97,21.74,21.87
2023-12-02 00:00:00,21.86,22.1,21.75,22.04
2023-12-02 04:00:00,22.04,22.26,21.86,22.09
2023-12-02 08:00:00,22.1,22.15,21.96,21.99
2023-12-02 12:00:00,22.0,22.08,21.77,21.96
2023-12-02 16:00:00,21.95,22.45,21.9,22.3
2023-12-02 20:00:00,22.29,22.38,22.06,22.24
2023-12-03 00:00:00,22.24,22.74,22.16,22.3
2023-12-03 04:00:00,22.31,22.34,22.01,22.18
2023-12-03 08:00:00,22.18,22.19,21.9,22.02
2023-12-03 12:00:00,22.01,22.03,21.59,21.84
2023-12-03 16:00:00,21.83,21.87,21.61,21.73
2023-12-03 20:00:00,21.73,22.28,21.72,21.94
2023-12-04 00:00:00,21.94,22.45,21.9,22.14
2023-12-04 04:00:00,22.14,22.73,22.14,22.45
2023-12-04 08:00:00,22.46,23.2,20.56,22.01
2023-12-04 12:00:00,22.01,22.09,21.15,21.4
2023-12-04 16:00:00,21.4,21.87,21.38,21.76
2023-12-04 20:00:00,21.76,22.72,21.73,22.68
2023-12-05 00:00:00,22.67,23.26,22.34,22.72
2023-12-05 04:00:00,22.72,22.88,22.01,22.18
2023-12-05 08:00:00,22.17,22.27,21.87,22.0
2023-12-05 12:00:00,22.0,22.41,21.81,22.34
2023-12-05 16:00:00,22.36,24.27,22.2,23.54
2023-12-05 20:00:00,23.53,24.83,23.39,24.54
2023-12-06 00:00:00,24.54,26.96,24.45,26.7
2023-12-06 04:00:00,26.7,26.76,25.31,25.9
2023-12-06 08:00:00,25.89,26.37,25.16,25.58
2023-12-06 12:00:00,25.58,26.69,25.45,25.8
2023-12-06 16:00:00,25.8,27.68,25.63,27.39
2023-12-06 20:00:00,27.39,27.46,26.04,26.2
2023-12-07 00:00:00,26.2,26.46,25.71,26.37
2023-12-07 04:00:00,26.37,27.1,26.29,26.62
2023-12-07 08:00:00,26.62,27.9,26.08,26.52
2023-12-07 12:00:00,26.52,26.95,25.89,26.89
2023-12-07 16:00:00,26.89,27.21,26.35,26.44
2023-12-07 20:00:00,26.43,26.83,26.13,26.28
2023-12-08 00:00:00,26.28,26.85,26.03,26.68
2023-12-08 04:00:00,26.69,27.48,26.5,26.88
2023-12-08 08:00:00,26.89,27.76,26.77,27.52
2023-12-08 12:00:00,27.53,28.55,27.0,27.71
2023-12-08 16:00:00,27.71,29.49,27.7,29.42
2023-12-08 20:00:00,29.43,30.8,29.11,30.44
2023-12-09 00:00:00,30.44,32.21,30.44,31.79
2023-12-09 04:00:00,31.79,32.97,31.43,32.85
2023-12-09 08:00:00,32.86,34.26,32.06,33.58
2023-12-09 12:00:00,33.57,33.98,32.57,32.96
2023-12-09 16:00:00,32.95,32.98,31.27,32.21
2023-12-09 20:00:00,32.21,32.47,31.34,31.91
2023-12-10 00:00:00,31.91,33.42,31.91,32.92
2023-12-10 04:00:00,32.93,34.25,32.26,32.64
2023-12-10 08:00:00,32.63,32.73,31.52,32.28
2023-12-10 12:00:00,32.29,33.32,32.19,33.16
2023-12-10 16:00:00,33.15,35.81,32.62,35.57
2023-12-10 20:00:00,35.57,37.99,35.3,37.14
2023-12-11 00:00:00,37.14,37.5,31.6,36.41
2023-12-11 04:00:00,36.41,37.23,34.52,35.29
2023-12-11 08:00:00,35.28,36.88,34.25,36.39
2023-12-11 12:00:00,36.38,36.72,34.68,35.46
2023-12-11 16:00:00,35.45,37.55,34.9,36.83
2023-12-11 20:00:00,36.83,39.39,35.69,38.04
2023-12-12 00:00:00,38.04,42.89,38.03,41.94
2023-12-12 04:00:00,41.94,42.6,40.73,40.96
2023-12-12 08:00:00,40.96,41.37,40.0,40.04
2023-12-12 12:00:00,40.04,40.72,37.01,37.64
2023-12-12 16:00:00,37.64,38.36,36.0,37.68
2023-12-12 20:00:00,37.69,38.03,36.28,37.49
2023-12-13 00:00:00,37.49,37.57,34.64,34.97
2023-12-13 04:00:00,34.97,35.57,34.02,35.26
2023-12-13 08:00:00,35.26,36.76,35.18,35.86
2023-12-13 12:00:00,35.87,40.47,35.81,39.01
2023-12-13 16:00:00,39.02,41.47,38.0,41.04
2023-12-13 20:00:00,41.05,41.35,38.73,38.99
2023-12-14 00:00:00,38.98,39.38,38.15,38.73
2023-12-14 04:00:00,38.74,39.14,38.08,38.72
2023-12-14 08:00:00,38.72,39.65,37.71,39.61
2023-12-14 12:00:00,39.61,39.62,36.51,38.24
2023-12-14 16:00:00,38.23,39.56,38.23,38.85
2023-12-14 20:00:00,38.83,40.34,38.5,39.3
2023-12-15 00:00:00,39.29,39.68,38.52,39.49
2023-12-15 04:00:00,39.5,40.43,38.93,39.35
2023-12-15 08:00:00,39.34,41.42,39.05,40.95
2023-12-15 12:00:00,40.95,41.76,39.53,40.38
2023-12-15 16:00:00,40.38,42.19,39.05,41.26
2023-12-15 20:00:00,41.26,42.27,39.62,39.71
2023-12-16 00:00:00,39.72,41.31,38.5,41.15
2023-12-16 04:00:00,41.14,42.3,40.83,41.85
2023-12-16 08:00:00,41.85,43.75,41.58,43.64
2023-12-16 12:00:00,43.65,45.0,42.72,44.89
2023-12-16 16:00:00,44.9,45.33,42.45,42.49
2023-12-16 20:00:00,42.49,43.25,41.77,42.22
2023-12-17 00:00:00,42.23,43.55,42.01,43.35
2023-12-17 04:00:00,43.35,44.06,41.3,41.47
2023-12-17 08:00:00,41.47,42.65,41.31,42.28
2023-12-17 12:00:00,42.29,42.43,40.75,42.08
2023-12-17 16:00:00,42.08,42.89,41.46,41.85
2023-12-17 20:00:00,41.85,42.08,40.28,40.62
2023-12-18 00:00:00,40.62,41.44,39.0,39.54
2023-12-18 04:00:00,39.54,40.18,38.72,38.83
2023-12-18 08:00:00,38.82,39.3,36.5,38.17
2023-12-18 12:00:00,38.18,40.0,37.6,39.13
2023-12-18 16:00:00,39.14,40.55,38.82,39.82
2023-12-18 20:00:00,39.82,41.39,39.31,41.16
2023-12-19 00:00:00,41.15,42.17,40.68,40.73
2023-12-19 04:00:00,40.74,41.16,40.34,40.81
2023-12-19 08:00:00,40.82,41.51,40.37,41.01
2023-12-19 12:00:00,41.01,41.65,39.4,39.79
2023-12-19 16:00:00,39.79,41.02,38.73,40.51
2023-12-19 20:00:00,40.52,41.01,39.45,39.74
2023-12-20 00:00:00,39.73,40.34,39.08,40.27
2023-12-20 04:00:00,40.27,41.88,40.0,41.47
2023-12-20 08:00:00,41.47,42.99,41.25,42.54
2023-12-20 12:00:00,42.53,43.9,42.12,43.72
2023-12-20 16:00:00,43.72,44.49,42.48,42.94
2023-12-20 20:00:00,42.95,43.5,42.17,43.46
2023-12-21 00:00:00,43.46,44.95,43.06,44.18
2023-12-21 04:00:00,44.18,45.44,44.08,44.82
2023-12-21 08:00:00,44.82,46.4,44.6,45.4
2023-12-21 12:00:00,45.4,45.69,44.37,44.7
2023-12-21 16:00:00,44.7,47.38,44.67,45.67
2023-12-21 20:00:00,45.68,46.36,45.24,45.97
2023-12-22 00:00:00,45.96,48.88,45.96,47.73
2023-12-22 04:00:00,47.73,48.55,44.92,45.85
2023-12-22 08:00:00,45.84,46.14,43.66,44.59
2023-12-22 12:00:00,44.59,45.23,43.77,45.12
2023-12-22 16:00:00,45.12,46.12,44.34,45.06
2023-12-22 20:00:00,45.06,45.63,44.53,45.35
2023-12-23 00:00:00,45.35,45.35,43.34,43.89
2023-12-23 04:00:00,43.88,45.68,43.69,45.12
2023-12-23 08:00:00,45.12,46.03,44.81,45.02
2023-12-23 12:00:00,45.01,45.55,44.79,45.07
2023-12-23 16:00:00,45.06,45.9,44.24,45.26
2023-12-23 20:00:00,45.26,48.27,45.26,48.05
2023-12-24 00:00:00,48.04,48.59,46.45,48.51
2023-12-24 04:00:00,48.51,49.96,46.32,48.2
2023-12-24 08:00:00,48.21,48.39,46.46,47.49
2023-12-24 12:00:00,47.49,48.0,47.05,47.85
2023-12-24 16:00:00,47.87,49.45,47.62,49.4
2023-12-24 20:00:00,49.4,49.42,46.38,47.68
2023-12-25 00:00:00,47.68,48.4,46.54,47.39
2023-12-25 04:00:00,47.4,47.87,46.9,47.01
2023-12-25 08:00:00,47.0,47.28,45.94,46.47
2023-12-25 12:00:00,46.46,48.86,46.15,48.67
2023-12-25 16:00:00,48.66,48.9,47.47,47.69
2023-12-25 20:00:00,47.68,48.48,46.89,48.18
2023-12-26 00:00:00,48.18,48.35,46.95,47.37
2023-12-26 04:00:00,47.38,47.58,45.19,46.05
2023-12-26 08:00:00,46.04,46.72,45.66,46.59
2023-12-26 12:00:00,46.58,46.7,44.8,44.85
2023-12-26 16:00:00,44.86,45.54,40.53,43.0
2023-12-26 20:00:00,42.99,44.57,42.96,44.41
2023-12-27 00:00:00,44.41,44.85,42.48,42.74
2023-12-27 04:00:00,42.74,43.84,42.73,43.27
2023-12-27 08:00:00,43.26,44.95,43.01,44.49
2023-12-27 12:00:00,44.48,44.55,43.0,43.24
2023-12-27 16:00:00,43.25,43.29,41.87,42.88
2023-12-27 20:00:00,42.88,43.47,42.05,42.39
2023-12-28 00:00:00,42.4,43.39,41.52,42.17
2023-12-28 04:00:00,42.17,42.65,40.96,41.48
2023-12-28 08:00:00,41.49,42.34,41.2,42.14
2023-12-28 12:00:00,42.13,42.24,39.26,40.09
2023-12-28 16:00:00,40.08,40.32,39.23,39.92
2023-12-28 20:00:00,39.92,40.48,39.39,39.8
2023-12-29 00:00:00,39.8,41.16,38.5,41.04
2023-12-29 04:00:00,41.05,41.75,40.5,40.59
2023-12-29 08:00:00,40.6,42.15,40.55,41.84
2023-12-29 12:00:00,41.83,42.02,39.46,39.83
2023-12-29 16:00:00,39.84,40.5,39.14,40.37
2023-12-29 20:00:00,40.38,40.49,39.36,40.18
2023-12-30 00:00:00,40.18,40.36,39.51,39.74
2023-12-30 04:00:00,39.73,40.04,39.03,39.11
2023-12-30 08:00:00,39.11,39.18,38.15,39.16
2023-12-30 12:00:00,39.15,39.88,38.95,39.82
2023-12-30 16:00:00,39.82,40.12,39.47,39.96
2023-12-30 20:00:00,39.96,40.09,39.12,39.33
2023-12-31 00:00:00,39.33,39.57,38.58,38.91
2023-12-31 04:00:00,38.9,40.36,38.81,40.31
2023-12-31 08:00:00,40.32,40.55,39.84,39.97
2023-12-31 12:00:00,39.98,40.27,39.18,39.22
2023-12-31 16:00:00,39.22,39.94,39.19,39.33
2023-12-31 20:00:00,39.33,39.69,37.51,38.55
2024-01-01 00:00:00,38.57,39.65,38.4,38.51
2024-01-01 04:00:00,38.51,38.68,38.0,38.53
2024-01-01 08:00:00,38.54,39.89,38.46,39.52
2024-01-01 12:00:00,39.53,40.28,39.3,40.15
2024-01-01 16:00:00,40.14,41.08,39.88,41.05
2024-01-01 20:00:00,41.06,42.0,40.75,41.94
2024-01-02 00:00:00,41.95,42.83,41.59,42.08
2024-01-02 04:00:00,42.08,43.33,41.9,43.21
2024-01-02 08:00:00,43.2,43.44,41.98,42.28
2024-01-02 12:00:00,42.29,42.5,40.51,41.15
2024-01-02 16:00:00,41.16,41.46,40.52,40.78
2024-01-02 20:00:00,40.78,41.05,40.31,40.61
2024-01-03 00:00:00,40.61,41.0,40.38,40.73
2024-01-03 04:00:00,40.73,41.29,40.57,40.68
2024-01-03 08:00:00,40.69,41.43,39.0,39.32
2024-01-03 12:00:00,39.33,39.35,33.06,37.14
2024-01-03 16:00:00,37.15,37.28,35.5,36.22
2024-01-03 20:00:00,36.21,37.46,36.16,36.8
2024-01-04 00:00:00,36.79,37.2,36.2,36.99
2024-01-04 04:00:00,36.99,37.38,36.58,36.59
2024-01-04 08:00:00,36.6,37.15,36.07,37.03
2024-01-04 12:00:00,37.04,39.45,36.78,39.3
2024-01-04 16:00:00,39.3,39.38,38.02,38.78
2024-01-04 20:00:00,38.78,39.41,38.31,38.72
2024-01-05 00:00:00,38.72,38.91,36.5,36.95
2024-01-05 04:00:00,36.95,37.31,36.67,37.05
2024-01-05 08:00:00,37.05,37.74,36.33,36.41
2024-01-05 12:00:00,36.41,36.98,35.58,36.1
2024-01-05 16:00:00,36.09,36.29,35.0,35.8
2024-01-05 20:00:00,35.81,36.58,35.73,36.46
2024-01-06 00:00:00,36.46,36.51,35.36,35.44
2024-01-06 04:00:00,35.45,35.8,33.42,34.47
2024-01-06 08:00:00,34.46,35.03,34.13,34.75
2024-01-06 12:00:00,34.76,35.18,34.38,34.94
2024-01-06 16:00:00,34.94,35.41,34.52,34.74
2024-01-06 20:00:00,34.73,34.91,33.65,34.61
2024-01-07 00:00:00,34.62,35.46,34.23,34.52
2024-01-07 04:00:00,34.52,35.78,34.5,35.07
2024-01-07 08:00:00,35.07,35.33,34.32,34.9
2024-01-07 12:00:00,34.9,35.75,34.46,34.68
2024-01-07 16:00:00,34.69,35.5,34.25,34.94
2024-01-07 20:00:00,34.94,35.02,33.08,33.64
2024-01-08 00:00:00,33.65,33.97,31.12,31.91
2024-01-08 04:00:00,31.91,33.23,31.62,32.61
2024-01-08 08:00:00,32.61,33.79,32.32,33.72
2024-01-08 12:00:00,33.72,34.53,33.58,34.22
2024-01-08 16:00:00,34.24,36.46,33.92,36.21
2024-01-08 20:00:00,36.21,36.3,35.49,36.08
2024-01-09 00:00:00,36.08,36.54,35.03,35.95
2024-01-09 04:00:00,35.94,37.6,35.88,37.04
2024-01-09 08:00:00,37.03,37.49,36.19,36.43
2024-01-09 12:00:00,36.44,36.57,34.46,35.6
2024-01-09 16:00:00,35.6,35.75,34.66,35.07
2024-01-09 20:00:00,35.08,35.8,33.78,34.65
2024-01-10 00:00:00,34.64,34.9,34.16,34.48
2024-01-10 04:00:00,34.47,34.72,34.12,34.15
2024-01-10 08:00:00,34.15,35.27,33.68,34.94
2024-01-10 12:00:00,34.95,35.02,33.32,34.72
2024-01-10 16:00:00,34.71,35.99,34.5,35.36
2024-01-10 20:00:00,35.37,39.55,34.35,38.53
2024-01-11 00:00:00,38.54,38.84,38.0,38.76
2024-01-11 04:00:00,38.75,39.35,37.54,38.41
2024-01-11 08:00:00,38.42,39.77,38.36,39.72
2024-01-11 12:00:00,39.72,41.85,38.99,39.49
2024-01-11 16:00:00,39.49,39.96,38.34,39.94
2024-01-11 20:00:00,39.94,40.39,39.1,39.29
2024-01-12 00:00:00,39.29,39.59,38.34,38.8
2024-01-12 04:00:00,38.8,39.36,38.47,38.71
2024-01-12 08:00:00,38.71,39.02,38.2,38.61
2024-01-12 12:00:00,38.61,38.97,37.1,37.39
2024-01-12 16:00:00,37.38,37.76,35.9,36.59
2024-01-12 20:00:00,36.59,37.22,34.34,35.93
2024-01-13 00:00:00,35.93,36.15,34.7,35.47
2024-01-13 04:00:00,35.47,36.1,35.38,35.86
2024-01-13 08:00:00,35.87,36.12,35.55,35.9
2024-01-13 12:00:00,35.9,36.29,35.63,36.11
2024-01-13 16:00:00,36.11,36.45,35.86,36.25
2024-01-13 20:00:00,36.26,36.63,36.14,36.49
2024-01-14 00:00:00,36.48,36.59,35.83,36.03
2024-01-14 04:00:00,36.02,37.23,35.8,36.42
2024-01-14 08:00:00,36.42,36.96,36.23,36.41
2024-01-14 12:00:00,36.4,37.26,36.17,37.18
2024-01-14 16:00:00,37.18,37.86,36.03,36.12
2024-01-14 20:00:00,36.12,36.55,35.28,35.29
2024-01-15 00:00:00,35.28,36.47,35.22,36.01
2024-01-15 04:00:00,36.02,36.43,35.77,35.98
2024-01-15 08:00:00,35.99,36.52,35.87,36.34
2024-01-15 12:00:00,36.34,36.5,35.16,35.28
2024-01-15 16:00:00,35.27,36.81,35.19,36.4
2024-01-15 20:00:00,36.41,36.52,35.36,35.61
2024-01-16 00:00:00,35.6,36.26,35.6,36.25
2024-01-16 04:00:00,36.25,36.27,35.5,35.81
2024-01-16 08:00:00,35.82,36.54,35.62,35.77
2024-01-16 12:00:00,35.77,36.25,34.74,35.68
2024-01-16 16:00:00,35.68,35.88,35.35,35.5
2024-01-16 20:00:00,35.49,36.22,35.49,35.57
2024-01-17 00:00:00,35.58,36.41,35.5,36.2
2024-01-17 04:00:00,36.21,36.25,35.39,35.43
2024-01-17 08:00:00,35.43,36.51,35.31,36.27
2024-01-17 12:00:00,36.27,36.5,35.75,35.79
2024-01-17 16:00:00,35.8,36.11,35.25,35.91
2024-01-17 20:00:00,35.91,36.44,35.75,36.06
2024-01-18 00:00:00,36.07,36.19,35.5,35.71
2024-01-18 04:00:00,35.7,35.97,35.44,35.87
2024-01-18 08:00:00,35.88,35.91,35.05,35.26
2024-01-18 12:00:00,35.25,35.38,34.82,35.22
2024-01-18 16:00:00,35.21,35.22,32.72,32.97
2024-01-18 20:00:00,32.96,33.91,32.91,33.59
2024-01-19 00:00:00,33.59,33.7,32.59,33.13
2024-01-19 04:00:00,33.13,33.74,33.03,33.44
2024-01-19 08:00:00,33.44,33.75,33.29,33.7
2024-01-19 12:00:00,33.69,33.69,32.49,32.65
2024-01-19 16:00:00,32.65,32.89,31.18,32.75
2024-01-19 20:00:00,32.75,33.14,32.41,32.73
2024-01-20 00:00:00,32.74,32.99,32.44,32.76
2024-01-20 04:00:00,32.76,32.94,32.57,32.59
2024-01-20 08:00:00,32.59,32.74,32.03,32.4
2024-01-20 12:00:00,32.39,32.7,32.25,32.47
2024-01-20 16:00:00,32.45,32.61,32.18,32.35
2024-01-20 20:00:00,32.34,32.97,32.28,32.89
2024-01-21 00:00:00,32.87,33.13,32.46,33.02
2024-01-21 04:00:00,33.02,33.24,32.77,33.1
2024-01-21 08:00:00,33.1,33.44,32.96,33.31
2024-01-21 12:00:00,33.32,33.5,32.86,32.97
2024-01-21 16:00:00,32.97,33.27,32.68,33.11
2024-01-21 20:00:00,33.11,33.15,32.45,32.54
2024-01-22 00:00:00,32.54,32.74,31.96,32.24
2024-01-22 04:00:00,32.23,32.4,31.6,31.98
2024-01-22 08:00:00,31.99,31.99,30.67,31.2
2024-01-22 12:00:00,31.19,31.65,30.18,30.62
2024-01-22 16:00:00,30.64,30.8,29.32,29.87
2024-01-22 20:00:00,29.87,30.61,29.41,29.53
2024-01-23 00:00:00,29.53,30.22,29.31,29.95
2024-01-23 04:00:00,29.96,30.23,29.16,29.34
2024-01-23 08:00:00,29.34,29.51,27.43,27.92
2024-01-23 12:00:00,27.93,29.32,27.24,29.1
2024-01-23 16:00:00,29.1,29.46,28.69,28.87
2024-01-23 20:00:00,28.88,30.88,28.78,30.63
2024-01-24 00:00:00,30.64,30.7,29.54,29.61
2024-01-24 04:00:00,29.61,30.77,29.49,30.57
2024-01-24 08:00:00,30.59,31.81,30.5,31.24
2024-01-24 12:00:00,31.24,31.91,30.52,30.98
2024-01-24 16:00:00,30.99,31.63,30.49,30.65
2024-01-24 20:00:00,30.65,31.29,30.04,31.2
2024-01-25 00:00:00,31.19,31.36,30.57,30.76
2024-01-25 04:00:00,30.75,30.79,30.21,30.58
2024-01-25 08:00:00,30.58,30.67,30.05,30.34
2024-01-25 12:00:00,30.35,30.47,29.61,29.8
2024-01-25 16:00:00,29.79,31.06,29.66,30.54
2024-01-25 20:00:00,30.54,30.74,30.27,30.51
2024-01-26 00:00:00,30.51,30.94,30.12,30.74
2024-01-26 04:00:00,30.73,30.94,30.46,30.61
2024-01-26 08:00:00,30.62,32.35,30.61,32.26
2024-01-26 12:00:00,32.28,32.4,31.51,32.15
2024-01-26 16:00:00,32.15,33.11,32.11,32.71
2024-01-26 20:00:00,32.7,32.96,32.13,32.26
2024-01-27 00:00:00,32.26,32.83,32.14,32.71
2024-01-27 04:00:00,32.7,32.89,32.0,32.09
2024-01-27 08:00:00,32.08,32.46,31.85,32.32
2024-01-27 12:00:00,32.32,32.79,32.25,32.65
2024-01-27 16:00:00,32.66,32.87,32.31,32.74
2024-01-27 20:00:00,32.74,33.32,32.7,33.28
2024-01-28 00:00:00,33.29,36.11,33.19,35.87
2024-01-28 04:00:00,35.88,36.39,35.33,35.68
2024-01-28 08:00:00,35.69,36.72,35.6,36.17
2024-01-28 12:00:00,36.17,36.34,35.32,35.63
2024-01-28 16:00:00,35.63,36.0,34.43,34.64
2024-01-28 20:00:00,34.63,35.13,34.37,34.82
2024-01-29 00:00:00,34.83,35.77,34.55,35.4
2024-01-29 04:00:00,35.41,35.58,34.81,34.89
2024-01-29 08:00:00,34.88,35.35,34.71,34.94
2024-01-29 12:00:00,34.94,35.86,34.34,35.81
2024-01-29 16:00:00,35.8,36.55,35.45,35.94
2024-01-29 20:00:00,35.94,36.27,35.82,36.06
2024-01-30 00:00:00,36.07,36.46,35.64,35.76
2024-01-30 04:00:00,35.75,36.07,35.5,35.74
2024-01-30 08:00:00,35.74,37.15,35.53,37.0
2024-01-30 12:00:00,37.0,37.02,35.61,36.15
2024-01-30 16:00:00,36.15,36.52,35.8,36.2
2024-01-30 20:00:00,36.2,36.36,35.0,35.22
2024-01-31 00:00:00,35.23,35.32,34.66,34.95
2024-01-31 04:00:00,34.94,35.18,34.62,34.98
2024-01-31 08:00:00,34.98,35.06,34.01,34.73
2024-01-31 12:00:00,34.72,35.49,34.3,35.23
2024-01-31 16:00:00,35.23,35.5,34.7,35.18
2024-01-31 20:00:00,35.18,35.25,33.13,33.17
2024-02-01 00:00:00,33.18,33.32,32.3,32.9
2024-02-01 04:00:00,32.89,33.49,32.76,33.36
2024-02-01 08:00:00,33.36,33.55,33.02,33.05
2024-02-01 12:00:00,33.05,33.95,32.83,33.37
2024-02-01 16:00:00,33.37,33.85,32.93,33.72
2024-02-01 20:00:00,33.72,33.97,33.53,33.85
2024-02-02 00:00:00,33.87,34.5,33.76,34.39
2024-02-02 04:00:00,34.38,34.92,34.05,34.89
2024-02-02 08:00:00,34.9,36.31,34.69,36.24
2024-02-02 12:00:00,36.24,36.83,35.38,36.58
2024-02-02 16:00:00,36.58,36.94,35.82,36.23
2024-02-02 20:00:00,36.23,36.8,36.1,36.76
2024-02-03 00:00:00,36.76,37.6,36.01,36.04
2024-02-03 04:00:00,36.04,36.42,35.87,35.97
2024-02-03 08:00:00,35.97,36.13,35.56,35.74
2024-02-03 12:00:00,35.74,35.92,35.4,35.78
2024-02-03 16:00:00,35.79,36.8,35.73,36.28
2024-02-03 20:00:00,36.28,36.3,35.86,35.95
2024-02-04 00:00:00,35.96,36.53,35.73,36.21
2024-02-04 04:00:00,36.21,36.22,35.49,35.72
2024-02-04 08:00:00,35.71,36.13,35.41,35.98
2024-02-04 12:00:00,35.98,36.29,35.57,35.76
2024-02-04 16:00:00,35.77,35.88,35.33,35.48
2024-02-04 20:00:00,35.48,35.6,34.68,34.87
2024-02-05 00:00:00,34.86,35.07,34.32,34.93
2024-02-05 04:00:00,34.93,35.73,34.69,35.57
2024-02-05 08:00:00,35.57,35.77,35.29,35.64
2024-02-05 12:00:00,35.65,35.92,34.57,34.65
2024-02-05 16:00:00,34.64,34.87,34.43,34.58
2024-02-05 20:00:00,34.59,34.6,34.11,34.55
2024-02-06 00:00:00,34.55,34.75,34.32,34.47
2024-02-06 04:00:00,34.47,34.55,34.04,34.29
2024-02-06 08:00:00,34.29,34.55,33.72,34.0
2024-02-06 12:00:00,34.0,34.26,33.76,34.25
2024-02-06 16:00:00,34.26,34.43,33.99,34.25
2024-02-06 20:00:00,34.25,34.46,34.08,34.16
2024-02-07 00:00:00,34.16,34.4,33.88,33.91
2024-02-07 04:00:00,33.9,34.28,33.65,34.04
2024-02-07 08:00:00,34.04,34.46,33.94,34.17
2024-02-07 12:00:00,34.16,34.67,34.14,34.42
2024-02-07 16:00:00,34.43,35.48,34.37,35.07
2024-02-07 20:00:00,35.07,35.5,35.05,35.28
2024-02-08 00:00:00,35.28,35.59,35.25,35.5
2024-02-08 04:00:00,35.49,35.75,35.08,35.21
2024-02-08 08:00:00,35.22,35.65,35.2,35.33
2024-02-08 12:00:00,35.34,36.15,35.17,36.04
2024-02-08 16:00:00,36.04,36.1,35.23,35.51
2024-02-08 20:00:00,35.51,35.77,35.31,35.42
2024-02-09 00:00:00,35.43,36.28,35.41,35.91
2024-02-09 04:00:00,35.92,36.14,35.72,36.09
2024-02-09 08:00:00,36.1,36.45,36.03,36.45
2024-02-09 12:00:00,36.46,37.83,36.42,37.58
2024-02-09 16:00:00,37.58,38.15,37.13,38.1
2024-02-09 20:00:00,38.11,38.61,37.96,38.0
2024-02-10 00:00:00,38.0,39.48,38.0,39.43
2024-02-10 04:00:00,39.43,39.8,39.0,39.07
2024-02-10 08:00:00,39.06,39.34,38.17,38.79
2024-02-10 12:00:00,38.79,39.58,38.26,39.36
2024-02-10 16:00:00,39.35,39.67,38.96,39.39
2024-02-10 20:00:00,39.38,41.24,39.16,40.2
2024-02-11 00:00:00,40.2,40.65,40.1,40.39
2024-02-11 04:00:00,40.4,40.86,40.18,40.84
2024-02-11 08:00:00,40.83,41.2,40.22,40.54
2024-02-11 12:00:00,40.54,40.72,39.59,39.87
2024-02-11 16:00:00,39.88,40.15,39.55,39.79
2024-02-11 20:00:00,39.79,40.07,39.33,39.72
2024-02-12 00:00:00,39.73,40.12,38.6,38.75
2024-02-12 04:00:00,38.74,39.03,38.38,38.87
2024-02-12 08:00:00,38.87,39.12,38.39,38.62
2024-02-12 12:00:00,38.61,40.24,38.51,40.2
2024-02-12 16:00:00,40.2,41.13,39.84,40.29
2024-02-12 20:00:00,40.3,41.18,40.04,40.97
2024-02-13 00:00:00,40.96,41.7,40.52,40.54
2024-02-13 04:00:00,40.53,41.21,40.53,41.09
2024-02-13 08:00:00,41.08,41.55,40.71,41.02
2024-02-13 12:00:00,41.02,41.04,38.89,39.43
2024-02-13 16:00:00,39.44,39.94,38.88,39.56
2024-02-13 20:00:00,39.56,40.12,39.41,39.74
2024-02-14 00:00:00,39.73,39.74,39.1,39.5
2024-02-14 04:00:00,39.5,39.95,39.28,39.9
2024-02-14 08:00:00,39.91,41.89,39.76,41.48
2024-02-14 12:00:00,41.49,42.29,41.07,41.68
2024-02-14 16:00:00,41.68,41.87,40.96,41.83
2024-02-14 20:00:00,41.84,42.42,41.67,42.22
2024-02-15 00:00:00,42.23,42.73,41.83,42.38
2024-02-15 04:00:00,42.37,42.93,41.4,42.9
2024-02-15 08:00:00,42.9,43.6,42.26,42.87
2024-02-15 12:00:00,42.87,43.2,41.49,41.88
2024-02-15 16:00:00,41.88,42.27,41.28,41.69
2024-02-15 20:00:00,41.68,41.88,40.84,41.55
2024-02-16 00:00:00,41.54,41.79,41.15,41.71
2024-02-16 04:00:00,41.71,41.81,40.67,40.76
2024-02-16 08:00:00,40.75,41.21,39.97,41.0
2024-02-16 12:00:00,41.0,41.35,39.41,40.08
2024-02-16 16:00:00,40.08,40.49,39.76,39.82
2024-02-16 20:00:00,39.82,40.41,39.75,40.26
2024-02-17 00:00:00,40.25,40.36,39.56,40.21
2024-02-17 04:00:00,40.21,40.47,40.04,40.23
2024-02-17 08:00:00,40.23,40.23,39.27,39.71
2024-02-17 12:00:00,39.71,39.84,38.38,39.1
2024-02-17 16:00:00,39.1,39.7,38.84,39.61
2024-02-17 20:00:00,39.62,40.05,39.52,39.76
2024-02-18 00:00:00,39.75,39.96,38.97,39.34
2024-02-18 04:00:00,39.34,40.26,39.34,40.0
2024-02-18 08:00:00,39.99,40.63,39.81,40.34
2024-02-18 12:00:00,40.34,40.49,39.87,40.25
2024-02-18 16:00:00,40.24,40.6,40.0,40.15
2024-02-18 20:00:00,40.14,40.75,39.88,40.29
2024-02-19 00:00:00,40.29,40.64,39.91,40.07
2024-02-19 04:00:00,40.06,40.57,39.7,40.5
2024-02-19 08:00:00,40.5,40.55,39.58,39.99
2024-02-19 12:00:00,39.99,40.35,39.43,39.61
2024-02-19 16:00:00,39.6,39.78,39.11,39.38
2024-02-19 20:00:00,39.37,39.9,39.25,39.51
2024-02-20 00:00:00,39.51,39.63,38.58,38.93
2024-02-20 04:00:00,38.93,39.58,38.8,39.28
2024-02-20 08:00:00,39.27,39.33,38.07,39.22
2024-02-20 12:00:00,39.23,39.72,36.84,37.7
2024-02-20 16:00:00,37.71,38.4,36.92,38.33
2024-02-20 20:00:00,38.34,38.79,38.11,38.49
2024-02-21 00:00:00,38.5,38.55,37.91,38.01
2024-02-21 04:00:00,38.01,38.1,37.12,37.35
2024-02-21 08:00:00,37.35,37.55,36.41,36.74
2024-02-21 12:00:00,36.74,37.3,36.24,36.69
2024-02-21 16:00:00,36.69,36.92,35.9,36.79
2024-02-21 20:00:00,36.78,37.72,36.62,37.61
2024-02-22 00:00:00,37.6,37.67,36.6,36.97
2024-02-22 04:00:00,36.96,37.78,36.7,37.74
2024-02-22 08:00:00,37.73,38.22,37.38,37.5
2024-02-22 12:00:00,37.5,37.64,36.52,37.5
2024-02-22 16:00:00,37.5,37.66,36.93,37.29
2024-02-22 20:00:00,37.28,37.76,36.62,36.78
2024-02-23 00:00:00,36.77,36.96,36.04,36.52
2024-02-23 04:00:00,36.51,36.75,36.27,36.42
2024-02-23 08:00:00,36.41,36.86,36.1,36.78
2024-02-23 12:00:00,36.78,36.79,35.55,35.74
2024-02-23 16:00:00,35.74,36.45,35.14,36.4
2024-02-23 20:00:00,36.39,36.52,35.42,35.92
2024-02-24 00:00:00,35.91,36.14,35.2,35.84
2024-02-24 04:00:00,35.85,36.43,35.78,36.36
2024-02-24 08:00:00,36.37,36.69,36.1,36.63
2024-02-24 12:00:00,36.62,36.77,36.25,36.36
2024-02-24 16:00:00,36.35,36.95,36.33,36.75
2024-02-24 20:00:00,36.75,36.87,36.55,36.76
2024-02-25 00:00:00,36.76,37.04,36.42,36.81
2024-02-25 04:00:00,36.81,37.24,36.48,36.91
2024-02-25 08:00:00,36.9,36.91,36.56,36.79
2024-02-25 12:00:00,36.8,37.25,36.68,36.84
2024-02-25 16:00:00,36.84,37.12,36.63,37.05
2024-02-25 20:00:00,37.05,37.49,36.91,37.46
2024-02-26 00:00:00,37.46,37.55,36.82,37.0
2024-02-26 04:00:00,36.99,37.33,36.77,36.83
2024-02-26 08:00:00,36.82,37.06,36.28,36.69
2024-02-26 12:00:00,36.7,38.5,36.48,38.27
2024-02-26 16:00:00,38.27,39.21,38.2,39.0
2024-02-26 20:00:00,38.99,39.35,38.8,39.29
2024-02-27 00:00:00,39.29,39.94,38.96,39.17
2024-02-27 04:00:00,39.18,39.57,39.04,39.09
2024-02-27 08:00:00,39.09,39.61,39.08,39.55
2024-02-27 12:00:00,39.55,39.84,38.43,38.64
2024-02-27 16:00:00,38.64,39.27,38.31,39.07
2024-02-27 20:00:00,39.08,39.41,38.9,39.26
2024-02-28 00:00:00,39.25,39.55,39.02,39.16
2024-02-28 04:00:00,39.15,39.75,39.13,39.75
2024-02-28 08:00:00,39.75,40.61,39.15,39.57
2024-02-28 12:00:00,39.57,40.37,39.16,39.86
2024-02-28 16:00:00,39.84,41.3,36.2,38.51
2024-02-28 20:00:00,38.51,40.74,38.14,40.33
2024-02-29 00:00:00,40.33,41.8,40.15,41.33
2024-02-29 04:00:00,41.33,41.82,41.0,41.61
2024-02-29 08:00:00,41.61,44.65,41.51,42.94
2024-02-29 12:00:00,42.93,43.72,42.32,43.51
2024-02-29 16:00:00,43.51,43.63,41.63,42.44
2024-02-29 20:00:00,42.45,42.47,39.59,40.97
2024-03-01 00:00:00,40.98,42.9,40.98,42.64
2024-03-01 04:00:00,42.65,43.37,41.81,41.85
2024-03-01 08:00:00,41.84,42.89,41.77,42.52
2024-03-01 12:00:00,42.52,42.68,41.39,41.56
2024-03-01 16:00:00,41.57,42.07,41.34,42.01
2024-03-01 20:00:00,42.01,42.86,41.82,42.67
2024-03-02 00:00:00,42.68,43.53,41.95,43.37
2024-03-02 04:00:00,43.37,43.71,42.36,42.57
2024-03-02 08:00:00,42.57,42.96,41.97,42.28
2024-03-02 12:00:00,42.28,43.14,42.08,42.19
2024-03-02 16:00:00,42.2,43.04,42.18,43.03
2024-03-02 20:00:00,43.02,44.58,42.51,44.35
2024-03-03 00:00:00,44.35,44.89,43.24,43.85
2024-03-03 04:00:00,43.85,44.01,40.35,41.85
2024-03-03 08:00:00,41.85,42.92,41.32,42.6
2024-03-03 12:00:00,42.61,43.0,42.52,42.57
2024-03-03 16:00:00,42.57,42.99,42.37,42.57
2024-03-03 20:00:00,42.58,42.88,42.4,42.58
2024-03-04 00:00:00,42.59,43.43,42.0,42.26
2024-03-04 04:00:00,42.25,43.08,42.0,42.96
2024-03-04 08:00:00,42.97,43.99,42.71,43.59
2024-03-04 12:00:00,43.59,43.92,42.46,43.51
2024-03-04 16:00:00,43.5,43.63,41.42,42.55
2024-03-04 20:00:00,42.56,43.09,41.87,43.08
2024-03-05 00:00:00,43.09,43.14,41.73,42.04
2024-03-05 04:00:00,42.04,43.34,41.2,42.5
2024-03-05 08:00:00,42.5,43.39,42.06,42.74
2024-03-05 12:00:00,42.75,45.18,41.91,44.12
2024-03-05 16:00:00,44.11,44.5,34.83,37.58
2024-03-05 20:00:00,37.62,39.71,36.54,39.43
2024-03-06 00:00:00,39.42,39.55,37.9,38.58
2024-03-06 04:00:00,38.59,41.2,38.59,41.19
2024-03-06 08:00:00,41.18,41.7,40.51,40.91
2024-03-06 12:00:00,40.9,41.01,38.77,39.8
2024-03-06 16:00:00,39.8,41.11,39.74,40.8
2024-03-06 20:00:00,40.81,42.14,40.71,41.56
2024-03-07 00:00:00,41.56,43.88,41.55,42.91
2024-03-07 04:00:00,42.91,43.07,41.64,42.69
2024-03-07 08:00:00,42.68,43.48,42.41,42.85
2024-03-07 12:00:00,42.85,44.5,42.48,43.77
2024-03-07 16:00:00,43.78,44.27,43.5,43.84
2024-03-07 20:00:00,43.83,44.08,43.18,43.2
2024-03-08 00:00:00,43.2,43.86,42.86,42.94
2024-03-08 04:00:00,42.95,43.44,42.67,43.1
2024-03-08 08:00:00,43.1,43.62,43.05,43.54
2024-03-08 12:00:00,43.54,43.96,41.42,42.37
2024-03-08 16:00:00,42.37,43.03,41.09,42.55
2024-03-08 20:00:00,42.55,42.83,42.15,42.61
2024-03-09 00:00:00,42.62,42.93,42.33,42.58
2024-03-09 04:00:00,42.58,43.17,42.56,43.03
2024-03-09 08:00:00,43.04,43.17,42.43,43.07
2024-03-09 12:00:00,43.07,43.35,42.91,43.1
2024-03-09 16:00:00,43.1,43.54,42.53,42.89
2024-03-09 20:00:00,42.9,43.26,42.76,42.92
2024-03-10 00:00:00,42.92,43.32,42.71,42.93
2024-03-10 04:00:00,42.93,43.91,42.86,43.79
2024-03-10 08:00:00,43.8,43.93,42.52,42.68
2024-03-10 12:00:00,42.67,42.89,41.3,41.77
2024-03-10 16:00:00,41.76,42.61,41.7,42.2
2024-03-10 20:00:00,42.21,42.25,40.89,42.05
2024-03-11 00:00:00,42.04,42.19,40.01,41.56
2024-03-11 04:00:00,41.56,42.99,41.3,42.81
2024-03-11 08:00:00,42.82,47.06,42.82,46.16
2024-03-11 12:00:00,46.16,48.8,46.07,46.67
2024-03-11 16:00:00,46.67,48.2,46.21,47.49
2024-03-11 20:00:00,47.49,49.56,47.38,49.09
2024-03-12 00:00:00,49.09,50.93,47.91,47.99
2024-03-12 04:00:00,47.99,48.98,47.3,47.65
2024-03-12 08:00:00,47.65,48.17,46.34,47.78
2024-03-12 12:00:00,47.79,54.09,47.1,53.74
2024-03-12 16:00:00,53.73,57.36,51.15,56.76
2024-03-12 20:00:00,56.77,56.98,54.65,55.48
2024-03-13 00:00:00,55.48,55.52,53.21,53.28
2024-03-13 04:00:00,53.28,54.53,52.53,53.87
2024-03-13 08:00:00,53.88,54.63,53.2,53.84
2024-03-13 12:00:00,53.85,54.96,52.2,53.53
2024-03-13 16:00:00,53.54,54.83,52.91,54.13
2024-03-13 20:00:00,54.13,55.5,53.25,54.79
2024-03-14 00:00:00,54.79,59.28,54.48,57.68
2024-03-14 04:00:00,57.69,57.72,55.33,55.89
2024-03-14 08:00:00,55.89,58.47,55.72,56.48
2024-03-14 12:00:00,56.49,56.78,52.69,53.13
2024-03-14 16:00:00,53.13,54.4,50.46,51.61
2024-03-14 20:00:00,51.62,54.5,51.5,53.95
2024-03-15 00:00:00,53.95,57.02,50.55,54.17
2024-03-15 04:00:00,54.16,54.5,51.35,53.73
2024-03-15 08:00:00,53.75,53.94,48.3,51.53
2024-03-15 12:00:00,51.52,57.21,50.58,55.43
2024-03-15 16:00:00,55.43,59.0,54.37,56.25
2024-03-15 20:00:00,56.26,58.68,54.61,58.36
2024-03-16 00:00:00,58.36,58.67,56.27,56.95
2024-03-16 04:00:00,56.95,61.19,55.17,60.65
2024-03-16 08:00:00,60.65,61.46,58.72,59.17
2024-03-16 12:00:00,59.17,59.24,56.16,58.02
2024-03-16 16:00:00,58.03,58.04,52.38,52.78
2024-03-16 20:00:00,52.77,54.42,52.0,53.44
2024-03-17 00:00:00,53.44,54.66,52.39,53.54
2024-03-17 04:00:00,53.54,53.59,50.05,51.47
2024-03-17 08:00:00,51.47,56.4,51.24,55.6
2024-03-17 12:00:00,55.61,56.83,54.09,55.63
2024-03-17 16:00:00,55.63,58.5,54.89,57.81
2024-03-17 20:00:00,57.82,58.45,56.01,58.45
2024-03-18 00:00:00,58.44,61.69,55.26,60.51
2024-03-18 04:00:00,60.51,62.38,59.41,61.28
2024-03-18 08:00:00,61.29,64.54,59.36,63.81
2024-03-18 12:00:00,63.81,64.49,59.82,61.75
2024-03-18 16:00:00,61.74,65.39,61.34,62.36
2024-03-18 20:00:00,62.37,64.68,60.14,60.65
2024-03-19 00:00:00,60.64,61.95,56.89,59.13
2024-03-19 04:00:00,59.13,60.37,55.12,60.19
2024-03-19 08:00:00,60.2,60.21,55.11,58.03
2024-03-19 12:00:00,58.03,61.26,56.53,59.82
2024-03-19 16:00:00,59.83,61.86,58.49,58.56
2024-03-19 20:00:00,58.57,58.7,53.16,53.63
2024-03-20 00:00:00,53.62,54.61,51.22,51.48
2024-03-20 04:00:00,51.5,54.22,50.42,53.85
2024-03-20 08:00:00,53.85,54.19,52.54,53.43
2024-03-20 12:00:00,53.42,54.8,52.25,52.62
2024-03-20 16:00:00,52.62,56.0,50.52,55.38
2024-03-20 20:00:00,55.38,58.15,54.9,57.06
2024-03-21 00:00:00,57.05,57.87,55.61,55.8
2024-03-21 04:00:00,55.8,56.24,53.74,54.43
2024-03-21 08:00:00,54.43,55.33,54.22,54.96
2024-03-21 12:00:00,54.95,55.77,54.0,54.64
2024-03-21 16:00:00,54.64,56.4,52.76,53.72
2024-03-21 20:00:00,53.71,54.81,53.1,53.82
2024-03-22 00:00:00,53.83,55.31,52.68,55.16
2024-03-22 04:00:00,55.16,56.4,54.92,55.83
2024-03-22 08:00:00,55.83,56.59,54.38,54.75
2024-03-22 12:00:00,54.75,57.8,52.91,53.63
2024-03-22 16:00:00,53.64,54.12,52.42,53.84
2024-03-22 20:00:00,53.84,53.92,51.63,53.44
2024-03-23 00:00:00,53.44,54.45,52.6,53.33
2024-03-23 04:00:00,53.33,55.22,52.64,55.02
2024-03-23 08:00:00,55.02,55.31,54.09,54.63
2024-03-23 12:00:00,54.63,55.98,54.42,54.82
2024-03-23 16:00:00,54.82,55.33,54.37,54.73
2024-03-23 20:00:00,54.74,54.81,53.27,53.45
2024-03-24 00:00:00,53.45,54.34,53.21,53.22
2024-03-24 04:00:00,53.22,53.56,52.86,53.42
2024-03-24 08:00:00,53.41,54.13,53.25,53.81
2024-03-24 12:00:00,53.82,54.22,53.14,53.59
2024-03-24 16:00:00,53.58,54.0,52.43,53.84
2024-03-24 20:00:00,53.85,55.82,53.64,55.68
2024-03-25 00:00:00,55.69,56.58,54.94,56.44
2024-03-25 04:00:00,56.44,57.0,55.91,56.11
2024-03-25 08:00:00,56.12,58.29,55.95,57.08
2024-03-25 12:00:00,57.07,59.19,57.07,58.37
2024-03-25 16:00:00,58.38,58.57,57.56,58.13
2024-03-25 20:00:00,58.14,58.5,57.31,57.76
2024-03-26 00:00:00,57.75,58.9,57.59,58.28
2024-03-26 04:00:00,58.28,60.0,58.15,58.26
2024-03-26 08:00:00,58.27,58.65,57.84,57.89
2024-03-26 12:00:00,57.89,58.68,56.02,56.67
2024-03-26 16:00:00,56.68,57.03,55.33,55.61
2024-03-26 20:00:00,55.6,56.25,55.37,55.78
2024-03-27 00:00:00,55.79,56.72,55.54,56.16
2024-03-27 04:00:00,56.16,56.36,54.83,54.96
2024-03-27 08:00:00,54.97,55.46,54.05,54.98
2024-03-27 12:00:00,54.99,55.44,52.5,53.33
2024-03-27 16:00:00,53.33,54.1,53.14,53.87
2024-03-27 20:00:00,53.86,54.5,53.83,54.1
2024-03-28 00:00:00,54.1,54.5,53.18,53.71
2024-03-28 04:00:00,53.71,54.93,53.65,54.92
2024-03-28 08:00:00,54.92,55.05,54.04,54.33
2024-03-28 12:00:00,54.34,54.95,53.73,54.68
2024-03-28 16:00:00,54.69,54.86,54.25,54.61
2024-03-28 20:00:00,54.6,55.0,54.13,54.63
2024-03-29 00:00:00,54.62,54.65,53.76,54.29
2024-03-29 04:00:00,54.29,54.5,53.0,53.11
2024-03-29 08:00:00,53.12,54.03,53.06,53.83
2024-03-29 12:00:00,53.82,54.12,52.6,53.07
2024-03-29 16:00:00,53.07,53.58,52.79,53.07
2024-03-29 20:00:00,53.08,53.58,52.52,53.33
2024-03-30 00:00:00,53.32,53.86,53.19,53.28
2024-03-30 04:00:00,53.29,54.63,53.2,53.86
2024-03-30 08:00:00,53.86,54.36,53.47,54.32
2024-03-30 12:00:00,54.32,54.37,53.55,53.72
2024-03-30 16:00:00,53.71,54.0,53.0,53.43
2024-03-30 20:00:00,53.42,53.59,52.76,52.93
2024-03-31 00:00:00,52.92,53.55,52.87,53.16
2024-03-31 04:00:00,53.16,54.17,53.06,54.03
2024-03-31 08:00:00,54.03,54.27,53.61,53.69
2024-03-31 12:00:00,53.69,53.86,53.15,53.19
2024-03-31 16:00:00,53.2,54.16,53.16,54.12
2024-03-31 20:00:00,54.13,54.28,53.51,54.06
2024-04-01 00:00:00,54.06,54.14,53.28,53.8
2024-04-01 04:00:00,53.8,54.04,50.66,52.21
2024-04-01 08:00:00,52.21,53.02,51.33,52.42
2024-04-01 12:00:00,52.43,53.35,50.82,51.28
2024-04-01 16:00:00,51.28,51.64,50.26,51.45
2024-04-01 20:00:00,51.45,51.76,51.25,51.38
2024-04-02 00:00:00,51.38,51.38,47.0,47.93
2024-04-02 04:00:00,47.93,48.74,47.42,48.07
2024-04-02 08:00:00,48.07,48.24,46.4,47.12
2024-04-02 12:00:00,47.11,48.08,46.29,46.83
2024-04-02 16:00:00,46.82,47.65,46.6,47.46
2024-04-02 20:00:00,47.46,47.67,46.66,46.86
2024-04-03 00:00:00,46.87,47.78,45.14,47.68
2024-04-03 04:00:00,47.67,48.17,47.16,47.82
2024-04-03 08:00:00,47.82,48.32,47.07,47.28
2024-04-03 12:00:00,47.28,47.49,46.13,46.27
2024-04-03 16:00:00,46.26,47.08,45.34,45.81
2024-04-03 20:00:00,45.82,46.22,44.97,45.89
2024-04-04 00:00:00,45.89,46.98,45.69,46.07
2024-04-04 04:00:00,46.07,47.16,45.42,46.9
2024-04-04 08:00:00,46.9,47.27,46.72,46.99
2024-04-04 12:00:00,46.99,47.89,46.94,47.43
2024-04-04 16:00:00,47.44,48.16,46.99,47.07
2024-04-04 20:00:00,47.07,47.12,46.01,46.5
2024-04-05 00:00:00,46.5,46.59,45.1,46.01
2024-04-05 04:00:00,46.01,46.07,44.62,45.39
2024-04-05 08:00:00,45.39,45.94,44.17,44.26
2024-04-05 12:00:00,44.26,45.68,43.77,45.53
2024-04-05 16:00:00,45.52,45.77,44.97,45.33
2024-04-05 20:00:00,45.32,45.62,45.15,45.3
2024-04-06 00:00:00,45.3,46.66,45.05,46.66
2024-04-06 04:00:00,46.66,47.45,46.22,47.09
2024-04-06 08:00:00,47.1,47.6,46.68,46.92
2024-04-06 12:00:00,46.92,48.38,46.54,48.13
2024-04-06 16:00:00,48.13,48.44,47.69,47.98
2024-04-06 20:00:00,47.98,48.98,47.88,48.19
2024-04-07 00:00:00,48.19,49.08,48.11,48.76
2024-04-07 04:00:00,48.75,49.02,48.3,48.44
2024-04-07 08:00:00,48.45,48.72,48.27,48.58
2024-04-07 12:00:00,48.58,48.88,48.18,48.25
2024-04-07 16:00:00,48.26,49.04,48.0,48.12
2024-04-07 20:00:00,48.12,49.51,47.89,49.32
2024-04-08 00:00:00,49.33,49.34,48.25,48.71
2024-04-08 04:00:00,48.71,49.68,48.31,49.46
2024-04-08 08:00:00,49.47,50.81,49.39,50.42
2024-04-08 12:00:00,50.43,50.62,49.36,49.62
2024-04-08 16:00:00,49.62,50.16,49.55,49.97
2024-04-08 20:00:00,49.98,50.25,49.81,49.86
2024-04-09 00:00:00,49.87,49.96,48.84,49.04
2024-04-09 04:00:00,49.04,49.36,48.33,48.45
2024-04-09 08:00:00,48.44,48.64,47.57,48.6
2024-04-09 12:00:00,48.6,48.66,46.68,47.55
2024-04-09 16:00:00,47.55,47.55,46.71,47.27
2024-04-09 20:00:00,47.26,47.49,46.35,46.47
2024-04-10 00:00:00,46.47,47.03,45.71,46.63
2024-04-10 04:00:00,46.63,47.9,46.51,47.48
2024-04-10 08:00:00,47.49,47.62,46.66,47.43
2024-04-10 12:00:00,47.43,47.64,45.07,46.62
2024-04-10 16:00:00,46.62,47.84,46.47,47.41
2024-04-10 20:00:00,47.42,48.01,46.9,47.3
2024-04-11 00:00:00,47.3,47.3,46.6,46.86
2024-04-11 04:00:00,46.85,47.5,46.44,47.21
2024-04-11 08:00:00,47.21,47.46,45.88,46.01
2024-04-11 12:00:00,46.01,46.72,45.73,46.09
2024-04-11 16:00:00,46.09,46.42,45.59,46.18
2024-04-11 20:00:00,46.18,46.55,45.82,46.01
2024-04-12 00:00:00,46.02,46.76,45.98,46.68
2024-04-12 04:00:00,46.68,46.88,46.16,46.34
2024-04-12 08:00:00,46.34,46.51,46.04,46.14
2024-04-12 12:00:00,46.15,46.15,44.07,44.17
2024-04-12 16:00:00,44.18,44.36,36.0,38.48
2024-04-12 20:00:00,38.48,39.59,38.33,39.34
2024-04-13 00:00:00,39.34,39.35,37.42,38.19
2024-04-13 04:00:00,38.19,38.98,37.96,38.14
2024-04-13 08:00:00,38.13,38.98,37.66,38.47
2024-04-13 12:00:00,38.47,39.07,38.08,38.23
2024-04-13 16:00:00,38.23,38.38,32.0,33.31
2024-04-13 20:00:00,33.32,34.73,29.24,33.89
2024-04-14 00:00:00,33.9,34.22,32.64,33.68
2024-04-14 04:00:00,33.69,36.32,33.5,36.28
2024-04-14 08:00:00,36.28,37.23,35.78,36.02
2024-04-14 12:00:00,36.01,36.41,34.98,35.45
2024-04-14 16:00:00,35.44,36.46,34.22,35.69
2024-04-14 20:00:00,35.68,37.91,35.08,37.27
2024-04-15 00:00:00,37.27,37.29,35.74,35.89
2024-04-15 04:00:00,35.89,38.52,35.51,37.77
2024-04-15 08:00:00,37.76,38.22,37.41,37.47
2024-04-15 12:00:00,37.47,38.61,36.22,36.87
2024-04-15 16:00:00,36.87,37.07,34.09,35.35
2024-04-15 20:00:00,35.36,35.66,34.58,35.16
2024-04-16 00:00:00,35.16,35.49,34.32,34.65
2024-04-16 04:00:00,34.64,35.91,33.66,35.69
2024-04-16 08:00:00,35.69,35.69,33.78,35.14
2024-04-16 12:00:00,35.13,35.14,32.94,32.94
2024-04-16 16:00:00,32.94,34.62,32.7,33.98
2024-04-16 20:00:00,33.97,35.12,33.93,34.76
2024-04-17 00:00:00,34.75,35.06,34.12,34.72
2024-04-17 04:00:00,34.72,35.36,34.48,34.94
2024-04-17 08:00:00,34.94,35.21,33.85,33.87
2024-04-17 12:00:00,33.88,34.19,32.47,32.64
2024-04-17 16:00:00,32.64,35.21,32.23,34.19
2024-04-17 20:00:00,34.2,34.59,33.45,33.58
2024-04-18 00:00:00,33.58,34.67,32.8,34.33
2024-04-18 04:00:00,34.32,34.78,33.15,33.33
2024-04-18 08:00:00,33.34,35.46,32.95,34.95
2024-04-18 12:00:00,34.94,35.61,33.81,35.03
2024-04-18 16:00:00,35.04,35.25,34.1,34.89
2024-04-18 20:00:00,34.89,35.17,34.69,34.85
2024-04-19 00:00:00,34.84,34.84,31.92,33.6
2024-04-19 04:00:00,33.6,36.14,33.55,35.18
2024-04-19 08:00:00,35.19,35.75,35.04,35.42
2024-04-19 12:00:00,35.42,35.64,34.78,35.36
2024-04-19 16:00:00,35.36,35.46,34.79,35.32
2024-04-19 20:00:00,35.31,35.4,34.14,34.67
2024-04-20 00:00:00,34.66,35.33,34.12,35.18
2024-04-20 04:00:00,35.19,35.98,35.08,35.85
2024-04-20 08:00:00,35.85,35.89,34.96,35.03
2024-04-20 12:00:00,35.04,36.65,34.89,36.61
2024-04-20 16:00:00,36.61,37.95,36.33,37.52
2024-04-20 20:00:00,37.54,38.49,37.54,38.31
2024-04-21 00:00:00,38.31,38.77,37.65,38.21
2024-04-21 04:00:00,38.21,38.35,37.79,38.03
2024-04-21 08:00:00,38.02,38.13,37.36,37.48
2024-04-21 12:00:00,37.48,37.55,36.82,37.21
2024-04-21 16:00:00,37.21,37.26,36.35,36.93
2024-04-21 20:00:00,36.92,37.65,36.81,37.15
2024-04-22 00:00:00,37.14,38.24,36.75,38.07
2024-04-22 04:00:00,38.07,39.19,37.97,38.48
2024-04-22 08:00:00,38.48,39.68,38.19,38.95
2024-04-22 12:00:00,38.95,39.37,38.39,39.0
2024-04-22 16:00:00,39.0,39.4,38.66,39.26
2024-04-22 20:00:00,39.26,39.72,39.12,39.19
2024-04-23 00:00:00,39.18,39.92,38.75,38.87
2024-04-23 04:00:00,38.86,39.01,38.12,38.25
2024-04-23 08:00:00,38.26,38.52,37.98,38.08
2024-04-23 12:00:00,38.09,39.33,37.99,38.96
2024-04-23 16:00:00,38.97,39.32,38.61,38.71
2024-04-23 20:00:00,38.72,38.76,38.01,38.3
2024-04-24 00:00:00,38.3,39.45,38.27,38.98
2024-04-24 04:00:00,38.99,39.84,38.92,39.13
2024-04-24 08:00:00,39.13,39.35,38.83,39.16
2024-04-24 12:00:00,39.15,39.33,36.71,36.87
2024-04-24 16:00:00,36.86,37.54,36.5,37.02
2024-04-24 20:00:00,37.01,37.13,36.02,36.37
2024-04-25 00:00:00,36.37,36.75,35.67,35.88
2024-04-25 04:00:00,35.86,36.25,35.06,35.43
2024-04-25 08:00:00,35.44,35.57,34.76,35.15
2024-04-25 12:00:00,35.15,35.72,34.7,35.65
2024-04-25 16:00:00,35.65,36.03,35.4,35.89
2024-04-25 20:00:00,35.88,36.4,35.43,35.59
2024-04-26 00:00:00,35.59,35.79,34.68,35.48
2024-04-26 04:00:00,35.48,35.77,35.22,35.36
2024-04-26 08:00:00,35.36,35.68,35.0,35.21
2024-04-26 12:00:00,35.2,35.88,34.7,35.15
2024-04-26 16:00:00,35.15,35.31,34.84,34.89
2024-04-26 20:00:00,34.89,35.17,34.27,34.42
2024-04-27 00:00:00,34.43,34.64,33.08,34.13
2024-04-27 04:00:00,34.12,34.5,34.05,34.07
2024-04-27 08:00:00,34.07,34.35,33.59,33.92
2024-04-27 12:00:00,33.91,34.52,33.85,34.08
2024-04-27 16:00:00,34.08,35.13,33.95,34.51
2024-04-27 20:00:00,34.51,34.7,34.17,34.47
2024-04-28 00:00:00,34.47,35.27,34.38,34.98
2024-04-28 04:00:00,34.99,35.24,34.79,35.01
2024-04-28 08:00:00,35.01,35.11,34.34,34.41
2024-04-28 12:00:00,34.4,34.97,34.36,34.66
2024-04-28 16:00:00,34.67,35.39,34.63,35.01
2024-04-28 20:00:00,35.01,35.07,33.8,33.95
2024-04-29 00:00:00,33.95,34.32,33.28,33.32
2024-04-29 04:00:00,33.33,33.72,32.93,33.2
2024-04-29 08:00:00,33.21,33.66,32.84,33.21
2024-04-29 12:00:00,33.21,35.13,33.03,34.95
2024-04-29 16:00:00,34.95,35.11,34.4,34.63
2024-04-29 20:00:00,34.64,35.88,34.13,35.28
2024-04-30 00:00:00,35.29,35.73,34.37,34.87
2024-04-30 04:00:00,34.87,35.02,34.39,34.72
2024-04-30 08:00:00,34.71,34.8,33.12,33.27
2024-04-30 12:00:00,33.26,33.36,32.52,32.81
2024-04-30 16:00:00,32.82,32.82,31.92,31.99
2024-04-30 20:00:00,31.99,33.07,31.99,32.71
2024-05-01 00:00:00,32.71,32.84,32.22,32.64
2024-05-01 04:00:00,32.64,32.77,30.26,31.27
2024-05-01 08:00:00,31.27,31.92,30.6,31.91
2024-05-01 12:00:00,31.9,33.01,31.77,32.48
2024-05-01 16:00:00,32.47,34.0,31.8,32.42
2024-05-01 20:00:00,32.43,33.42,32.16,33.33
2024-05-02 00:00:00,33.33,33.74,32.36,32.78
2024-05-02 04:00:00,32.78,32.97,32.3,32.67
2024-05-02 08:00:00,32.66,33.8,32.6,33.77
2024-05-02 12:00:00,33.77,34.13,33.16,33.81
2024-05-02 16:00:00,33.81,33.97,33.52,33.77
2024-05-02 20:00:00,33.77,33.97,33.32,33.58
2024-05-03 00:00:00,33.57,34.36,33.43,34.15
2024-05-03 04:00:00,34.16,34.2,33.5,33.55
2024-05-03 08:00:00,33.55,33.9,33.3,33.56
2024-05-03 12:00:00,33.56,35.18,33.52,35.08
2024-05-03 16:00:00,35.08,35.46,35.05,35.28
2024-05-03 20:00:00,35.27,36.13,35.22,35.54
2024-05-04 00:00:00,35.55,35.79,35.18,35.53
2024-05-04 04:00:00,35.52,35.82,35.4,35.42
2024-05-04 08:00:00,35.41,36.5,35.25,35.81
2024-05-04 12:00:00,35.81,36.27,35.61,36.22
2024-05-04 16:00:00,36.22,37.5,36.05,37.33
2024-05-04 20:00:00,37.33,37.68,36.88,37.36
2024-05-05 00:00:00,37.36,38.01,36.81,37.57
2024-05-05 04:00:00,37.57,37.64,36.77,36.97
2024-05-05 08:00:00,36.97,37.25,36.6,37.02
2024-05-05 12:00:00,37.01,37.54,36.67,37.41
2024-05-05 16:00:00,37.42,37.68,37.08,37.23
2024-05-05 20:00:00,37.23,37.5,36.98,37.35
2024-05-06 00:00:00,37.35,37.65,36.99,37.22
2024-05-06 04:00:00,37.22,38.35,37.06,38.26
2024-05-06 08:00:00,38.26,39.87,38.24,38.56
2024-05-06 12:00:00,38.57,38.67,37.09,37.79
2024-05-06 16:00:00,37.79,38.09,36.78,37.2
2024-05-06 20:00:00,37.2,37.76,37.11,37.11
2024-05-07 00:00:00,37.12,37.6,36.35,36.8
2024-05-07 04:00:00,36.81,37.1,36.5,36.61
2024-05-07 08:00:00,36.6,37.49,36.43,36.44
2024-05-07 12:00:00,36.44,37.32,36.29,36.91
2024-05-07 16:00:00,36.9,37.08,36.06,36.18
2024-05-07 20:00:00,36.17,36.36,35.27,35.31
2024-05-08 00:00:00,35.31,35.5,34.92,35.3
2024-05-08 04:00:00,35.3,35.41,34.46,34.55
2024-05-08 08:00:00,34.55,34.75,34.3,34.41
2024-05-08 12:00:00,34.41,35.0,34.09,34.48
2024-05-08 16:00:00,34.49,35.1,34.23,34.41
2024-05-08 20:00:00,34.4,34.53,33.62,34.02
2024-05-09 00:00:00,34.02,34.44,33.97,34.31
2024-05-09 04:00:00,34.33,34.67,34.12,34.27
2024-05-09 08:00:00,34.26,34.38,33.73,34.06
2024-05-09 12:00:00,34.07,34.56,33.74,34.35
2024-05-09 16:00:00,34.35,34.71,34.06,34.68
2024-05-09 20:00:00,34.68,35.38,34.44,35.07
2024-05-10 00:00:00,35.07,35.62,34.89,35.55
2024-05-10 04:00:00,35.55,36.12,35.45,36.03
2024-05-10 08:00:00,36.03,36.09,35.43,35.8
2024-05-10 12:00:00,35.81,35.89,34.05,34.62
2024-05-10 16:00:00,34.61,34.74,33.87,33.92
2024-05-10 20:00:00,33.92,34.18,33.23,33.71
2024-05-11 00:00:00,33.71,34.04,33.42,33.53
2024-05-11 04:00:00,33.53,33.74,33.23,33.65
2024-05-11 08:00:00,33.65,33.67,33.06,33.39
2024-05-11 12:00:00,33.38,33.99,33.24,33.8
2024-05-11 16:00:00,33.81,33.92,33.62,33.8
2024-05-11 20:00:00,33.8,33.81,33.43,33.49
2024-05-12 00:00:00,33.49,33.71,33.46,33.55
2024-05-12 04:00:00,33.56,33.77,33.19,33.25
2024-05-12 08:00:00,33.25,34.0,33.21,33.79
2024-05-12 12:00:00,33.79,33.88,33.49,33.7
2024-05-12 16:00:00,33.7,33.91,33.33,33.46
2024-05-12 20:00:00,33.46,33.49,32.78,33.14
2024-05-13 00:00:00,33.14,33.43,31.93,32.33
2024-05-13 04:00:00,32.33,33.49,32.07,33.49
2024-05-13 08:00:00,33.48,33.82,33.27,33.41
2024-05-13 12:00:00,33.4,33.49,32.92,33.29
2024-05-13 16:00:00,33.3,33.45,32.45,32.85
2024-05-13 20:00:00,32.84,32.9,32.35,32.46
2024-05-14 00:00:00,32.46,32.62,31.94,32.18
2024-05-14 04:00:00,32.18,32.67,31.6,32.66
2024-05-14 08:00:00,32.66,33.34,32.52,32.74
2024-05-14 12:00:00,32.73,33.02,31.75,32.09
2024-05-14 16:00:00,32.09,32.14,31.65,31.93
2024-05-14 20:00:00,31.93,31.96,31.48,31.58
2024-05-15 00:00:00,31.58,32.46,31.35,32.32
2024-05-15 04:00:00,32.33,32.72,32.08,32.67
2024-05-15 08:00:00,32.68,33.27,32.35,32.73
2024-05-15 12:00:00,32.73,34.48,32.63,34.08
2024-05-15 16:00:00,34.08,34.35,33.77,34.33
2024-05-15 20:00:00,34.32,34.79,34.25,34.66
2024-05-16 00:00:00,34.66,35.01,34.45,34.97
2024-05-16 04:00:00,34.96,35.01,34.55,34.76
2024-05-16 08:00:00,34.76,34.98,34.43,34.62
2024-05-16 12:00:00,34.62,34.9,33.83,34.21
2024-05-16 16:00:00,34.21,34.45,33.75,34.36
2024-05-16 20:00:00,34.36,34.6,34.11,34.46
2024-05-17 00:00:00,34.45,34.94,34.26,34.79
2024-05-17 04:00:00,34.79,37.32,34.68,37.29
2024-05-17 08:00:00,37.28,37.59,36.24,36.56
2024-05-17 12:00:00,36.56,37.25,36.4,37.12
2024-05-17 16:00:00,37.12,37.19,36.23,36.57
2024-05-17 20:00:00,36.56,36.56,36.31,36.43
2024-05-18 00:00:00,36.43,37.66,36.34,37.61
2024-05-18 04:00:00,37.6,37.63,37.11,37.19
2024-05-18 08:00:00,37.19,37.56,37.16,37.48
2024-05-18 12:00:00,37.48,37.54,36.86,37.34
2024-05-18 16:00:00,37.34,37.35,36.91,37.06
2024-05-18 20:00:00,37.07,37.29,36.95,37.24
2024-05-19 00:00:00,37.23,37.76,37.13,37.47
2024-05-19 04:00:00,37.48,37.49,36.67,36.9
2024-05-19 08:00:00,36.89,36.92,36.36,36.64
2024-05-19 12:00:00,36.63,36.71,35.79,35.96
2024-05-19 16:00:00,35.97,35.97,35.37,35.57
2024-05-19 20:00:00,35.56,35.97,35.44,35.6
2024-05-20 00:00:00,35.6,36.16,35.15,35.67
2024-05-20 04:00:00,35.66,36.64,35.38,36.05
2024-05-20 08:00:00,36.06,36.31,35.89,36.01
2024-05-20 12:00:00,36.01,36.68,35.68,36.66
2024-05-20 16:00:00,36.66,38.78,36.5,38.67
2024-05-20 20:00:00,38.67,40.35,38.06,40.13
2024-05-21 00:00:00,40.13,41.01,39.66,39.76
2024-05-21 04:00:00,39.76,41.19,39.76,40.71
2024-05-21 08:00:00,40.68,40.8,40.26,40.4
2024-05-21 12:00:00,40.39,41.42,40.01,40.15
2024-05-21 16:00:00,40.15,41.34,40.01,40.4
2024-05-21 20:00:00,40.41,41.32,40.4,41.2
2024-05-22 00:00:00,41.19,41.45,40.57,40.76
2024-05-22 04:00:00,40.76,41.8,40.19,41.01
2024-05-22 08:00:00,41.0,41.4,40.31,40.31
2024-05-22 12:00:00,40.32,40.83,39.19,40.39
2024-05-22 16:00:00,40.39,40.49,39.43,39.99
2024-05-22 20:00:00,40.0,40.38,39.54,40.0
2024-05-23 00:00:00,40.01,40.34,39.67,40.1
2024-05-23 04:00:00,40.09,40.21,39.52,39.99
2024-05-23 08:00:00,39.98,40.37,39.54,40.2
2024-05-23 12:00:00,40.2,40.47,37.74,38.37
2024-05-23 16:00:00,38.36,38.41,37.29,37.53
2024-05-23 20:00:00,37.53,38.81,36.37,38.52
2024-05-24 00:00:00,38.52,39.0,38.32,38.91
2024-05-24 04:00:00,38.91,38.99,37.0,37.66
2024-05-24 08:00:00,37.66,37.94,36.91,37.88
2024-05-24 12:00:00,37.87,38.58,37.53,38.18
2024-05-24 16:00:00,38.17,38.73,37.68,38.39
2024-05-24 20:00:00,38.38,38.52,37.88,38.01
2024-05-25 00:00:00,38.01,38.26,37.79,38.25
2024-05-25 04:00:00,38.25,38.59,38.11,38.37
2024-05-25 08:00:00,38.37,38.72,38.19,38.35
2024-05-25 12:00:00,38.35,38.35,37.71,38.06
2024-05-25 16:00:00,38.05,38.14,37.77,38.05
2024-05-25 20:00:00,38.04,38.31,37.84,38.28
2024-05-26 00:00:00,38.28,38.31,37.6,37.87
2024-05-26 04:00:00,37.86,37.91,37.55,37.64
2024-05-26 08:00:00,37.64,37.67,37.08,37.35
2024-05-26 12:00:00,37.35,37.42,36.71,36.88
2024-05-26 16:00:00,36.87,37.04,36.7,36.97
2024-05-26 20:00:00,36.97,37.03,36.46,36.76
2024-05-27 00:00:00,36.76,37.35,36.67,37.24
2024-05-27 04:00:00,37.24,37.43,36.65,37.0
2024-05-27 08:00:00,36.99,37.54,36.98,37.41
2024-05-27 12:00:00,37.4,38.48,37.3,38.44
2024-05-27 16:00:00,38.43,38.95,37.69,37.96
2024-05-27 20:00:00,37.95,38.42,37.93,38.26
2024-05-28 00:00:00,38.27,38.4,37.05,37.19
2024-05-28 04:00:00,37.19,37.22,36.53,36.8
2024-05-28 08:00:00,36.8,37.47,36.7,37.27
2024-05-28 12:00:00,37.28,37.41,36.59,37.09
2024-05-28 16:00:00,37.09,37.24,36.55,37.2
2024-05-28 20:00:00,37.2,37.29,36.93,37.02
2024-05-29 00:00:00,37.02,37.39,36.68,37.26
2024-05-29 04:00:00,37.26,37.5,36.8,36.84
2024-05-29 08:00:00,36.83,37.2,36.38,36.94
2024-05-29 12:00:00,36.94,37.24,36.58,36.63
2024-05-29 16:00:00,36.62,36.91,36.24,36.38
2024-05-29 20:00:00,36.39,36.68,36.14,36.2
2024-05-30 00:00:00,36.2,36.84,35.99,36.81
2024-05-30 04:00:00,36.81,37.05,35.41,35.57
2024-05-30 08:00:00,35.56,36.74,35.3,36.55
2024-05-30 12:00:00,36.56,37.03,36.34,36.73
2024-05-30 16:00:00,36.72,37.09,36.47,36.6
2024-05-30 20:00:00,36.59,36.59,35.94,35.98
2024-05-31 00:00:00,35.98,36.33,35.78,36.12
2024-05-31 04:00:00,36.12,36.3,35.68,36.17
2024-05-31 08:00:00,36.17,36.32,35.81,36.32
2024-05-31 12:00:00,36.32,36.79,35.51,35.52
2024-05-31 16:00:00,35.52,36.19,35.2,36.14
2024-05-31 20:00:00,36.14,36.49,35.94,36.02
2024-06-01 00:00:00,36.04,36.15,35.92,35.99
2024-06-01 04:00:00,36.0,36.12,35.9,36.02
2024-06-01 08:00:00,36.03,36.18,35.93,36.05
2024-06-01 12:00:00,36.04,36.22,35.95,35.96
2024-06-01 16:00:00,35.97,36.03,35.78,35.99
2024-06-01 20:00:00,35.98,36.1,35.7,35.76
2024-06-02 00:00:00,35.76,36.12,35.7,36.02
2024-06-02 04:00:00,36.03,36.18,35.7,35.7
2024-06-02 08:00:00,35.7,36.01,35.36,35.95
2024-06-02 12:00:00,35.94,36.08,35.57,35.84
2024-06-02 16:00:00,35.83,35.83,34.85,35.09
2024-06-02 20:00:00,35.08,35.17,34.77,34.91
2024-06-03 00:00:00,34.91,35.38,34.56,35.08
2024-06-03 04:00:00,35.08,36.2,34.88,35.87
2024-06-03 08:00:00,35.87,36.27,35.77,35.84
2024-06-03 12:00:00,35.85,36.22,35.17,35.64
2024-06-03 16:00:00,35.65,35.81,35.24,35.79
2024-06-03 20:00:00,35.8,36.06,34.95,35.03
2024-06-04 00:00:00,35.03,35.13,34.69,34.95
2024-06-04 04:00:00,34.96,35.19,34.64,34.8
2024-06-04 08:00:00,34.81,34.95,34.41,34.87
2024-06-04 12:00:00,34.88,35.87,34.78,35.81
2024-06-04 16:00:00,35.82,36.29,35.47,35.68
2024-06-04 20:00:00,35.68,36.11,35.54,36.06
2024-06-05 00:00:00,36.07,36.54,36.0,36.31
2024-06-05 04:00:00,36.3,36.56,36.05,36.32
2024-06-05 08:00:00,36.32,36.51,36.17,36.37
2024-06-05 12:00:00,36.36,36.55,35.93,36.45
2024-06-05 16:00:00,36.45,36.91,36.41,36.72
2024-06-05 20:00:00,36.72,36.8,36.32,36.57
2024-06-06 00:00:00,36.58,36.65,36.34,36.36
2024-06-06 04:00:00,36.36,36.41,36.06,36.35
2024-06-06 08:00:00,36.35,36.95,36.25,36.8
2024-06-06 12:00:00,36.79,37.2,36.55,36.88
2024-06-06 16:00:00,36.89,36.95,35.96,36.05
2024-06-06 20:00:00,36.06,36.23,35.72,35.89
2024-06-07 00:00:00,35.89,36.01,35.58,35.86
2024-06-07 04:00:00,35.85,36.11,35.56,35.99
2024-06-07 08:00:00,36.0,36.35,35.81,36.32
2024-06-07 12:00:00,36.32,36.89,35.68,36.28
2024-06-07 16:00:00,36.27,36.36,30.9,33.45
2024-06-07 20:00:00,33.45,33.75,33.09,33.51
2024-06-08 00:00:00,33.51,33.73,33.3,33.6
2024-06-08 04:00:00,33.6,33.72,33.46,33.62
2024-06-08 08:00:00,33.62,33.62,32.59,32.7
2024-06-08 12:00:00,32.69,32.77,32.11,32.48
2024-06-08 16:00:00,32.47,32.67,32.14,32.27
2024-06-08 20:00:00,32.27,32.37,31.92,32.27
2024-06-09 00:00:00,32.27,32.51,32.04,32.25
2024-06-09 04:00:00,32.26,32.52,32.1,32.45
2024-06-09 08:00:00,32.44,32.58,32.28,32.32
2024-06-09 12:00:00,32.32,32.64,32.21,32.46
2024-06-09 16:00:00,32.47,33.02,32.44,32.92
2024-06-09 20:00:00,32.93,33.0,32.76,32.98
2024-06-10 00:00:00,32.99,33.47,32.79,32.99
2024-06-10 04:00:00,32.98,33.02,32.02,32.07
2024-06-10 08:00:00,32.06,32.91,32.04,32.68
2024-06-10 12:00:00,32.68,33.12,32.32,32.97
2024-06-10 16:00:00,32.98,33.03,32.54,32.59
2024-06-10 20:00:00,32.6,32.6,32.16,32.28
2024-06-11 00:00:00,32.28,32.37,31.53,32.22
2024-06-11 04:00:00,32.21,32.35,31.84,32.21
2024-06-11 08:00:00,32.21,32.38,31.8,31.96
2024-06-11 12:00:00,31.97,32.07,30.8,31.13
2024-06-11 16:00:00,31.13,31.64,30.59,31.6
2024-06-11 20:00:00,31.59,31.73,31.36,31.55
2024-06-12 00:00:00,31.56,31.8,30.79,31.78
2024-06-12 04:00:00,31.78,32.22,31.71,32.19
2024-06-12 08:00:00,32.2,32.42,31.89,31.9
2024-06-12 12:00:00,31.9,33.65,31.88,33.49
2024-06-12 16:00:00,33.5,33.99,32.42,32.68
2024-06-12 20:00:00,32.68,33.36,32.51,33.27
2024-06-13 00:00:00,33.27,33.44,32.17,32.49
2024-06-13 04:00:00,32.5,32.88,32.13,32.41
2024-06-13 08:00:00,32.41,32.41,31.77,31.84
2024-06-13 12:00:00,31.84,32.37,31.24,31.31
2024-06-13 16:00:00,31.29,31.93,31.14,31.48
2024-06-13 20:00:00,31.47,31.56,30.92,30.99
2024-06-14 00:00:00,31.0,31.4,30.88,31.14
2024-06-14 04:00:00,31.15,31.86,31.15,31.6
2024-06-14 08:00:00,31.6,32.21,31.55,31.85
2024-06-14 12:00:00,31.86,31.95,30.58,30.69
2024-06-14 16:00:00,30.7,30.74,29.29,29.38
2024-06-14 20:00:00,29.41,30.51,29.37,30.29
2024-06-15 00:00:00,30.29,30.51,30.09,30.39
2024-06-15 04:00:00,30.39,30.65,30.26,30.39
2024-06-15 08:00:00,30.39,30.45,29.98,30.29
2024-06-15 12:00:00,30.28,30.5,30.05,30.31
2024-06-15 16:00:00,30.32,30.39,29.96,30.12
2024-06-15 20:00:00,30.12,30.15,29.91,30.01
2024-06-16 00:00:00,30.01,30.29,29.86,29.97
2024-06-16 04:00:00,29.97,30.48,29.83,30.36
2024-06-16 08:00:00,30.36,30.37,29.9,30.0
2024-06-16 12:00:00,30.0,30.22,29.91,30.21
2024-06-16 16:00:00,30.21,30.22,29.66,29.85
2024-06-16 20:00:00,29.85,30.17,29.75,30.08
2024-06-17 00:00:00,30.07,30.35,29.34,29.41
2024-06-17 04:00:00,29.42,29.73,28.95,29.13
2024-06-17 08:00:00,29.13,29.25,28.36,28.66
2024-06-17 12:00:00,28.66,28.82,28.0,28.07
2024-06-17 16:00:00,28.06,29.44,27.29,29.02
2024-06-17 20:00:00,29.02,29.04,28.39,28.47
2024-06-18 00:00:00,28.47,28.54,24.94,26.51
2024-06-18 04:00:00,26.5,26.79,26.38,26.62
2024-06-18 08:00:00,26.62,26.69,25.66,26.01
2024-06-18 12:00:00,26.0,26.58,25.57,26.28
2024-06-18 16:00:00,26.27,26.29,25.58,26.23
2024-06-18 20:00:00,26.23,26.66,26.08,26.6
2024-06-19 00:00:00,26.6,27.17,26.38,27.01
2024-06-19 04:00:00,27.02,27.42,26.96,27.34
2024-06-19 08:00:00,27.34,27.52,26.99,27.17
2024-06-19 12:00:00,27.17,27.48,26.97,27.15
2024-06-19 16:00:00,27.14,27.67,26.99,27.11
2024-06-19 20:00:00,27.11,27.26,26.8,26.94
2024-06-20 00:00:00,26.95,27.48,26.67,26.9
2024-06-20 04:00:00,26.9,28.31,26.73,28.15
2024-06-20 08:00:00,28.16,28.89,27.93,28.39
2024-06-20 12:00:00,28.39,28.41,26.91,27.31
2024-06-20 16:00:00,27.32,27.85,26.99,27.8
2024-06-20 20:00:00,27.8,27.89,27.49,27.58
2024-06-21 00:00:00,27.58,27.87,27.25,27.78
2024-06-21 04:00:00,27.77,28.03,27.5,27.64
2024-06-21 08:00:00,27.62,28.0,27.24,27.81
2024-06-21 12:00:00,27.8,27.9,26.97,27.42
2024-06-21 16:00:00,27.43,27.74,26.93,27.58
2024-06-21 20:00:00,27.56,27.82,27.34,27.48
2024-06-22 00:00:00,27.48,27.5,26.0,26.37
2024-06-22 04:00:00,26.37,26.5,24.52,25.34
2024-06-22 08:00:00,25.33,25.54,24.73,25.51
2024-06-22 12:00:00,25.49,26.33,25.44,26.13
2024-06-22 16:00:00,26.12,26.12,25.68,25.8
2024-06-22 20:00:00,25.81,25.83,25.54,25.61
2024-06-23 00:00:00,25.62,26.01,25.56,25.99
2024-06-23 04:00:00,25.99,25.99,25.69,25.81
2024-06-23 08:00:00,25.81,25.88,25.25,25.4
2024-06-23 12:00:00,25.39,25.4,24.12,24.41
2024-06-23 16:00:00,24.4,25.4,24.12,25.2
2024-06-23 20:00:00,25.21,26.15,24.56,25.09
2024-06-24 00:00:00,25.08,25.25,24.53,24.88
2024-06-24 04:00:00,24.86,24.92,24.11,24.28
2024-06-24 08:00:00,24.27,25.0,23.57,24.5
2024-06-24 12:00:00,24.5,25.05,23.76,23.91
2024-06-24 16:00:00,23.91,24.56,23.69,23.86
2024-06-24 20:00:00,23.85,24.99,23.51,24.8
2024-06-25 00:00:00,24.79,25.42,24.58,25.18
2024-06-25 04:00:00,25.18,25.36,25.02,25.11
2024-06-25 08:00:00,25.12,25.39,24.85,25.21
2024-06-25 12:00:00,25.21,25.79,25.08,25.64
2024-06-25 16:00:00,25.64,25.68,25.25,25.54
2024-06-25 20:00:00,25.54,25.59,25.32,25.4
2024-06-26 00:00:00,25.4,25.83,25.28,25.43
2024-06-26 04:00:00,25.44,26.03,25.31,26.03
2024-06-26 08:00:00,26.02,26.23,25.61,26.06
2024-06-26 12:00:00,26.06,26.22,25.78,25.97
2024-06-26 16:00:00,25.97,26.58,25.56,26.53
2024-06-26 20:00:00,26.53,26.66,25.8,25.82
2024-06-27 00:00:00,25.82,25.88,25.36,25.64
2024-06-27 04:00:00,25.65,26.15,25.49,26.07
2024-06-27 08:00:00,26.07,26.85,25.92,26.59
2024-06-27 12:00:00,26.59,27.93,26.56,27.83
2024-06-27 16:00:00,27.84,28.38,27.76,28.09
2024-06-27 20:00:00,28.09,28.16,27.84,27.91
2024-06-28 00:00:00,27.91,28.17,27.66,27.99
2024-06-28 04:00:00,27.99,28.27,27.87,28.13
2024-06-28 08:00:00,28.13,28.68,27.85,28.6
2024-06-28 12:00:00,28.59,29.09,28.05,28.34
2024-06-28 16:00:00,28.34,28.65,27.86,28.11
2024-06-28 20:00:00,28.11,28.32,27.82,27.96
2024-06-29 00:00:00,27.96,28.49,27.96,28.38
2024-06-29 04:00:00,28.39,28.68,28.27,28.41
2024-06-29 08:00:00,28.42,28.43,28.01,28.1
2024-06-29 12:00:00,28.1,28.13,27.57,27.77
2024-06-29 16:00:00,27.77,27.95,27.72,27.91
2024-06-29 20:00:00,27.91,27.97,27.69,27.76
2024-06-30 00:00:00,27.77,27.93,27.4,27.7
2024-06-30 04:00:00,27.71,28.79,27.63,28.29
2024-06-30 08:00:00,28.29,28.55,28.11,28.4
2024-06-30 12:00:00,28.41,28.45,27.88,28.06
2024-06-30 16:00:00,28.06,28.55,27.92,28.52
2024-06-30 20:00:00,28.51,29.57,28.31,29.36
2024-07-01 00:00:00,29.36,29.98,29.2,29.97
2024-07-01 04:00:00,29.97,29.99,29.57,29.75
2024-07-01 08:00:00,29.75,30.12,29.63,29.68
2024-07-01 12:00:00,29.68,30.05,29.38,29.83
2024-07-01 16:00:00,29.83,29.96,29.4,29.53
2024-07-01 20:00:00,29.53,29.58,28.81,28.83
2024-07-02 00:00:00,28.83,28.91,28.49,28.61
2024-07-02 04:00:00,28.62,28.71,28.09,28.18
2024-07-02 08:00:00,28.19,28.45,28.12,28.27
2024-07-02 12:00:00,28.27,28.55,28.13,28.32
2024-07-02 16:00:00,28.32,28.84,28.11,28.73
2024-07-02 20:00:00,28.74,28.81,28.32,28.71
2024-07-03 00:00:00,28.72,28.97,27.86,28.15
2024-07-03 04:00:00,28.14,28.21,27.82,27.85
2024-07-03 08:00:00,27.84,27.91,27.0,27.33
2024-07-03 12:00:00,27.33,27.34,26.59,26.92
2024-07-03 16:00:00,26.91,27.1,26.47,26.51
2024-07-03 20:00:00,26.51,26.86,26.43,26.51
2024-07-04 00:00:00,26.51,26.7,25.41,26.22
2024-07-04 04:00:00,26.22,26.22,25.51,25.58
2024-07-04 08:00:00,25.58,26.09,25.37,25.88
2024-07-04 12:00:00,25.88,25.91,24.85,25.61
2024-07-04 16:00:00,25.61,25.7,25.32,25.45
2024-07-04 20:00:00,25.46,25.59,24.28,24.44
2024-07-05 00:00:00,24.43,24.47,21.8,22.29
2024-07-05 04:00:00,22.28,23.35,21.82,23.22
2024-07-05 08:00:00,23.21,24.4,22.64,24.35
2024-07-05 12:00:00,24.35,25.15,24.15,24.97
2024-07-05 16:00:00,24.98,25.18,24.63,25.04
2024-07-05 20:00:00,25.03,25.44,24.96,25.13
2024-07-06 00:00:00,25.13,25.75,24.84,25.07
2024-07-06 04:00:00,25.07,25.94,25.06,25.55
2024-07-06 08:00:00,25.55,25.94,25.31,25.75
2024-07-06 12:00:00,25.75,26.32,25.58,26.0
2024-07-06 16:00:00,26.0,27.14,25.87,27.05
2024-07-06 20:00:00,27.06,27.61,27.05,27.41
2024-07-07 00:00:00,27.41,27.49,26.53,26.77
2024-07-07 04:00:00,26.76,26.89,26.25,26.41
2024-07-07 08:00:00,26.4,26.73,26.28,26.35
2024-07-07 12:00:00,26.34,26.45,25.47,25.88
2024-07-07 16:00:00,25.87,26.43,25.8,26.1
2024-07-07 20:00:00,26.11,26.19,25.46,25.75
2024-07-08 00:00:00,25.75,25.9,24.53,25.19
2024-07-08 04:00:00,25.18,25.99,25.1,25.63
2024-07-08 08:00:00,25.62,27.21,25.57,26.96
2024-07-08 12:00:00,26.95,27.06,25.5,25.89
2024-07-08 16:00:00,25.89,26.09,25.36,25.4
2024-07-08 20:00:00,25.4,25.55,25.19,25.21
2024-07-09 00:00:00,25.21,25.47,24.71,25.23
2024-07-09 04:00:00,25.22,26.08,25.19,25.66
2024-07-09 08:00:00,25.65,26.03,25.43,25.66
2024-07-09 12:00:00,25.65,25.96,25.15,25.53
2024-07-09 16:00:00,25.52,26.14,25.45,26.11
2024-07-09 20:00:00,26.11,26.5,26.0,26.43
2024-07-10 00:00:00,26.43,26.87,26.03,26.86
2024-07-10 04:00:00,26.86,27.42,26.79,26.85
2024-07-10 08:00:00,26.86,26.98,26.57,26.89
2024-07-10 12:00:00,26.89,26.93,26.08,26.31
2024-07-10 16:00:00,26.31,26.65,26.06,26.12
2024-07-10 20:00:00,26.13,26.17,25.63,25.75
2024-07-11 00:00:00,25.75,25.88,25.15,25.33
2024-07-11 04:00:00,25.34,25.87,25.28,25.85
2024-07-11 08:00:00,25.85,25.97,25.58,25.86
2024-07-11 12:00:00,25.85,26.38,25.01,25.14
2024-07-11 16:00:00,25.13,25.69,25.03,25.26
2024-07-11 20:00:00,25.27,25.38,25.09,25.21
2024-07-12 00:00:00,25.19,25.62,24.82,25.42
2024-07-12 04:00:00,25.41,25.48,25.07,25.22
2024-07-12 08:00:00,25.22,25.29,24.85,25.04
2024-07-12 12:00:00,25.04,25.69,25.01,25.61
2024-07-12 16:00:00,25.61,25.94,25.38,25.42
2024-07-12 20:00:00,25.41,26.1,25.11,25.96
2024-07-13 00:00:00,25.97,26.0,25.74,25.89
2024-07-13 04:00:00,25.9,25.93,25.59,25.81
2024-07-13 08:00:00,25.8,26.34,25.68,25.79
2024-07-13 12:00:00,25.8,26.34,25.69,26.2
2024-07-13 16:00:00,26.21,26.29,25.7,25.83
2024-07-13 20:00:00,25.83,26.19,25.53,25.86
2024-07-14 00:00:00,25.85,26.2,25.64,25.91
2024-07-14 04:00:00,25.91,26.3,25.89,26.04
2024-07-14 08:00:00,26.05,26.42,25.87,25.91
2024-07-14 12:00:00,25.9,26.05,25.6,25.91
2024-07-14 16:00:00,25.91,25.96,25.68,25.72
2024-07-14 20:00:00,25.72,26.67,25.68,26.35
2024-07-15 00:00:00,26.35,27.11,26.27,26.99
2024-07-15 04:00:00,27.0,27.22,26.67,27.13
2024-07-15 08:00:00,27.14,27.35,26.6,26.78
2024-07-15 12:00:00,26.77,27.27,26.75,26.94
2024-07-15 16:00:00,26.94,27.36,26.83,27.07
2024-07-15 20:00:00,27.06,27.89,27.04,27.82
2024-07-16 00:00:00,27.83,28.1,27.57,28.05
2024-07-16 04:00:00,28.04,28.11,26.65,26.86
2024-07-16 08:00:00,26.85,27.32,26.47,27.26
2024-07-16 12:00:00,27.27,28.52,27.03,28.46
2024-07-16 16:00:00,28.46,29.25,28.05,28.23
2024-07-16 20:00:00,28.23,28.37,27.85,28.01
2024-07-17 00:00:00,28.01,28.89,27.95,28.8
2024-07-17 04:00:00,28.8,29.03,28.57,28.67
2024-07-17 08:00:00,28.68,28.96,28.08,28.13
2024-07-17 12:00:00,28.12,28.62,27.98,28.02
2024-07-17 16:00:00,28.02,28.03,27.44,27.88
2024-07-17 20:00:00,27.88,27.95,27.21,27.24
2024-07-18 00:00:00,27.24,27.79,27.23,27.76
2024-07-18 04:00:00,27.76,27.94,27.45,27.57
2024-07-18 08:00:00,27.58,27.78,27.33,27.54
2024-07-18 12:00:00,27.53,27.77,26.84,26.88
2024-07-18 16:00:00,26.88,27.21,26.59,26.88
2024-07-18 20:00:00,26.87,27.32,26.79,27.14
2024-07-19 00:00:00,27.13,27.36,26.7,27.28
2024-07-19 04:00:00,27.29,27.51,26.76,26.9
2024-07-19 08:00:00,26.9,27.06,26.65,26.85
2024-07-19 12:00:00,26.85,27.69,26.74,27.63
2024-07-19 16:00:00,27.63,28.39,27.62,28.34
2024-07-19 20:00:00,28.34,28.41,28.04,28.16
2024-07-20 00:00:00,28.17,28.31,27.95,28.25
2024-07-20 04:00:00,28.26,28.49,28.15,28.16
2024-07-20 08:00:00,28.16,28.25,27.99,27.99
2024-07-20 12:00:00,28.0,28.4,27.78,28.4
2024-07-20 16:00:00,28.4,28.99,28.14,28.65
2024-07-20 20:00:00,28.66,29.18,28.64,29.11
2024-07-21 00:00:00,29.1,29.43,28.9,29.2
2024-07-21 04:00:00,29.19,29.21,28.54,28.75
2024-07-21 08:00:00,28.76,29.54,28.75,29.3
2024-07-21 12:00:00,29.3,31.02,29.03,30.99
2024-07-21 16:00:00,30.99,31.87,29.77,31.76
2024-07-21 20:00:00,31.76,33.0,31.69,32.64
2024-07-22 00:00:00,32.64,32.95,32.13,32.23
2024-07-22 04:00:00,32.23,32.85,31.82,31.91
2024-07-22 08:00:00,31.92,32.61,31.66,32.22
2024-07-22 12:00:00,32.22,32.5,31.32,31.93
2024-07-22 16:00:00,31.94,32.33,31.74,32.33
2024-07-22 20:00:00,32.33,32.44,31.57,31.87
2024-07-23 00:00:00,31.87,32.63,31.82,32.1
2024-07-23 04:00:00,32.09,32.18,30.35,30.4
2024-07-23 08:00:00,30.4,30.82,30.14,30.59
2024-07-23 12:00:00,30.6,30.83,29.9,30.3
2024-07-23 16:00:00,30.31,30.37,29.43,29.88
2024-07-23 20:00:00,29.89,30.26,29.68,29.82
2024-07-24 00:00:00,29.82,29.94,28.62,28.98
2024-07-24 04:00:00,28.98,29.42,28.38,29.27
2024-07-24 08:00:00,29.28,30.55,29.26,30.18
2024-07-24 12:00:00,30.18,30.29,29.2,29.2
2024-07-24 16:00:00,29.21,29.5,28.68,28.84
2024-07-24 20:00:00,28.84,29.02,28.26,28.38
2024-07-25 00:00:00,28.37,28.59,27.1,27.36
2024-07-25 04:00:00,27.35,27.72,27.15,27.31
2024-07-25 08:00:00,27.31,27.52,27.07,27.34
2024-07-25 12:00:00,27.34,27.47,26.65,27.04
2024-07-25 16:00:00,27.03,27.3,26.26,26.77
2024-07-25 20:00:00,26.76,27.62,26.34,27.24
2024-07-26 00:00:00,27.23,28.06,27.17,27.74
2024-07-26 04:00:00,27.74,28.44,27.69,27.99
2024-07-26 08:00:00,28.0,28.42,27.55,27.97
2024-07-26 12:00:00,27.97,28.72,27.62,28.57
2024-07-26 16:00:00,28.57,28.82,28.35,28.6
2024-07-26 20:00:00,28.59,28.93,28.31,28.72
2024-07-27 00:00:00,28.73,28.86,28.51,28.6
2024-07-27 04:00:00,28.6,28.85,28.43,28.65
2024-07-27 08:00:00,28.65,28.76,28.47,28.72
2024-07-27 12:00:00,28.72,29.52,28.67,28.85
2024-07-27 16:00:00,28.85,28.98,27.95,28.24
2024-07-27 20:00:00,28.25,28.62,27.59,28.04
2024-07-28 00:00:00,28.04,28.17,27.75,27.76
2024-07-28 04:00:00,27.76,27.8,27.27,27.78
2024-07-28 08:00:00,27.78,27.84,27.49,27.65
2024-07-28 12:00:00,27.65,27.67,27.23,27.26
2024-07-28 16:00:00,27.26,27.71,27.23,27.54
2024-07-28 20:00:00,27.55,27.56,27.1,27.4
2024-07-29 00:00:00,27.39,28.44,27.31,28.22
2024-07-29 04:00:00,28.23,28.84,28.09,28.69
2024-07-29 08:00:00,28.7,28.86,28.55,28.56
2024-07-29 12:00:00,28.56,28.74,27.36,27.55
2024-07-29 16:00:00,27.55,27.57,27.12,27.46
2024-07-29 20:00:00,27.45,27.51,26.96,27.01
2024-07-30 00:00:00,27.01,27.3,26.75,27.17
2024-07-30 04:00:00,27.16,27.32,27.05,27.23
2024-07-30 08:00:00,27.22,27.28,26.83,27.01
2024-07-30 12:00:00,27.01,27.06,26.43,26.71
2024-07-30 16:00:00,26.71,26.93,26.26,26.45
2024-07-30 20:00:00,26.44,26.56,26.03,26.33
2024-07-31 00:00:00,26.32,26.63,26.19,26.53
2024-07-31 04:00:00,26.53,26.56,25.83,26.29
2024-07-31 08:00:00,26.29,26.32,26.06,26.23
2024-07-31 12:00:00,26.22,26.87,26.2,26.59
2024-07-31 16:00:00,26.59,26.86,25.82,26.02
2024-07-31 20:00:00,26.01,26.05,25.44,25.7
2024-08-01 00:00:00,25.7,25.92,25.33,25.42
2024-08-01 04:00:00,25.41,25.5,24.92,25.34
2024-08-01 08:00:00,25.34,25.52,25.23,25.39
2024-08-01 12:00:00,25.39,25.7,24.46,24.6
2024-08-01 16:00:00,24.6,24.9,24.01,24.82
2024-08-01 20:00:00,24.82,25.8,24.7,25.71
2024-08-02 00:00:00,25.71,25.91,25.07,25.33
2024-08-02 04:00:00,25.34,25.41,24.61,25.0
2024-08-02 08:00:00,25.01,25.29,24.77,24.98
2024-08-02 12:00:00,24.97,25.33,23.45,24.13
2024-08-02 16:00:00,24.13,24.28,23.74,23.84
2024-08-02 20:00:00,23.84,24.01,23.35,23.6
2024-08-03 00:00:00,23.6,23.75,23.0,23.73
2024-08-03 04:00:00,23.72,23.86,23.62,23.73
2024-08-03 08:00:00,23.73,24.14,23.48,23.94
2024-08-03 12:00:00,23.94,24.15,23.35,23.35
2024-08-03 16:00:00,23.35,23.4,22.38,22.48
2024-08-03 20:00:00,22.47,22.81,22.2,22.67
2024-08-04 00:00:00,22.68,22.96,22.48,22.82
2024-08-04 04:00:00,22.82,22.91,22.56,22.59
2024-08-04 08:00:00,22.59,22.76,22.33,22.54
2024-08-04 12:00:00,22.53,22.67,21.56,21.59
2024-08-04 16:00:00,21.59,22.0,20.58,21.83
2024-08-04 20:00:00,21.82,22.09,21.2,21.25
2024-08-05 00:00:00,21.26,21.38,18.14,18.65
2024-08-05 04:00:00,18.65,19.3,17.29,19.04
2024-08-05 08:00:00,19.04,19.1,17.55,18.23
2024-08-05 12:00:00,18.22,19.79,17.43,19.74
2024-08-05 16:00:00,19.74,20.23,19.17,19.39
2024-08-05 20:00:00,19.39,20.02,19.37,19.54
2024-08-06 00:00:00,19.54,20.85,19.51,20.42
2024-08-06 04:00:00,20.42,21.07,20.28,21.03
2024-08-06 08:00:00,21.03,21.06,20.29,20.45
2024-08-06 12:00:00,20.44,21.26,20.03,21.11
2024-08-06 16:00:00,21.11,21.46,21.02,21.13
2024-08-06 20:00:00,21.12,21.37,20.77,20.89
2024-08-07 00:00:00,20.88,21.47,20.57,21.22
2024-08-07 04:00:00,21.21,21.7,21.07,21.24
2024-08-07 08:00:00,21.24,21.53,20.91,20.95
2024-08-07 12:00:00,20.95,21.14,20.11,20.42
2024-08-07 16:00:00,20.41,20.47,19.84,20.0
2024-08-07 20:00:00,19.99,20.16,19.71,19.85
2024-08-08 00:00:00,19.86,20.94,19.52,20.66
2024-08-08 04:00:00,20.65,20.85,20.57,20.58
2024-08-08 08:00:00,20.58,20.71,20.48,20.57
2024-08-08 12:00:00,20.57,21.96,20.4,21.96
2024-08-08 16:00:00,21.96,22.23,21.62,21.68
2024-08-08 20:00:00,21.67,22.8,21.66,22.73
2024-08-09 00:00:00,22.73,22.8,22.19,22.2
2024-08-09 04:00:00,22.19,22.19,21.62,21.83
2024-08-09 08:00:00,21.82,21.94,21.49,21.74
2024-08-09 12:00:00,21.73,21.96,21.29,21.37
2024-08-09 16:00:00,21.37,21.68,21.33,21.49
2024-08-09 20:00:00,21.48,21.81,21.39,21.74
2024-08-10 00:00:00,21.75,22.05,21.51,21.59
2024-08-10 04:00:00,21.59,21.69,21.4,21.67
2024-08-10 08:00:00,21.68,21.8,21.55,21.79
2024-08-10 12:00:00,21.8,21.9,21.55,21.7
2024-08-10 16:00:00,21.7,21.82,21.61,21.63
2024-08-10 20:00:00,21.63,21.77,21.51,21.59
2024-08-11 00:00:00,21.59,22.18,21.54,21.99
2024-08-11 04:00:00,21.98,22.14,21.82,22.07
2024-08-11 08:00:00,22.08,22.37,21.69,21.78
2024-08-11 12:00:00,21.77,21.79,21.17,21.3
2024-08-11 16:00:00,21.3,21.31,20.82,20.85
2024-08-11 20:00:00,20.84,20.85,20.39,20.4
2024-08-12 00:00:00,20.4,20.76,20.3,20.69
2024-08-12 04:00:00,20.68,21.11,20.45,21.05
2024-08-12 08:00:00,21.06,21.58,20.91,21.53
2024-08-12 12:00:00,21.53,21.71,20.6,21.36
2024-08-12 16:00:00,21.36,21.43,20.8,21.04
2024-08-12 20:00:00,21.05,21.36,20.67,21.26
2024-08-13 00:00:00,21.27,21.35,20.79,20.85
2024-08-13 04:00:00,20.85,21.11,20.72,20.99
2024-08-13 08:00:00,20.99,21.01,20.6,20.85
2024-08-13 12:00:00,20.86,21.09,20.75,21.04
2024-08-13 16:00:00,21.04,21.62,21.02,21.35
2024-08-13 20:00:00,21.35,21.54,21.21,21.37
2024-08-14 00:00:00,21.38,21.48,21.18,21.3
2024-08-14 04:00:00,21.31,21.46,21.16,21.29
2024-08-14 08:00:00,21.3,21.69,21.19,21.57
2024-08-14 12:00:00,21.57,21.87,20.77,21.29
2024-08-14 16:00:00,21.29,21.42,20.97,21.09
2024-08-14 20:00:00,21.08,21.14,20.83,20.95
2024-08-15 00:00:00,20.95,21.15,20.74,20.95
2024-08-15 04:00:00,20.95,21.0,20.53,20.96
2024-08-15 08:00:00,20.96,21.14,20.79,21.08
2024-08-15 12:00:00,21.08,21.14,20.77,20.92
2024-08-15 16:00:00,20.92,21.0,19.83,20.06
2024-08-15 20:00:00,20.05,20.26,19.85,20.14
2024-08-16 00:00:00,20.14,20.48,20.02,20.2
2024-08-16 04:00:00,20.19,20.61,20.16,20.54
2024-08-16 08:00:00,20.55,20.58,20.27,20.32
2024-08-16 12:00:00,20.33,20.42,19.78,19.95
2024-08-16 16:00:00,19.95,20.46,19.94,20.41
2024-08-16 20:00:00,20.42,20.72,20.35,20.36
2024-08-17 00:00:00,20.36,20.54,20.23,20.43
2024-08-17 04:00:00,20.43,20.6,20.39,20.57
2024-08-17 08:00:00,20.57,20.59,20.37,20.48
2024-08-17 12:00:00,20.48,20.65,20.35,20.47
2024-08-17 16:00:00,20.48,20.68,20.46,20.57
2024-08-17 20:00:00,20.57,20.71,20.5,20.7
2024-08-18 00:00:00,20.7,20.87,20.55,20.62
2024-08-18 04:00:00,20.61,20.93,20.56,20.74
2024-08-18 08:00:00,20.74,21.07,20.69,21.02
2024-08-18 12:00:00,21.03,21.4,20.97,21.22
2024-08-18 16:00:00,21.23,21.35,21.02,21.35
2024-08-18 20:00:00,21.35,21.51,20.75,20.82
2024-08-19 00:00:00,20.83,20.96,20.65,20.89
2024-08-19 04:00:00,20.89,20.9,20.56,20.68
2024-08-19 08:00:00,20.68,20.85,20.49,20.72
2024-08-19 12:00:00,20.71,20.83,20.38,20.58
2024-08-19 16:00:00,20.58,21.05,20.44,20.83
2024-08-19 20:00:00,20.83,21.25,20.77,21.21
2024-08-20 00:00:00,21.22,21.81,21.16,21.8
2024-08-20 04:00:00,21.8,22.09,21.71,22.08
2024-08-20 08:00:00,22.08,22.16,21.88,21.99
2024-08-20 12:00:00,21.99,22.23,21.47,21.78
2024-08-20 16:00:00,21.78,22.66,21.75,22.56
2024-08-20 20:00:00,22.57,22.79,22.22,22.26
2024-08-21 00:00:00,22.26,23.19,22.25,23.19
2024-08-21 04:00:00,23.2,23.59,22.94,23.3
2024-08-21 08:00:00,23.29,23.41,22.85,22.89
2024-08-21 12:00:00,22.88,23.48,22.8,23.1
2024-08-21 16:00:00,23.09,23.66,22.98,23.63
2024-08-21 20:00:00,23.62,23.8,23.42,23.53
2024-08-22 00:00:00,23.53,23.67,23.05,23.23
2024-08-22 04:00:00,23.23,23.56,23.15,23.26
2024-08-22 08:00:00,23.25,23.57,23.19,23.54
2024-08-22 12:00:00,23.53,25.35,23.52,24.61
2024-08-22 16:00:00,24.61,24.63,24.09,24.47
2024-08-22 20:00:00,24.47,25.31,24.47,25.22
2024-08-23 00:00:00,25.22,26.63,25.22,26.46
2024-08-23 04:00:00,26.46,26.56,25.65,25.76
2024-08-23 08:00:00,25.76,26.31,25.76,26.08
2024-08-23 12:00:00,26.08,26.85,25.86,26.12
2024-08-23 16:00:00,26.13,26.81,26.04,26.7
2024-08-23 20:00:00,26.71,27.01,26.47,26.49
2024-08-24 00:00:00,26.5,26.58,26.19,26.25
2024-08-24 04:00:00,26.24,26.69,26.21,26.63
2024-08-24 08:00:00,26.62,27.71,26.46,27.49
2024-08-24 12:00:00,27.49,27.82,27.2,27.76
2024-08-24 16:00:00,27.76,28.0,27.41,27.45
2024-08-24 20:00:00,27.45,27.54,26.76,27.11
2024-08-25 00:00:00,27.12,27.18,26.5,26.94
2024-08-25 04:00:00,26.94,27.1,26.13,26.29
2024-08-25 08:00:00,26.28,26.66,26.14,26.62
2024-08-25 12:00:00,26.62,27.18,26.49,27.04
2024-08-25 16:00:00,27.04,27.26,26.81,26.94
2024-08-25 20:00:00,26.95,27.68,26.86,26.92
2024-08-26 00:00:00,26.93,27.2,26.33,26.86
2024-08-26 04:00:00,26.86,27.12,26.61,26.81
2024-08-26 08:00:00,26.81,27.09,26.56,26.86
2024-08-26 12:00:00,26.86,26.92,26.25,26.54
2024-08-26 16:00:00,26.54,26.74,26.16,26.28
2024-08-26 20:00:00,26.27,26.47,25.89,25.94
2024-08-27 00:00:00,25.94,26.38,25.94,26.29
2024-08-27 04:00:00,26.3,26.81,26.18,26.57
2024-08-27 08:00:00,26.56,26.66,25.52,25.76
2024-08-27 12:00:00,25.76,25.8,25.27,25.33
2024-08-27 16:00:00,25.32,25.82,25.19,25.57
2024-08-27 20:00:00,25.56,25.58,23.66,24.09
2024-08-28 00:00:00,24.08,24.26,23.59,24.23
2024-08-28 04:00:00,24.22,24.27,23.6,23.63
2024-08-28 08:00:00,23.63,24.84,23.47,24.68
2024-08-28 12:00:00,24.68,24.83,23.6,23.87
2024-08-28 16:00:00,23.87,24.26,23.19,23.81
2024-08-28 20:00:00,23.81,24.15,23.22,23.45
2024-08-29 00:00:00,23.44,23.64,23.28,23.48
2024-08-29 04:00:00,23.48,23.93,23.32,23.84
2024-08-29 08:00:00,23.84,23.96,23.45,23.6
2024-08-29 12:00:00,23.6,24.68,23.55,24.35
2024-08-29 16:00:00,24.35,24.55,22.96,23.2
2024-08-29 20:00:00,23.2,23.27,22.78,22.89
2024-08-30 00:00:00,22.9,23.15,22.77,22.98
2024-08-30 04:00:00,22.98,23.58,22.88,23.38
2024-08-30 08:00:00,23.38,23.64,23.19,23.22
2024-08-30 12:00:00,23.21,23.49,22.18,22.38
2024-08-30 16:00:00,22.38,23.25,22.21,23.0
2024-08-30 20:00:00,23.0,23.34,23.0,23.29
2024-08-31 00:00:00,23.29,23.4,23.14,23.19
2024-08-31 04:00:00,23.2,23.35,22.98,23.02
2024-08-31 08:00:00,23.02,23.11,22.77,23.03
2024-08-31 12:00:00,23.04,23.13,22.87,23.04
2024-08-31 16:00:00,23.04,23.04,22.47,22.69
2024-08-31 20:00:00,22.7,22.89,22.61,22.81
2024-09-01 00:00:00,22.8,22.84,22.25,22.48
2024-09-01 04:00:00,22.48,22.5,21.9,22.27
2024-09-01 08:00:00,22.28,22.59,22.03,22.36
2024-09-01 12:00:00,22.35,22.53,21.86,22.42
2024-09-01 16:00:00,22.42,22.49,21.76,22.15
2024-09-01 20:00:00,22.16,22.31,21.09,21.42
2024-09-02 00:00:00,21.42,21.91,21.37,21.82
2024-09-02 04:00:00,21.82,22.07,21.52,21.59
2024-09-02 08:00:00,21.6,22.36,21.6,22.19
2024-09-02 12:00:00,22.18,22.26,21.84,22.06
2024-09-02 16:00:00,22.07,22.21,21.95,22.09
2024-09-02 20:00:00,22.1,22.57,22.1,22.37
2024-09-03 00:00:00,22.37,22.73,22.29,22.52
2024-09-03 04:00:00,22.52,22.55,22.28,22.52
2024-09-03 08:00:00,22.52,22.53,22.14,22.39
2024-09-03 12:00:00,22.4,22.51,21.54,21.6
2024-09-03 16:00:00,21.59,21.88,21.52,21.82
2024-09-03 20:00:00,21.82,21.83,21.33,21.38
2024-09-04 00:00:00,21.38,21.6,20.48,21.45
2024-09-04 04:00:00,21.44,21.76,21.19,21.68
2024-09-04 08:00:00,21.68,21.8,21.41,21.48
2024-09-04 12:00:00,21.49,22.06,21.32,22.03
2024-09-04 16:00:00,22.04,22.32,21.8,21.89
2024-09-04 20:00:00,21.9,22.12,21.77,21.9
2024-09-05 00:00:00,21.91,22.19,21.64,21.72
2024-09-05 04:00:00,21.71,21.94,21.54,21.79
2024-09-05 08:00:00,21.78,21.87,21.57,21.71
2024-09-05 12:00:00,21.71,22.03,21.25,21.42
2024-09-05 16:00:00,21.41,21.76,21.23,21.32
2024-09-05 20:00:00,21.32,21.49,21.26,21.38
2024-09-06 00:00:00,21.38,21.74,21.26,21.62
2024-09-06 04:00:00,21.62,21.91,21.35,21.51
2024-09-06 08:00:00,21.51,21.73,21.35,21.52
2024-09-06 12:00:00,21.52,22.19,21.09,21.35
2024-09-06 16:00:00,21.34,21.42,20.73,20.98
2024-09-06 20:00:00,20.98,21.17,20.48,21.17
2024-09-07 00:00:00,21.16,21.29,21.05,21.24
2024-09-07 04:00:00,21.24,21.7,21.22,21.68
2024-09-07 08:00:00,21.68,21.71,21.45,21.61
2024-09-07 12:00:00,21.61,22.0,21.59,21.84
2024-09-07 16:00:00,21.84,21.91,21.6,21.84
2024-09-07 20:00:00,21.84,21.86,21.6,21.8
2024-09-08 00:00:00,21.8,22.38,21.71,22.38
2024-09-08 04:00:00,22.37,23.24,22.35,23.08
2024-09-08 08:00:00,23.08,23.17,22.83,23.05
2024-09-08 12:00:00,23.06,23.1,22.44,22.46
2024-09-08 16:00:00,22.46,23.08,22.37,22.95
2024-09-08 20:00:00,22.96,23.52,22.88,23.25
2024-09-09 00:00:00,23.25,23.54,23.14,23.5
2024-09-09 04:00:00,23.49,23.72,23.18,23.7
2024-09-09 08:00:00,23.7,24.37,23.68,23.72
2024-09-09 12:00:00,23.71,23.91,23.28,23.58
2024-09-09 16:00:00,23.59,24.31,23.58,24.19
2024-09-09 20:00:00,24.19,24.44,23.83,23.84
2024-09-10 00:00:00,23.85,23.87,23.58,23.6
2024-09-10 04:00:00,23.61,23.84,23.57,23.8
2024-09-10 08:00:00,23.8,24.12,23.62,24.08
2024-09-10 12:00:00,24.07,24.13,23.73,23.75
2024-09-10 16:00:00,23.75,24.52,23.75,24.41
2024-09-10 20:00:00,24.41,24.59,24.26,24.36
2024-09-11 00:00:00,24.36,24.52,23.78,23.85
2024-09-11 04:00:00,23.85,23.85,23.27,23.64
2024-09-11 08:00:00,23.63,23.66,23.35,23.63
2024-09-11 12:00:00,23.62,23.79,22.87,23.33
2024-09-11 16:00:00,23.32,23.68,23.27,23.43
2024-09-11 20:00:00,23.43,23.53,23.26,23.28
2024-09-12 00:00:00,23.28,24.1,23.27,23.71
2024-09-12 04:00:00,23.71,23.82,23.45,23.53
2024-09-12 08:00:00,23.52,23.77,23.47,23.6
2024-09-12 12:00:00,23.6,23.94,23.43,23.48
2024-09-12 16:00:00,23.47,24.04,23.46,23.86
2024-09-12 20:00:00,23.86,24.1,23.72,24.02
2024-09-13 00:00:00,24.02,24.1,23.68,23.68
2024-09-13 04:00:00,23.68,23.86,23.67,23.83
2024-09-13 08:00:00,23.83,24.25,23.68,23.86
2024-09-13 12:00:00,23.86,24.73,23.66,24.69
2024-09-13 16:00:00,24.7,24.82,24.51,24.71
2024-09-13 20:00:00,24.71,25.1,24.68,24.91
2024-09-14 00:00:00,24.91,25.1,24.87,25.05
2024-09-14 04:00:00,25.05,25.05,24.83,24.93
2024-09-14 08:00:00,24.93,24.99,24.62,24.66
2024-09-14 12:00:00,24.67,25.6,24.61,25.47
2024-09-14 16:00:00,25.48,25.66,25.17,25.27
2024-09-14 20:00:00,25.26,25.47,25.08,25.32
2024-09-15 00:00:00,25.33,25.38,24.97,25.07
2024-09-15 04:00:00,25.07,25.08,24.77,24.88
2024-09-15 08:00:00,24.88,24.88,24.55,24.63
2024-09-15 12:00:00,24.62,24.9,24.58,24.74
2024-09-15 16:00:00,24.74,24.76,24.34,24.37
2024-09-15 20:00:00,24.37,24.4,23.64,23.8
2024-09-16 00:00:00,23.8,23.87,23.32,23.66
2024-09-16 04:00:00,23.67,24.14,23.53,24.06
2024-09-16 08:00:00,24.06,24.24,23.83,23.87
2024-09-16 12:00:00,23.87,23.89,23.3,23.51
2024-09-16 16:00:00,23.51,23.58,23.22,23.47
2024-09-16 20:00:00,23.48,23.59,23.31,23.52
2024-09-17 00:00:00,23.52,23.55,23.16,23.49
2024-09-17 04:00:00,23.49,24.04,23.46,23.8
2024-09-17 08:00:00,23.8,24.04,23.68,23.84
2024-09-17 12:00:00,23.84,24.49,23.62,24.4
2024-09-17 16:00:00,24.4,24.48,23.71,23.86
2024-09-17 20:00:00,23.86,23.98,23.69,23.77
2024-09-18 00:00:00,23.78,23.9,23.5,23.86
2024-09-18 04:00:00,23.85,23.87,23.5,23.61
2024-09-18 08:00:00,23.61,23.62,23.07,23.25
2024-09-18 12:00:00,23.26,23.37,22.85,22.92
2024-09-18 16:00:00,22.92,23.8,22.79,23.39
2024-09-18 20:00:00,23.39,24.73,23.18,24.68
2024-09-19 00:00:00,24.7,26.2,24.69,25.62
2024-09-19 04:00:00,25.63,25.95,25.59,25.9
2024-09-19 08:00:00,25.91,26.38,25.87,26.25
2024-09-19 12:00:00,26.25,26.54,26.03,26.38
2024-09-19 16:00:00,26.39,26.61,26.26,26.41
2024-09-19 20:00:00,26.41,26.79,26.1,26.66
2024-09-20 00:00:00,26.67,27.87,26.48,27.86
2024-09-20 04:00:00,27.85,28.4,27.68,28.2
2024-09-20 08:00:00,28.2,28.8,28.12,28.13
2024-09-20 12:00:00,28.13,28.25,27.12,27.2
2024-09-20 16:00:00,27.19,27.36,26.78,27.11
2024-09-20 20:00:00,27.11,27.68,27.11,27.67
2024-09-21 00:00:00,27.67,27.77,27.14,27.18
2024-09-21 04:00:00,27.17,27.33,26.99,27.26
2024-09-21 08:00:00,27.26,27.62,27.18,27.59
2024-09-21 12:00:00,27.59,28.13,27.45,27.58
2024-09-21 16:00:00,27.58,27.71,27.35,27.37
2024-09-21 20:00:00,27.38,27.98,27.33,27.79
2024-09-22 00:00:00,27.79,27.8,27.09,27.26
2024-09-22 04:00:00,27.26,27.49,27.14,27.39
2024-09-22 08:00:00,27.38,27.45,26.83,26.91
2024-09-22 12:00:00,26.91,27.06,26.63,26.87
2024-09-22 16:00:00,26.87,27.17,26.64,27.12
2024-09-22 20:00:00,27.11,27.5,26.45,27.29
2024-09-23 00:00:00,27.3,28.18,26.56,27.86
2024-09-23 04:00:00,27.87,27.97,27.41,27.66
2024-09-23 08:00:00,27.67,27.7,27.24,27.34
2024-09-23 12:00:00,27.33,27.74,27.27,27.57
2024-09-23 16:00:00,27.57,27.73,27.18,27.37
2024-09-23 20:00:00,27.38,27.48,27.1,27.39
2024-09-24 00:00:00,27.39,27.4,26.84,27.29
2024-09-24 04:00:00,27.28,27.44,27.03,27.4
2024-09-24 08:00:00,27.39,27.78,27.36,27.68
2024-09-24 12:00:00,27.69,27.81,26.93,27.15
2024-09-24 16:00:00,27.16,27.74,27.11,27.7
2024-09-24 20:00:00,27.69,28.55,27.5,28.46
2024-09-25 00:00:00,28.46,28.5,27.48,27.97
2024-09-25 04:00:00,27.97,27.98,27.35,27.62
2024-09-25 08:00:00,27.61,27.85,27.53,27.83
2024-09-25 12:00:00,27.83,28.08,27.52,27.68
2024-09-25 16:00:00,27.68,27.73,27.25,27.49
2024-09-25 20:00:00,27.49,27.66,27.15,27.28
2024-09-26 00:00:00,27.29,27.59,26.96,27.54
2024-09-26 04:00:00,27.53,28.02,27.45,28.0
2024-09-26 08:00:00,28.01,28.24,27.74,28.24
2024-09-26 12:00:00,28.24,29.33,28.24,29.18
2024-09-26 16:00:00,29.19,29.42,28.85,28.92
2024-09-26 20:00:00,28.92,29.32,28.77,29.16
2024-09-27 00:00:00,29.15,29.43,28.93,29.42
2024-09-27 04:00:00,29.42,29.75,29.28,29.64
2024-09-27 08:00:00,29.63,30.1,29.6,29.88
2024-09-27 12:00:00,29.87,30.85,29.72,30.16
2024-09-27 16:00:00,30.16,30.6,30.03,30.21
2024-09-27 20:00:00,30.2,30.57,30.03,30.43
2024-09-28 00:00:00,30.44,30.76,30.14,30.19
2024-09-28 04:00:00,30.2,30.23,29.38,29.46
2024-09-28 08:00:00,29.47,29.72,29.03,29.51
2024-09-28 12:00:00,29.5,29.65,29.12,29.47
2024-09-28 16:00:00,29.47,29.49,29.18,29.37
2024-09-28 20:00:00,29.37,29.42,29.11,29.28
2024-09-29 00:00:00,29.29,29.47,29.04,29.13
2024-09-29 04:00:00,29.12,29.18,28.56,28.62
2024-09-29 08:00:00,28.62,28.84,28.53,28.69
2024-09-29 12:00:00,28.68,28.87,28.24,28.84
2024-09-29 16:00:00,28.84,29.27,28.63,29.27
2024-09-29 20:00:00,29.27,29.44,28.9,29.04
2024-09-30 00:00:00,29.04,29.12,28.14,28.59
2024-09-30 04:00:00,28.6,28.99,28.34,28.97
2024-09-30 08:00:00,28.96,29.01,27.96,28.33
2024-09-30 12:00:00,28.33,28.59,27.94,27.96
2024-09-30 16:00:00,27.95,28.3,27.93,27.95
2024-09-30 20:00:00,27.94,28.37,27.56,27.71
2024-10-01 00:00:00,27.71,28.42,27.6,28.4
2024-10-01 04:00:00,28.4,28.73,28.31,28.59
2024-10-01 08:00:00,28.59,28.89,28.57,28.66
2024-10-01 12:00:00,28.66,28.75,25.98,26.69
2024-10-01 16:00:00,26.68,26.89,25.0,25.92
2024-10-01 20:00:00,25.91,26.24,25.4,25.82
2024-10-02 00:00:00,25.82,26.49,25.61,26.38
2024-10-02 04:00:00,26.38,26.78,26.04,26.6
2024-10-02 08:00:00,26.61,26.73,25.71,25.99
2024-10-02 12:00:00,26.0,26.26,25.47,26.22
2024-10-02 16:00:00,26.22,26.47,25.03,25.23
2024-10-02 20:00:00,25.24,25.6,25.09,25.33
2024-10-03 00:00:00,25.33,25.62,25.12,25.56
2024-10-03 04:00:00,25.55,25.67,24.86,24.89
2024-10-03 08:00:00,24.89,25.08,24.19,24.69
2024-10-03 12:00:00,24.69,24.79,23.9,24.37
2024-10-03 16:00:00,24.37,24.79,23.95,24.77
2024-10-03 20:00:00,24.76,24.84,24.43,24.66
2024-10-04 00:00:00,24.66,25.12,24.44,24.92
2024-10-04 04:00:00,24.92,25.34,24.87,25.29
2024-10-04 08:00:00,25.3,25.71,25.26,25.71
2024-10-04 12:00:00,25.7,26.15,25.3,26.14
2024-10-04 16:00:00,26.15,26.5,26.01,26.29
2024-10-04 20:00:00,26.29,26.41,26.12,26.27
2024-10-05 00:00:00,26.27,26.45,25.76,25.85
2024-10-05 04:00:00,25.85,26.32,25.8,26.01
2024-10-05 08:00:00,26.02,26.13,25.82,25.86
2024-10-05 12:00:00,25.86,25.96,25.56,25.73
2024-10-05 16:00:00,25.74,25.75,25.42,25.46
2024-10-05 20:00:00,25.46,25.74,25.1,25.67
2024-10-06 00:00:00,25.67,25.88,25.49,25.63
2024-10-06 04:00:00,25.63,26.28,25.63,26.2
2024-10-06 08:00:00,26.21,26.36,26.04,26.35
2024-10-06 12:00:00,26.35,26.97,26.35,26.92
2024-10-06 16:00:00,26.93,27.08,26.73,26.84
2024-10-06 20:00:00,26.84,27.01,26.62,26.94
2024-10-07 00:00:00,26.93,27.56,26.83,27.29
2024-10-07 04:00:00,27.29,27.55,27.21,27.23
2024-10-07 08:00:00,27.23,27.36,26.63,27.03
2024-10-07 12:00:00,27.02,27.74,26.89,27.14
2024-10-07 16:00:00,27.14,27.45,26.8,27.14
2024-10-07 20:00:00,27.14,27.17,26.51,26.56
2024-10-08 00:00:00,26.57,27.19,26.55,27.09
2024-10-08 04:00:00,27.1,27.14,26.22,26.52
2024-10-08 08:00:00,26.52,26.78,26.37,26.71
2024-10-08 12:00:00,26.71,26.85,26.03,26.33
2024-10-08 16:00:00,26.34,26.59,26.17,26.4
2024-10-08 20:00:00,26.4,26.7,26.23,26.34
2024-10-09 00:00:00,26.34,26.7,26.18,26.33
2024-10-09 04:00:00,26.33,26.61,26.22,26.46
2024-10-09 08:00:00,26.46,26.59,26.29,26.45
2024-10-09 12:00:00,26.45,26.48,25.68,26.21
2024-10-09 16:00:00,26.2,26.3,25.77,26.1
2024-10-09 20:00:00,26.09,26.18,25.73,25.76
2024-10-10 00:00:00,25.76,26.04,25.54,25.95
2024-10-10 04:00:00,25.95,26.37,25.89,26.11
2024-10-10 08:00:00,26.12,26.24,25.67,26.15
2024-10-10 12:00:00,26.15,26.27,25.52,25.85
2024-10-10 16:00:00,25.86,25.93,25.06,25.52
2024-10-10 20:00:00,25.51,25.93,25.42,25.86
2024-10-11 00:00:00,25.85,26.15,25.75,26.04
2024-10-11 04:00:00,26.06,26.2,25.97,26.14
2024-10-11 08:00:00,26.14,26.61,26.14,26.43
2024-10-11 12:00:00,26.43,26.82,26.33,26.78
2024-10-11 16:00:00,26.78,27.33,26.68,27.32
2024-10-11 20:00:00,27.31,27.6,27.23,27.45
2024-10-12 00:00:00,27.46,29.0,27.39,28.31
2024-10-12 04:00:00,28.32,28.55,28.13,28.17
2024-10-12 08:00:00,28.17,28.59,28.1,28.56
2024-10-12 12:00:00,28.56,29.37,28.5,29.09
2024-10-12 16:00:00,29.09,29.26,28.86,28.97
2024-10-12 20:00:00,28.97,28.99,28.53,28.64
2024-10-13 00:00:00,28.63,29.03,28.42,28.8
2024-10-13 04:00:00,28.8,29.13,28.8,29.04
2024-10-13 08:00:00,29.04,29.36,28.9,29.0
2024-10-13 12:00:00,29.0,29.26,28.39,28.47
2024-10-13 16:00:00,28.46,28.84,28.3,28.62
2024-10-13 20:00:00,28.63,29.27,28.42,29.06
2024-10-14 00:00:00,29.05,29.8,28.65,29.74
2024-10-14 04:00:00,29.73,29.87,29.29,29.5
2024-10-14 08:00:00,29.5,29.57,29.04,29.36
2024-10-14 12:00:00,29.36,29.75,29.07,29.55
2024-10-14 16:00:00,29.56,29.61,29.0,29.12
2024-10-14 20:00:00,29.12,29.43,28.95,29.07
2024-10-15 00:00:00,29.07,29.11,28.66,28.72
2024-10-15 04:00:00,28.72,28.92,28.45,28.78
2024-10-15 08:00:00,28.78,29.46,28.33,28.49
2024-10-15 12:00:00,28.49,29.62,27.45,28.11
2024-10-15 16:00:00,28.13,28.62,28.03,28.22
2024-10-15 20:00:00,28.22,28.42,27.74,28.21
2024-10-16 00:00:00,28.21,28.22,27.65,27.66
2024-10-16 04:00:00,27.67,27.84,27.25,27.34
2024-10-16 08:00:00,27.33,28.03,27.28,27.88
2024-10-16 12:00:00,27.88,28.17,27.4,27.48
2024-10-16 16:00:00,27.48,27.82,27.32,27.62
2024-10-16 20:00:00,27.62,28.19,27.6,28.02
2024-10-17 00:00:00,28.03,28.27,27.94,28.06
2024-10-17 04:00:00,28.06,28.07,27.38,27.57
2024-10-17 08:00:00,27.57,27.84,27.18,27.27
2024-10-17 12:00:00,27.27,27.88,27.19,27.75
2024-10-17 16:00:00,27.75,27.78,26.82,27.16
2024-10-17 20:00:00,27.16,27.4,27.06,27.31
2024-10-18 00:00:00,27.31,27.76,27.1,27.42
2024-10-18 04:00:00,27.43,27.8,27.37,27.7
2024-10-18 08:00:00,27.69,27.73,27.43,27.46
2024-10-18 12:00:00,27.46,27.87,27.33,27.8
2024-10-18 16:00:00,27.8,28.17,27.61,27.87
2024-10-18 20:00:00,27.87,28.12,27.79,28.1
2024-10-19 00:00:00,28.1,28.46,28.03,28.26
2024-10-19 04:00:00,28.27,28.33,28.04,28.06
2024-10-19 08:00:00,28.06,28.18,27.72,27.72
2024-10-19 12:00:00,27.72,28.25,27.71,28.12
2024-10-19 16:00:00,28.12,28.14,27.88,27.91
2024-10-19 20:00:00,27.92,28.2,27.9,28.1
2024-10-20 00:00:00,28.1,28.22,27.77,27.82
2024-10-20 04:00:00,27.82,28.05,27.76,27.93
2024-10-20 08:00:00,27.94,28.18,27.87,28.13
2024-10-20 12:00:00,28.13,28.46,27.83,28.38
2024-10-20 16:00:00,28.39,28.44,28.14,28.3
2024-10-20 20:00:00,28.31,29.0,28.21,28.96
2024-10-21 00:00:00,28.97,29.32,28.6,28.69
2024-10-21 04:00:00,28.68,29.08,28.59,28.62
2024-10-21 08:00:00,28.63,28.8,28.24,28.25
2024-10-21 12:00:00,28.26,28.35,27.6,27.76
2024-10-21 16:00:00,27.75,28.01,27.38,27.99
2024-10-21 20:00:00,27.99,28.05,27.74,27.75
2024-10-22 00:00:00,27.75,28.15,27.41,28.03
2024-10-22 04:00:00,28.03,28.23,27.89,27.99
2024-10-22 08:00:00,27.98,28.02,27.24,27.77
2024-10-22 12:00:00,27.76,27.99,27.42,27.81
2024-10-22 16:00:00,27.81,27.82,27.38,27.66
2024-10-22 20:00:00,27.67,27.8,27.57,27.64
2024-10-23 00:00:00,27.65,27.71,27.14,27.34
2024-10-23 04:00:00,27.35,27.47,27.04,27.07
2024-10-23 08:00:00,27.08,27.22,26.56,26.64
2024-10-23 12:00:00,26.64,26.91,26.34,26.51
2024-10-23 16:00:00,26.51,26.59,25.89,26.58
2024-10-23 20:00:00,26.59,26.81,26.49,26.75
2024-10-24 00:00:00,26.75,27.23,26.6,27.0
2024-10-24 04:00:00,26.99,27.19,26.84,26.84
2024-10-24 08:00:00,26.84,26.93,26.38,26.59
2024-10-24 12:00:00,26.59,26.93,26.54,26.8
2024-10-24 16:00:00,26.81,27.06,26.67,27.05
2024-10-24 20:00:00,27.05,27.24,26.79,26.83
2024-10-25 00:00:00,26.84,26.89,26.39,26.56
2024-10-25 04:00:00,26.57,26.6,26.05,26.24
2024-10-25 08:00:00,26.25,26.59,26.05,26.56
2024-10-25 12:00:00,26.55,26.77,26.07,26.15
2024-10-25 16:00:00,26.15,26.27,25.44,25.9
2024-10-25 20:00:00,25.9,26.09,24.01,24.93
2024-10-26 00:00:00,24.94,25.37,24.56,25.29
2024-10-26 04:00:00,25.28,25.6,25.22,25.43
2024-10-26 08:00:00,25.42,25.67,25.4,25.62
2024-10-26 12:00:00,25.61,25.68,24.9,25.08
2024-10-26 16:00:00,25.09,25.48,24.98,25.44
2024-10-26 20:00:00,25.44,25.62,25.29,25.41
2024-10-27 00:00:00,25.41,25.6,25.25,25.59
2024-10-27 04:00:00,25.59,25.61,25.43,25.45
2024-10-27 08:00:00,25.45,25.55,25.3,25.37
2024-10-27 12:00:00,25.36,25.83,25.36,25.79
2024-10-27 16:00:00,25.8,25.94,25.58,25.69
2024-10-27 20:00:00,25.68,25.91,25.59,25.77
2024-10-28 00:00:00,25.77,25.88,25.16,25.2
2024-10-28 04:00:00,25.21,25.87,25.05,25.74
2024-10-28 08:00:00,25.75,26.29,25.74,26.21
2024-10-28 12:00:00,26.21,26.32,25.57,25.58
2024-10-28 16:00:00,25.57,26.04,25.36,25.87
2024-10-28 20:00:00,25.87,26.54,25.84,26.25
2024-10-29 00:00:00,26.26,26.97,26.17,26.81
2024-10-29 04:00:00,26.81,26.89,26.48,26.54
2024-10-29 08:00:00,26.54,26.83,26.5,26.77
2024-10-29 12:00:00,26.76,26.86,26.4,26.74
2024-10-29 16:00:00,26.74,27.16,26.55,26.6
2024-10-29 20:00:00,26.6,26.92,26.3,26.88
2024-10-30 00:00:00,26.88,26.91,26.4,26.6
2024-10-30 04:00:00,26.6,26.76,26.48,26.61
2024-10-30 08:00:00,26.61,26.68,26.12,26.14
2024-10-30 12:00:00,26.15,26.49,26.01,26.13
2024-10-30 16:00:00,26.14,26.32,26.07,26.16
2024-10-30 20:00:00,26.16,26.49,26.05,26.18
2024-10-31 00:00:00,26.17,26.23,25.94,26.07
2024-10-31 04:00:00,26.08,26.09,25.76,25.94
2024-10-31 08:00:00,25.94,25.95,25.67,25.75
2024-10-31 12:00:00,25.75,25.8,25.1,25.27
2024-10-31 16:00:00,25.27,25.27,24.68,24.71
2024-10-31 20:00:00,24.72,25.25,24.69,25.03
2024-11-01 00:00:00,25.03,25.08,24.56,24.87
2024-11-01 04:00:00,24.88,25.01,24.4,24.67
2024-11-01 08:00:00,24.67,25.2,24.65,25.13
2024-11-01 12:00:00,25.13,25.71,24.59,24.9
2024-11-01 16:00:00,24.89,25.21,24.68,24.78
2024-11-01 20:00:00,24.79,24.94,24.49,24.78
2024-11-02 00:00:00,24.79,25.02,24.76,24.83
2024-11-02 04:00:00,24.84,24.97,24.76,24.87
2024-11-02 08:00:00,24.88,24.91,24.63,24.66
2024-11-02 12:00:00,24.66,24.72,24.06,24.24
2024-11-02 16:00:00,24.24,24.38,23.96,24.18
2024-11-02 20:00:00,24.18,24.27,24.0,24.12
2024-11-03 00:00:00,24.13,24.2,23.2,23.59
2024-11-03 04:00:00,23.59,23.79,23.53,23.61
2024-11-03 08:00:00,23.61,23.65,23.2,23.24
2024-11-03 12:00:00,23.23,23.31,22.6,23.05
2024-11-03 16:00:00,23.04,23.32,22.85,23.31
2024-11-03 20:00:00,23.3,23.73,23.25,23.54
2024-11-04 00:00:00,23.53,23.94,23.34,23.71
2024-11-04 04:00:00,23.71,23.85,23.46,23.48
2024-11-04 08:00:00,23.48,23.71,23.23,23.61
2024-11-04 12:00:00,23.61,23.8,23.14,23.21
2024-11-04 16:00:00,23.22,23.24,22.87,22.91
2024-11-04 20:00:00,22.9,23.51,22.35,22.72
2024-11-05 00:00:00,22.72,22.92,22.59,22.85
2024-11-05 04:00:00,22.85,23.23,22.85,23.18
2024-11-05 08:00:00,23.19,23.41,23.13,23.3
2024-11-05 12:00:00,23.31,24.22,23.26,23.97
2024-11-05 16:00:00,23.98,24.51,23.63,23.71
2024-11-05 20:00:00,23.71,24.13,23.6,23.99
2024-11-06 00:00:00,24.0,26.45,24.0,26.21
2024-11-06 04:00:00,26.22,26.54,25.76,25.87
2024-11-06 08:00:00,25.88,26.35,25.47,26.34
2024-11-06 12:00:00,26.34,26.58,26.0,26.15
2024-11-06 16:00:00,26.16,26.69,26.03,26.61
2024-11-06 20:00:00,26.62,27.3,26.46,27.01
2024-11-07 00:00:00,27.01,28.0,26.95,27.69
2024-11-07 04:00:00,27.69,27.74,26.73,26.93
2024-11-07 08:00:00,26.93,27.11,26.64,26.65
2024-11-07 12:00:00,26.65,27.29,26.51,27.28
2024-11-07 16:00:00,27.28,27.69,27.14,27.61
2024-11-07 20:00:00,27.61,27.76,27.1,27.38
2024-11-08 00:00:00,27.39,28.0,27.1,27.4
2024-11-08 04:00:00,27.39,27.69,27.17,27.59
2024-11-08 08:00:00,27.59,28.24,27.35,28.15
2024-11-08 12:00:00,28.14,28.58,27.82,28.09
2024-11-08 16:00:00,28.09,28.5,27.51,28.34
2024-11-08 20:00:00,28.33,28.79,28.08,28.78
2024-11-09 00:00:00,28.78,29.65,28.58,28.67
2024-11-09 04:00:00,28.68,29.68,28.68,29.26
2024-11-09 08:00:00,29.27,29.79,29.23,29.5
2024-11-09 12:00:00,29.5,29.59,28.62,28.82
2024-11-09 16:00:00,28.83,29.16,28.49,29.0
2024-11-09 20:00:00,29.0,30.48,28.96,30.36
2024-11-10 00:00:00,30.37,30.67,29.69,30.47
2024-11-10 04:00:00,30.48,32.0,30.46,31.52
2024-11-10 08:00:00,31.53,32.15,31.3,31.99
2024-11-10 12:00:00,31.99,32.82,31.6,32.34
2024-11-10 16:00:00,32.34,33.29,31.71,32.03
2024-11-10 20:00:00,32.03,32.4,30.01,31.89
2024-11-11 00:00:00,31.89,32.61,31.73,32.24
2024-11-11 04:00:00,32.25,32.27,30.7,31.34
2024-11-11 08:00:00,31.33,32.25,31.18,32.15
2024-11-11 12:00:00,32.14,32.91,31.69,32.48
2024-11-11 16:00:00,32.47,34.59,32.43,33.96
2024-11-11 20:00:00,33.97,35.79,33.86,35.71
2024-11-12 00:00:00,35.72,36.33,34.15,35.97
2024-11-12 04:00:00,35.96,37.42,34.93,36.42
2024-11-12 08:00:00,36.41,37.67,32.96,34.43
2024-11-12 12:00:00,34.43,35.17,32.66,33.89
2024-11-12 16:00:00,33.9,34.65,33.18,34.24
2024-11-12 20:00:00,34.25,35.13,33.63,33.96
2024-11-13 00:00:00,33.96,34.8,32.34,32.36
2024-11-13 04:00:00,32.35,33.0,31.2,32.05
2024-11-13 08:00:00,32.05,32.58,31.7,32.23
2024-11-13 12:00:00,32.23,34.89,31.84,34.74
2024-11-13 16:00:00,34.74,35.05,32.35,32.47
2024-11-13 20:00:00,32.46,33.23,31.64,33.12
2024-11-14 00:00:00,33.11,33.4,32.23,33.34
2024-11-14 04:00:00,33.34,34.72,32.94,33.75
2024-11-14 08:00:00,33.75,33.81,32.1,32.48
2024-11-14 12:00:00,32.48,32.87,31.32,31.77
2024-11-14 16:00:00,31.77,32.75,31.59,32.3
2024-11-14 20:00:00,32.3,32.3,30.68,31.21
2024-11-15 00:00:00,31.21,31.76,30.98,31.59
2024-11-15 04:00:00,31.6,32.0,30.59,31.6
2024-11-15 08:00:00,31.61,32.48,31.33,32.43
2024-11-15 12:00:00,32.42,32.79,31.15,31.41
2024-11-15 16:00:00,31.41,32.72,31.24,32.45
2024-11-15 20:00:00,32.46,33.3,32.44,33.13
2024-11-16 00:00:00,33.13,34.37,32.79,34.36
2024-11-16 04:00:00,34.36,35.56,34.24,34.27
2024-11-16 08:00:00,34.26,35.33,34.25,35.32
2024-11-16 12:00:00,35.33,35.74,34.32,34.57
2024-11-16 16:00:00,34.57,35.41,34.31,35.21
2024-11-16 20:00:00,35.22,35.41,34.72,35.14
2024-11-17 00:00:00,35.15,35.72,33.08,34.42
2024-11-17 04:00:00,34.41,36.84,34.24,36.5
2024-11-17 08:00:00,36.51,37.27,36.26,36.34
2024-11-17 12:00:00,36.33,37.05,36.08,36.56
2024-11-17 16:00:00,36.56,36.69,34.73,35.27
2024-11-17 20:00:00,35.26,35.56,34.28,34.71
2024-11-18 00:00:00,34.72,35.63,34.54,35.61
2024-11-18 04:00:00,35.61,36.16,35.12,35.92
2024-11-18 08:00:00,35.93,36.01,34.6,34.76
2024-11-18 12:00:00,34.77,35.74,34.06,35.53
2024-11-18 16:00:00,35.53,36.11,34.42,34.84
2024-11-18 20:00:00,34.83,35.69,34.68,35.48
2024-11-19 00:00:00,35.48,35.48,34.73,35.22
2024-11-19 04:00:00,35.22,35.63,34.71,35.05
2024-11-19 08:00:00,35.05,35.18,34.28,34.86
2024-11-19 12:00:00,34.86,35.42,33.63,34.41
2024-11-19 16:00:00,34.41,35.17,34.25,34.75
2024-11-19 20:00:00,34.75,34.91,33.52,34.2
2024-11-20 00:00:00,34.2,34.21,33.03,33.56
2024-11-20 04:00:00,33.55,34.05,33.2,33.99
2024-11-20 08:00:00,33.99,35.75,33.98,34.8
2024-11-20 12:00:00,34.81,35.57,34.29,34.87
2024-11-20 16:00:00,34.86,35.0,32.77,33.19
2024-11-20 20:00:00,33.2,34.41,33.06,33.59
2024-11-21 00:00:00,33.6,33.91,32.31,33.09
2024-11-21 04:00:00,33.09,34.48,33.03,34.3
2024-11-21 08:00:00,34.3,34.39,33.42,34.07
2024-11-21 12:00:00,34.07,35.99,34.06,34.98
2024-11-21 16:00:00,34.98,36.16,34.86,35.71
2024-11-21 20:00:00,35.71,36.2,35.54,35.84
2024-11-22 00:00:00,35.84,36.83,35.18,36.17
2024-11-22 04:00:00,36.17,36.68,35.71,35.74
2024-11-22 08:00:00,35.74,38.15,35.74,38.09
2024-11-22 12:00:00,38.1,39.54,37.27,39.51
2024-11-22 16:00:00,39.5,39.99,38.71,39.5
2024-11-22 20:00:00,39.5,43.52,39.27,43.17
2024-11-23 00:00:00,43.18,45.27,42.41,43.99
2024-11-23 04:00:00,43.99,45.0,42.78,42.93
2024-11-23 08:00:00,42.93,43.21,41.89,42.32
2024-11-23 12:00:00,42.31,43.79,42.19,43.18
2024-11-23 16:00:00,43.17,43.7,41.06,41.94
2024-11-23 20:00:00,41.95,42.28,40.69,41.44
2024-11-24 00:00:00,41.44,42.98,41.25,42.42
2024-11-24 04:00:00,42.41,43.14,41.72,42.31
2024-11-24 08:00:00,42.3,42.36,39.98,40.06
2024-11-24 12:00:00,40.05,40.51,38.31,38.78
2024-11-24 16:00:00,38.77,40.36,38.61,40.19
2024-11-24 20:00:00,40.18,42.19,40.01,42.06
2024-11-25 00:00:00,42.05,42.12,40.02,41.31
2024-11-25 04:00:00,41.31,45.0,41.26,44.98
2024-11-25 08:00:00,44.98,47.93,44.43,45.53
2024-11-25 12:00:00,45.53,45.9,41.97,43.19
2024-11-25 16:00:00,43.2,43.92,41.16,42.05
2024-11-25 20:00:00,42.06,43.29,40.67,41.31
2024-11-26 00:00:00,41.31,42.98,41.1,41.7
2024-11-26 04:00:00,41.69,42.38,40.88,41.16
2024-11-26 08:00:00,41.17,41.21,38.5,39.99
2024-11-26 12:00:00,39.99,42.49,39.87,41.02
2024-11-26 16:00:00,41.03,42.64,40.68,41.46
2024-11-26 20:00:00,41.46,43.35,41.26,42.72
2024-11-27 00:00:00,42.73,43.68,41.95,42.51
2024-11-27 04:00:00,42.51,43.68,42.19,43.27
2024-11-27 08:00:00,43.28,44.47,42.84,43.48
2024-11-27 12:00:00,43.46,44.14,42.36,43.75
2024-11-27 16:00:00,43.74,43.84,42.56,43.16
2024-11-27 20:00:00,43.16,44.25,42.99,43.78
2024-11-28 00:00:00,43.78,44.24,42.61,43.17
2024-11-28 04:00:00,43.16,43.82,42.49,42.65
2024-11-28 08:00:00,42.65,42.99,41.73,42.25
2024-11-28 12:00:00,42.24,42.86,41.51,41.66
2024-11-28 16:00:00,41.66,42.67,41.64,42.46
2024-11-28 20:00:00,42.47,43.19,42.02,42.77
2024-11-29 00:00:00,42.78,43.81,42.54,43.31
2024-11-29 04:00:00,43.31,43.59,42.63,42.64
2024-11-29 08:00:00,42.64,44.05,42.64,43.79
2024-11-29 12:00:00,43.8,44.6,43.37,44.33
2024-11-29 16:00:00,44.33,44.77,43.84,44.42
2024-11-29 20:00:00,44.43,45.07,44.0,44.86
2024-11-30 00:00:00,44.86,44.88,43.65,44.4
2024-11-30 04:00:00,44.39,45.65,44.12,45.41
2024-11-30 08:00:00,45.41,45.99,44.33,44.72
2024-11-30 12:00:00,44.72,46.26,44.71,45.57
2024-11-30 16:00:00,45.56,45.93,45.08,45.52
2024-11-30 20:00:00,45.51,45.8,44.79,44.81
2024-12-01 00:00:00,44.81,45.68,43.79,44.32
2024-12-01 04:00:00,44.31,44.56,43.94,44.16
2024-12-01 08:00:00,44.16,44.51,43.65,44.14
2024-12-01 12:00:00,44.14,45.76,43.82,45.26
2024-12-01 16:00:00,45.26,45.53,44.54,45.24
2024-12-01 20:00:00,45.23,45.78,44.1,45.09
2024-12-02 00:00:00,45.09,49.15,45.0,47.14
2024-12-02 04:00:00,47.13,48.75,46.36,48.46
2024-12-02 08:00:00,48.46,49.1,45.1,46.22
2024-12-02 12:00:00,46.22,50.0,46.0,49.05
2024-12-02 16:00:00,49.06,49.67,46.81,48.49
2024-12-02 20:00:00,48.49,52.49,48.02,52.27
2024-12-03 00:00:00,52.27,52.87,50.69,52.01
2024-12-03 04:00:00,52.01,52.33,50.32,50.79
2024-12-03 08:00:00,50.79,52.06,50.55,51.75
2024-12-03 12:00:00,51.75,53.95,47.8,50.14
2024-12-03 16:00:00,50.15,50.94,49.23,50.3
2024-12-03 20:00:00,50.3,51.75,50.22,50.9
2024-12-04 00:00:00,50.9,52.44,50.83,51.88
2024-12-04 04:00:00,51.88,54.92,51.87,54.49
2024-12-04 08:00:00,54.49,55.0,53.66,53.93
2024-12-04 12:00:00,53.93,55.77,53.03,55.64
2024-12-04 16:00:00,55.64,55.79,52.62,54.43
2024-12-04 20:00:00,54.44,55.36,52.04,52.76
2024-12-05 00:00:00,52.76,52.8,49.73,50.95
2024-12-05 04:00:00,50.94,52.35,50.87,51.97
2024-12-05 08:00:00,51.96,52.77,51.85,52.73
2024-12-05 12:00:00,52.73,53.28,51.66,52.25
2024-12-05 16:00:00,52.25,53.62,51.6,51.72
2024-12-05 20:00:00,51.72,51.99,48.76,50.3
2024-12-06 00:00:00,50.29,51.96,50.12,51.61
2024-12-06 04:00:00,51.6,53.55,51.55,52.76
2024-12-06 08:00:00,52.76,52.92,50.67,50.96
2024-12-06 12:00:00,50.96,52.04,49.62,51.65
2024-12-06 16:00:00,51.65,52.99,51.45,52.63
2024-12-06 20:00:00,52.63,53.0,52.07,52.47
2024-12-07 00:00:00,52.48,52.62,51.61,51.84
2024-12-07 04:00:00,51.84,52.26,51.2,51.49
2024-12-07 08:00:00,51.49,52.38,51.26,52.25
2024-12-07 12:00:00,52.26,52.73,51.56,52.51
2024-12-07 16:00:00,52.52,53.08,51.69,52.21
2024-12-07 20:00:00,52.21,52.63,51.54,51.6
2024-12-08 00:00:00,51.6,52.0,51.37,51.85
2024-12-08 04:00:00,51.85,52.13,50.67,51.56
2024-12-08 08:00:00,51.56,51.65,50.35,51.46
2024-12-08 12:00:00,51.47,52.84,51.01,52.22
2024-12-08 16:00:00,52.23,53.2,51.92,52.81
2024-12-08 20:00:00,52.81,54.39,52.77,53.98
2024-12-09 00:00:00,53.99,54.2,51.13,51.72
2024-12-09 04:00:00,51.72,52.48,50.45,51.41
2024-12-09 08:00:00,51.41,51.42,49.08,49.25
2024-12-09 12:00:00,49.24,50.98,48.79,49.02
2024-12-09 16:00:00,49.01,49.79,48.73,48.77
2024-12-09 20:00:00,48.78,48.92,40.4,45.02
2024-12-10 00:00:00,45.02,46.11,42.26,44.08
2024-12-10 04:00:00,44.09,45.77,43.02,45.29
2024-12-10 08:00:00,45.29,46.49,44.72,45.81
2024-12-10 12:00:00,45.81,45.98,42.36,42.39
2024-12-10 16:00:00,42.39,43.67,41.32,43.58
2024-12-10 20:00:00,43.58,45.36,43.31,44.6
2024-12-11 00:00:00,44.6,44.74,42.78,44.27
2024-12-11 04:00:00,44.27,44.63,43.94,43.99
2024-12-11 08:00:00,44.01,45.6,43.95,45.39
2024-12-11 12:00:00,45.39,48.39,45.28,47.92
2024-12-11 16:00:00,47.92,48.35,47.19,47.76
2024-12-11 20:00:00,47.77,48.48,47.64,48.47
2024-12-12 00:00:00,48.46,50.35,48.21,49.74
2024-12-12 04:00:00,49.74,51.04,49.52,50.11
2024-12-12 08:00:00,50.12,51.27,49.59,49.78
2024-12-12 12:00:00,49.79,52.97,49.57,52.3
2024-12-12 16:00:00,52.3,55.41,51.83,52.12
2024-12-12 20:00:00,52.12,53.57,51.84,53.14
2024-12-13 00:00:00,53.14,54.03,51.97,52.56
2024-12-13 04:00:00,52.56,53.35,51.16,51.77
2024-12-13 08:00:00,51.77,52.4,51.32,51.83
2024-12-13 12:00:00,51.83,52.85,51.11,51.17
2024-12-13 16:00:00,51.17,52.11,50.72,51.4
2024-12-13 20:00:00,51.39,52.8,51.36,52.78
2024-12-14 00:00:00,52.79,53.84,52.49,52.63
2024-12-14 04:00:00,52.63,52.75,52.0,52.59
2024-12-14 08:00:00,52.59,53.62,52.51,52.98
2024-12-14 12:00:00,52.97,53.12,50.8,51.35
2024-12-14 16:00:00,51.35,51.41,49.53,50.04
2024-12-14 20:00:00,50.04,50.27,49.38,49.85
2024-12-15 00:00:00,49.85,51.56,49.33,49.55
2024-12-15 04:00:00,49.55,50.15,48.13,48.45
2024-12-15 08:00:00,48.44,49.69,48.29,49.48
2024-12-15 12:00:00,49.49,51.09,49.4,50.46
2024-12-15 16:00:00,50.46,50.65,49.8,50.34
2024-12-15 20:00:00,50.33,51.38,48.1,50.76
2024-12-16 00:00:00,50.77,52.05,49.61,49.96
2024-12-16 04:00:00,49.96,50.69,49.73,49.86
2024-12-16 08:00:00,49.85,49.95,48.44,48.59
2024-12-16 12:00:00,48.59,49.68,48.34,48.99
2024-12-16 16:00:00,49.0,50.86,48.95,50.04
2024-12-16 20:00:00,50.05,50.23,48.85,48.98
2024-12-17 00:00:00,48.99,49.52,48.32,49.25
2024-12-17 04:00:00,49.25,49.26,48.39,48.81
2024-12-17 08:00:00,48.82,50.79,48.81,50.21
2024-12-17 12:00:00,50.22,50.84,48.45,48.8
2024-12-17 16:00:00,48.8,49.89,48.47,48.85
2024-12-17 20:00:00,48.84,49.38,47.52,47.92
2024-12-18 00:00:00,47.92,48.2,46.96,46.97
2024-12-18 04:00:00,46.97,47.03,46.03,46.45
2024-12-18 08:00:00,46.44,47.35,45.97,47.23
2024-12-18 12:00:00,47.23,47.34,45.62,46.28
2024-12-18 16:00:00,46.29,47.56,45.26,45.26
2024-12-18 20:00:00,45.25,45.6,42.63,42.78
2024-12-19 00:00:00,42.78,43.33,40.2,42.98
2024-12-19 04:00:00,42.97,43.11,42.34,43.03
2024-12-19 08:00:00,43.04,43.61,42.18,43.24
2024-12-19 12:00:00,43.24,43.34,40.91,41.57
2024-12-19 16:00:00,41.56,42.45,37.84,38.63
2024-12-19 20:00:00,38.64,39.81,37.46,38.83
2024-12-20 00:00:00,38.84,40.39,38.2,39.53
2024-12-20 04:00:00,39.54,39.83,38.12,39.14
2024-12-20 08:00:00,39.14,39.19,33.61,33.68
2024-12-20 12:00:00,33.69,38.47,33.6,38.02
2024-12-20 16:00:00,38.02,39.56,37.75,39.12
2024-12-20 20:00:00,39.11,40.04,37.93,39.86
2024-12-21 00:00:00,39.85,40.12,39.39,39.84
2024-12-21 04:00:00,39.85,42.36,39.8,41.85
2024-12-21 08:00:00,41.86,42.01,40.13,40.61
2024-12-21 12:00:00,40.61,40.65,37.82,38.62
2024-12-21 16:00:00,38.62,38.73,37.03,37.74
2024-12-21 20:00:00,37.74,38.16,36.93,37.42
2024-12-22 00:00:00,37.42,37.85,36.97,37.54
2024-12-22 04:00:00,37.53,37.73,36.17,37.62
2024-12-22 08:00:00,37.61,38.54,37.59,38.04
2024-12-22 12:00:00,38.03,38.37,36.64,37.02
2024-12-22 16:00:00,37.02,37.64,36.03,36.16
2024-12-22 20:00:00,36.15,37.07,35.52,36.57
2024-12-23 00:00:00,36.57,37.91,35.62,37.79
2024-12-23 04:00:00,37.79,38.0,35.85,36.32
2024-12-23 08:00:00,36.32,37.48,36.22,36.87
2024-12-23 12:00:00,36.88,37.26,35.7,35.77
2024-12-23 16:00:00,35.76,37.5,35.75,36.94
2024-12-23 20:00:00,36.94,39.74,36.92,39.11
2024-12-24 00:00:00,39.1,39.31,37.7,38.57
2024-12-24 04:00:00,38.57,39.12,38.28,38.55
2024-12-24 08:00:00,38.56,39.69,38.38,39.63
2024-12-24 12:00:00,39.62,41.02,39.03,40.9
2024-12-24 16:00:00,40.9,42.06,40.8,40.89
2024-12-24 20:00:00,40.89,41.48,40.3,41.25
2024-12-25 00:00:00,41.25,41.49,40.61,41.13
2024-12-25 04:00:00,41.14,41.58,40.83,40.88
2024-12-25 08:00:00,40.88,41.9,40.37,40.46
2024-12-25 12:00:00,40.47,41.04,40.31,40.56
2024-12-25 16:00:00,40.56,40.66,40.02,40.56
2024-12-25 20:00:00,40.57,40.81,39.83,40.25
2024-12-26 00:00:00,40.26,40.74,39.39,39.58
2024-12-26 04:00:00,39.58,39.58,38.64,38.71
2024-12-26 08:00:00,38.72,38.77,37.6,37.98
2024-12-26 12:00:00,37.99,38.1,37.4,37.68
2024-12-26 16:00:00,37.68,37.95,37.09,37.62
2024-12-26 20:00:00,37.62,37.71,36.97,37.33
2024-12-27 00:00:00,37.33,37.86,37.05,37.58
2024-12-27 04:00:00,37.58,38.11,36.84,37.2
2024-12-27 08:00:00,37.2,39.05,37.2,38.52
2024-12-27 12:00:00,38.52,38.59,36.55,36.68
2024-12-27 16:00:00,36.68,37.56,36.31,37.19
2024-12-27 20:00:00,37.19,37.23,36.33,36.56
2024-12-28 00:00:00,36.57,36.8,36.28,36.68
2024-12-28 04:00:00,36.68,37.0,36.33,36.41
2024-12-28 08:00:00,36.41,36.9,36.4,36.78
2024-12-28 12:00:00,36.79,37.54,36.44,37.07
2024-12-28 16:00:00,37.06,37.91,36.97,37.62
2024-12-28 20:00:00,37.63,38.14,37.45,37.74
2024-12-29 00:00:00,37.75,37.81,37.13,37.47
2024-12-29 04:00:00,37.48,37.68,37.11,37.67
2024-12-29 08:00:00,37.68,37.73,37.07,37.09
2024-12-29 12:00:00,37.09,37.32,36.43,36.58
2024-12-29 16:00:00,36.58,36.61,36.08,36.21
2024-12-29 20:00:00,36.2,36.23,35.53,35.84
2024-12-30 00:00:00,35.85,37.06,35.72,36.42
2024-12-30 04:00:00,36.41,37.0,36.08,36.78
2024-12-30 08:00:00,36.78,37.07,36.41,36.73
2024-12-30 12:00:00,36.72,37.18,34.87,35.15
2024-12-30 16:00:00,35.14,37.0,34.94,36.94
2024-12-30 20:00:00,36.94,37.19,35.72,35.97
2024-12-31 00:00:00,35.98,35.98,35.13,35.22
2024-12-31 04:00:00,35.23,35.46,34.94,35.3
2024-12-31 08:00:00,35.31,36.44,35.26,36.2
2024-12-31 12:00:00,36.21,37.29,36.05,36.79
2024-12-31 16:00:00,36.79,36.85,35.57,36.0
2024-12-31 20:00:00,35.99,36.13,35.57,35.71
2025-01-01 00:00:00,35.7,36.22,35.58,35.62
2025-01-01 04:00:00,35.61,35.77,35.34,35.61
2025-01-01 08:00:00,35.62,35.71,34.95,35.53
2025-01-01 12:00:00,35.54,36.52,35.5,36.48
2025-01-01 16:00:00,36.49,37.36,36.03,37.1
2025-01-01 20:00:00,37.1,37.99,37.1,37.78
2025-01-02 00:00:00,37.77,38.7,37.77,38.47
2025-01-02 04:00:00,38.48,39.26,38.46,38.87
2025-01-02 08:00:00,38.87,40.55,38.85,40.41
2025-01-02 12:00:00,40.42,40.6,39.29,39.41
2025-01-02 16:00:00,39.42,39.88,38.96,39.0
2025-01-02 20:00:00,39.0,39.38,38.8,39.28
2025-01-03 00:00:00,39.28,39.98,38.89,39.88
2025-01-03 04:00:00,39.88,40.27,39.34,39.42
2025-01-03 08:00:00,39.43,41.34,39.39,41.31
2025-01-03 12:00:00,41.32,42.09,40.97,41.92
2025-01-03 16:00:00,41.92,42.19,41.66,41.99
2025-01-03 20:00:00,41.98,42.1,41.45,41.94
2025-01-04 00:00:00,41.93,42.38,41.46,41.9
2025-01-04 04:00:00,41.9,42.06,41.53,42.01
2025-01-04 08:00:00,42.01,42.02,41.21,41.45
2025-01-04 12:00:00,41.44,42.12,40.89,41.07
2025-01-04 16:00:00,41.06,41.98,40.99,41.95
2025-01-04 20:00:00,41.95,42.85,41.9,42.63
2025-01-05 00:00:00,42.63,42.86,41.86,42.28
2025-01-05 04:00:00,42.29,42.82,42.19,42.28
2025-01-05 08:00:00,42.29,42.33,41.43,41.77
2025-01-05 12:00:00,41.76,42.03,41.24,41.78
2025-01-05 16:00:00,41.78,42.5,41.69,42.41
2025-01-05 20:00:00,42.41,43.2,42.25,43.11
2025-01-06 00:00:00,43.11,43.67,42.03,43.67
2025-01-06 04:00:00,43.68,43.98,43.18,43.19
2025-01-06 08:00:00,43.19,44.58,43.19,44.27
2025-01-06 12:00:00,44.27,44.89,43.4,44.74
2025-01-06 16:00:00,44.75,45.05,43.63,44.32
2025-01-06 20:00:00,44.31,44.44,43.71,44.05
2025-01-07 00:00:00,44.04,44.57,43.6,43.88
2025-01-07 04:00:00,43.89,44.19,43.47,43.79
2025-01-07 08:00:00,43.8,44.04,42.86,43.13
2025-01-07 12:00:00,43.13,43.23,40.3,40.89
2025-01-07 16:00:00,40.89,41.3,39.75,39.85
2025-01-07 20:00:00,39.86,40.34,39.13,39.21
2025-01-08 00:00:00,39.2,39.93,38.67,38.9
2025-01-08 04:00:00,38.9,39.09,37.57,38.36
2025-01-08 08:00:00,38.36,39.37,37.91,38.14
2025-01-08 12:00:00,38.15,38.64,37.75,38.18
2025-01-08 16:00:00,38.19,38.21,36.19,37.21
2025-01-08 20:00:00,37.21,37.83,36.69,37.43
2025-01-09 00:00:00,37.42,37.94,36.88,37.07
2025-01-09 04:00:00,37.07,37.24,36.16,36.3
2025-01-09 08:00:00,36.31,37.05,36.22,36.71
2025-01-09 12:00:00,36.71,37.46,35.56,37.27
2025-01-09 16:00:00,37.26,37.44,35.87,35.97
2025-01-09 20:00:00,35.97,36.51,35.5,36.2
2025-01-10 00:00:00,36.21,36.93,36.19,36.87
2025-01-10 04:00:00,36.88,37.93,36.74,37.67
2025-01-10 08:00:00,37.66,37.88,37.34,37.56
2025-01-10 12:00:00,37.56,37.75,36.09,36.59
2025-01-10 16:00:00,36.6,37.45,35.95,36.9
2025-01-10 20:00:00,36.91,36.94,36.41,36.67
2025-01-11 00:00:00,36.67,36.8,36.09,36.15
2025-01-11 04:00:00,36.15,36.7,36.02,36.45
2025-01-11 08:00:00,36.45,36.95,36.17,36.83
2025-01-11 12:00:00,36.83,36.89,36.28,36.43
2025-01-11 16:00:00,36.42,36.64,36.29,36.5
2025-01-11 20:00:00,36.51,37.78,36.41,37.13
2025-01-12 00:00:00,37.14,37.35,36.78,37.11
2025-01-12 04:00:00,37.12,37.21,36.54,36.83
2025-01-12 08:00:00,36.84,36.95,36.37,36.77
2025-01-12 12:00:00,36.78,37.54,36.61,37.49
2025-01-12 16:00:00,37.5,37.63,36.77,36.81
2025-01-12 20:00:00,36.81,36.97,36.11,36.56
2025-01-13 00:00:00,36.57,37.36,35.2,35.37
2025-01-13 04:00:00,35.36,35.93,34.67,35.09
2025-01-13 08:00:00,35.08,35.11,33.37,33.4
2025-01-13 12:00:00,33.39,34.78,32.79,34.41
2025-01-13 16:00:00,34.42,34.55,33.13,33.83
2025-01-13 20:00:00,33.82,35.43,33.57,35.29
2025-01-14 00:00:00,35.3,35.52,35.01,35.18
2025-01-14 04:00:00,35.18,35.72,35.18,35.21
2025-01-14 08:00:00,35.22,36.39,35.22,35.92
2025-01-14 12:00:00,35.92,36.55,35.65,36.19
2025-01-14 16:00:00,36.19,36.72,35.84,36.42
2025-01-14 20:00:00,36.42,36.68,36.19,36.57
2025-01-15 00:00:00,36.57,36.9,36.39,36.87
2025-01-15 04:00:00,36.88,37.37,36.54,37.25
2025-01-15 08:00:00,37.25,37.43,36.2,37.02
2025-01-15 12:00:00,37.01,39.73,36.73,39.32
2025-01-15 16:00:00,39.33,39.66,38.62,39.48
2025-01-15 20:00:00,39.48,40.02,39.02,39.82
2025-01-16 00:00:00,39.83,40.08,38.94,39.01
2025-01-16 04:00:00,39.0,39.48,39.0,39.32
2025-01-16 08:00:00,39.31,39.53,38.34,39.5
2025-01-16 12:00:00,39.5,40.53,38.5,39.74
2025-01-16 16:00:00,39.75,40.28,39.64,40.23
2025-01-16 20:00:00,40.24,40.35,39.57,40.06
2025-01-17 00:00:00,40.07,41.05,40.07,40.47
2025-01-17 04:00:00,40.47,41.63,40.3,41.35
2025-01-17 08:00:00,41.35,41.51,40.8,41.09
2025-01-17 12:00:00,41.1,41.63,40.74,40.98
2025-01-17 16:00:00,40.99,41.35,40.59,40.9
2025-01-17 20:00:00,40.9,41.82,40.86,41.38
2025-01-18 00:00:00,41.37,41.68,40.42,40.61
2025-01-18 04:00:00,40.6,41.02,39.14,39.35
2025-01-18 08:00:00,39.36,39.6,38.77,39.45
2025-01-18 12:00:00,39.45,39.67,38.82,39.1
2025-01-18 16:00:00,39.1,39.26,38.3,39.01
2025-01-18 20:00:00,39.02,39.46,38.57,39.25
2025-01-19 00:00:00,39.25,40.57,39.05,39.4
2025-01-19 04:00:00,39.4,39.63,38.52,38.53
2025-01-19 08:00:00,38.52,38.52,36.44,36.64
2025-01-19 12:00:00,36.65,38.92,36.59,38.47
2025-01-19 16:00:00,38.47,39.12,38.28,38.78
2025-01-19 20:00:00,38.78,39.01,34.86,35.68
2025-01-20 00:00:00,35.68,35.89,34.49,35.59
2025-01-20 04:00:00,35.6,40.24,35.32,38.64
2025-01-20 08:00:00,38.65,39.19,37.81,38.23
2025-01-20 12:00:00,38.22,38.34,36.76,37.3
2025-01-20 16:00:00,37.3,37.73,35.04,36.56
2025-01-20 20:00:00,36.57,37.87,35.54,36.03
2025-01-21 00:00:00,36.04,36.04,34.86,35.26
2025-01-21 04:00:00,35.27,35.52,34.52,35.34
2025-01-21 08:00:00,35.34,36.57,35.01,36.41
2025-01-21 12:00:00,36.41,36.93,35.71,36.18
2025-01-21 16:00:00,36.18,37.59,36.06,37.08
2025-01-21 20:00:00,37.09,37.37,36.64,36.95
2025-01-22 00:00:00,36.96,37.32,36.69,37.16
2025-01-22 04:00:00,37.17,37.39,36.75,36.85
2025-01-22 08:00:00,36.86,37.62,36.5,37.55
2025-01-22 12:00:00,37.56,37.77,36.55,36.9
2025-01-22 16:00:00,36.9,37.49,36.55,37.21
2025-01-22 20:00:00,37.22,37.46,36.58,36.8
2025-01-23 00:00:00,36.8,36.96,35.75,36.07
2025-01-23 04:00:00,36.07,36.15,35.27,35.68
2025-01-23 08:00:00,35.69,35.69,34.92,35.23
2025-01-23 12:00:00,35.23,36.31,34.78,35.93
2025-01-23 16:00:00,35.94,36.61,34.72,34.89
2025-01-23 20:00:00,34.89,35.85,34.64,35.56
2025-01-24 00:00:00,35.56,35.72,34.56,35.02
2025-01-24 04:00:00,35.01,36.35,34.81,35.79
2025-01-24 08:00:00,35.79,36.4,35.69,36.2
2025-01-24 12:00:00,36.2,36.67,35.96,36.25
2025-01-24 16:00:00,36.26,36.79,36.03,36.27
2025-01-24 20:00:00,36.27,36.46,35.17,35.34
2025-01-25 00:00:00,35.35,36.0,34.9,35.93
2025-01-25 04:00:00,35.92,35.96,35.22,35.32
2025-01-25 08:00:00,35.32,35.54,35.04,35.49
2025-01-25 12:00:00,35.49,36.49,35.16,36.45
2025-01-25 16:00:00,36.44,37.03,36.29,36.95
2025-01-25 20:00:00,36.94,37.26,36.57,36.61
2025-01-26 00:00:00,36.61,37.51,36.52,37.46
2025-01-26 04:00:00,37.47,38.03,37.43,37.64
2025-01-26 08:00:00,37.64,37.75,37.19,37.59
2025-01-26 12:00:00,37.58,37.91,37.32,37.42
2025-01-26 16:00:00,37.41,38.16,37.31,37.84
2025-01-26 20:00:00,37.84,37.9,35.71,35.75
2025-01-27 00:00:00,35.74,36.06,34.81,35.25
2025-01-27 04:00:00,35.25,35.25,32.94,33.82
2025-01-27 08:00:00,33.81,33.93,32.95,33.1
2025-01-27 12:00:00,33.1,34.21,32.87,33.68
2025-01-27 16:00:00,33.68,34.11,32.92,33.28
2025-01-27 20:00:00,33.28,34.67,33.28,34.2
2025-01-28 00:00:00,34.2,34.52,33.63,34.12
2025-01-28 04:00:00,34.11,34.5,33.94,34.23
2025-01-28 08:00:00,34.23,34.26,33.78,34.0
2025-01-28 12:00:00,34.01,34.19,33.5,33.78
2025-01-28 16:00:00,33.78,33.81,33.04,33.21
2025-01-28 20:00:00,33.21,33.27,31.84,32.08
2025-01-29 00:00:00,32.08,32.86,31.99,32.73
2025-01-29 04:00:00,32.73,33.65,32.64,33.44
2025-01-29 08:00:00,33.45,33.56,33.07,33.25
2025-01-29 12:00:00,33.26,33.29,32.23,32.61
2025-01-29 16:00:00,32.61,33.42,31.89,32.95
2025-01-29 20:00:00,32.95,33.84,32.59,32.8
2025-01-30 00:00:00,32.8,33.86,32.44,33.84
2025-01-30 04:00:00,33.84,33.98,33.54,33.69
2025-01-30 08:00:00,33.7,34.1,33.47,33.97
2025-01-30 12:00:00,33.98,34.66,33.76,34.39
2025-01-30 16:00:00,34.4,34.7,34.15,34.58
2025-01-30 20:00:00,34.59,34.67,34.24,34.29
2025-01-31 00:00:00,34.29,34.55,33.84,33.97
2025-01-31 04:00:00,33.96,35.21,33.8,34.69
2025-01-31 08:00:00,34.69,35.18,34.36,35.13
2025-01-31 12:00:00,35.13,35.97,35.04,35.95
2025-01-31 16:00:00,35.94,36.17,34.43,34.67
2025-01-31 20:00:00,34.66,34.66,34.02,34.42
2025-02-01 00:00:00,34.42,35.1,34.24,34.59
2025-02-01 04:00:00,34.59,34.76,34.37,34.42
2025-02-01 08:00:00,34.42,34.47,33.61,33.93
2025-02-01 12:00:00,33.92,34.06,33.36,33.7
2025-02-01 16:00:00,33.69,33.81,32.78,32.91
2025-02-01 20:00:00,32.92,32.93,31.87,32.11
2025-02-02 00:00:00,32.11,32.59,30.73,30.81
2025-02-02 04:00:00,30.81,31.66,30.7,31.25
2025-02-02 08:00:00,31.24,31.65,30.46,30.54
2025-02-02 12:00:00,30.55,31.09,30.36,30.71
2025-02-02 16:00:00,30.71,30.72,27.63,28.66
2025-02-02 20:00:00,28.65,28.93,25.91,27.63
2025-02-03 00:00:00,27.63,27.64,21.2,23.91
2025-02-03 04:00:00,23.92,25.6,22.87,25.56
2025-02-03 08:00:00,25.55,25.63,24.51,25.32
2025-02-03 12:00:00,25.33,27.41,24.33,27.33
2025-02-03 16:00:00,27.33,28.2,26.89,28.19
2025-02-03 20:00:00,28.19,28.78,27.19,28.39
2025-02-04 00:00:00,28.4,28.64,27.39,27.6
2025-02-04 04:00:00,27.61,27.78,25.58,25.65
2025-02-04 08:00:00,25.65,26.75,25.54,26.4
2025-02-04 12:00:00,26.41,27.34,26.41,26.9
2025-02-04 16:00:00,26.9,27.96,26.75,26.82
2025-02-04 20:00:00,26.82,27.07,25.73,26.46
2025-02-05 00:00:00,26.47,27.12,26.25,26.68
2025-02-05 04:00:00,26.69,27.11,26.46,26.84
2025-02-05 08:00:00,26.84,27.41,26.64,27.3
2025-02-05 12:00:00,27.31,27.41,26.35,26.57
2025-02-05 16:00:00,26.56,26.63,25.64,26.17
2025-02-05 20:00:00,26.18,26.26,25.62,25.84
2025-02-06 00:00:00,25.85,26.34,25.73,26.16
2025-02-06 04:00:00,26.16,26.82,26.09,26.53
2025-02-06 08:00:00,26.53,26.82,26.17,26.45
2025-02-06 12:00:00,26.45,26.48,24.8,24.99
2025-02-06 16:00:00,24.99,25.21,24.45,24.65
2025-02-06 20:00:00,24.65,25.05,24.28,24.5
2025-02-07 00:00:00,24.5,25.23,24.46,24.96
2025-02-07 04:00:00,24.97,25.17,24.44,24.82
2025-02-07 08:00:00,24.83,25.57,24.71,25.5
2025-02-07 12:00:00,25.5,26.22,25.14,25.44
2025-02-07 16:00:00,25.44,25.52,24.72,24.86
2025-02-07 20:00:00,24.86,24.87,23.71,24.46
2025-02-08 00:00:00,24.46,24.82,24.21,24.28
2025-02-08 04:00:00,24.27,24.46,23.93,24.35
2025-02-08 08:00:00,24.36,24.42,23.91,24.13
2025-02-08 12:00:00,24.14,24.47,23.95,24.23
2025-02-08 16:00:00,24.23,24.72,24.07,24.58
2025-02-08 20:00:00,24.58,24.69,24.3,24.58
2025-02-09 00:00:00,24.59,25.3,24.51,25.25
2025-02-09 04:00:00,25.25,25.39,24.92,25.34
2025-02-09 08:00:00,25.34,25.52,24.95,24.96
2025-02-09 12:00:00,24.96,25.25,24.5,25.11
2025-02-09 16:00:00,25.11,25.26,24.61,24.68
2025-02-09 20:00:00,24.68,25.04,23.66,24.87
2025-02-10 00:00:00,24.87,25.4,23.86,24.84
2025-02-10 04:00:00,24.84,25.47,24.73,25.4
2025-02-10 08:00:00,25.4,25.9,25.29,25.43
2025-02-10 12:00:00,25.44,25.99,25.19,25.42
2025-02-10 16:00:00,25.43,25.69,25.32,25.45
2025-02-10 20:00:00,25.45,25.68,25.37,25.67
2025-02-11 00:00:00,25.66,26.34,25.64,26.31
2025-02-11 04:00:00,26.31,26.81,26.09,26.7
2025-02-11 08:00:00,26.7,27.02,26.28,26.51
2025-02-11 12:00:00,26.52,26.67,25.82,26.15
2025-02-11 16:00:00,26.14,26.19,24.88,25.06
2025-02-11 20:00:00,25.06,25.61,24.99,25.39
2025-02-12 00:00:00,25.39,25.62,24.98,25.2
2025-02-12 04:00:00,25.21,25.34,24.91,25.13
2025-02-12 08:00:00,25.14,25.39,24.83,25.25
2025-02-12 12:00:00,25.26,25.68,24.29,25.02
2025-02-12 16:00:00,25.02,26.11,24.68,26.01
2025-02-12 20:00:00,26.01,27.09,25.98,26.49
2025-02-13 00:00:00,26.5,26.62,26.12,26.41
2025-02-13 04:00:00,26.4,26.43,25.47,25.52
2025-02-13 08:00:00,25.53,25.87,25.35,25.62
2025-02-13 12:00:00,25.62,25.75,25.11,25.49
2025-02-13 16:00:00,25.49,25.86,25.09,25.51
2025-02-13 20:00:00,25.51,25.59,25.25,25.39
2025-02-14 00:00:00,25.4,26.02,25.3,25.97
2025-02-14 04:00:00,25.96,25.99,25.55,25.7
2025-02-14 08:00:00,25.71,26.39,25.71,26.06
2025-02-14 12:00:00,26.07,26.73,25.8,26.57
2025-02-14 16:00:00,26.58,27.23,26.31,26.59
2025-02-14 20:00:00,26.59,26.63,25.96,26.39
2025-02-15 00:00:00,26.38,26.97,26.22,26.7
2025-02-15 04:00:00,26.71,26.86,26.26,26.4
2025-02-15 08:00:00,26.4,26.53,25.94,26.09
2025-02-15 12:00:00,26.09,26.25,25.49,25.68
2025-02-15 16:00:00,25.68,25.86,25.55,25.57
2025-02-15 20:00:00,25.57,25.75,25.38,25.48
2025-02-16 00:00:00,25.49,25.59,25.15,25.44
2025-02-16 04:00:00,25.45,25.58,25.14,25.22
2025-02-16 08:00:00,25.22,25.48,25.13,25.46
2025-02-16 12:00:00,25.46,25.48,24.89,25.14
2025-02-16 16:00:00,25.14,25.23,24.74,24.96
2025-02-16 20:00:00,24.95,25.11,24.75,24.85
2025-02-17 00:00:00,24.86,25.22,24.83,25.02
2025-02-17 04:00:00,25.01,25.18,24.54,24.93
2025-02-17 08:00:00,24.93,25.54,24.83,25.41
2025-02-17 12:00:00,25.4,25.95,25.08,25.14
2025-02-17 16:00:00,25.14,25.29,24.43,24.81
2025-02-17 20:00:00,24.8,25.45,24.72,25.03
2025-02-18 00:00:00,25.04,25.12,24.68,24.76
2025-02-18 04:00:00,24.76,24.85,23.76,23.98
2025-02-18 08:00:00,23.99,24.27,23.64,23.97
2025-02-18 12:00:00,23.96,24.32,23.29,23.44
2025-02-18 16:00:00,23.44,23.65,22.93,23.16
2025-02-18 20:00:00,23.16,23.55,22.95,23.52
2025-02-19 00:00:00,23.53,23.6,23.12,23.54
2025-02-19 04:00:00,23.54,23.86,22.98,23.73
2025-02-19 08:00:00,23.73,24.01,23.63,24.01
2025-02-19 12:00:00,24.01,24.02,23.38,23.51
2025-02-19 16:00:00,23.51,23.92,23.45,23.67
2025-02-19 20:00:00,23.67,23.89,23.36,23.74
2025-02-20 00:00:00,23.73,24.26,23.72,24.24
2025-02-20 04:00:00,24.23,24.47,23.87,23.98
2025-02-20 08:00:00,23.98,24.62,23.97,24.55
2025-02-20 12:00:00,24.55,25.0,24.22,24.26
2025-02-20 16:00:00,24.26,25.27,24.2,25.19
2025-02-20 20:00:00,25.2,25.35,24.86,25.15
2025-02-21 00:00:00,25.15,25.26,24.78,24.85
2025-02-21 04:00:00,24.86,25.35,24.85,25.16
2025-02-21 08:00:00,25.16,25.92,25.15,25.66
2025-02-21 12:00:00,25.65,26.54,24.96,25.48
2025-02-21 16:00:00,25.48,25.84,23.77,23.91
2025-02-21 20:00:00,23.91,24.72,23.82,24.54
2025-02-22 00:00:00,24.54,25.28,24.44,25.12
2025-02-22 04:00:00,25.11,25.39,24.82,24.91
2025-02-22 08:00:00,24.92,25.4,24.85,25.27
2025-02-22 12:00:00,25.27,25.86,25.27,25.83
2025-02-22 16:00:00,25.82,26.37,25.68,26.03
2025-02-22 20:00:00,26.04,26.06,25.76,25.83
2025-02-23 00:00:00,25.84,25.98,25.57,25.69
2025-02-23 04:00:00,25.69,25.88,25.42,25.84
2025-02-23 08:00:00,25.84,25.85,25.1,25.13
2025-02-23 12:00:00,25.12,25.17,24.54,24.55
2025-02-23 16:00:00,24.55,24.7,24.4,24.5
2025-02-23 20:00:00,24.5,24.97,24.42,24.85
2025-02-24 00:00:00,24.85,25.18,23.89,24.01
2025-02-24 04:00:00,24.01,24.23,23.67,23.97
2025-02-24 08:00:00,23.98,24.05,23.43,23.84
2025-02-24 12:00:00,23.83,23.9,22.88,23.15
2025-02-24 16:00:00,23.15,23.52,22.67,22.91
2025-02-24 20:00:00,22.92,23.27,21.47,21.88
2025-02-25 00:00:00,21.88,22.11,21.3,21.65
2025-02-25 04:00:00,21.66,21.99,20.3,20.87
2025-02-25 08:00:00,20.87,21.53,20.33,21.43
2025-02-25 12:00:00,21.42,21.67,20.55,20.98
2025-02-25 16:00:00,20.99,21.81,20.78,21.8
2025-02-25 20:00:00,21.79,22.34,21.63,21.94
2025-02-26 00:00:00,21.94,22.35,21.64,22.22
2025-02-26 04:00:00,22.22,22.42,21.93,22.17
2025-02-26 08:00:00,22.17,22.59,21.88,22.18
2025-02-26 12:00:00,22.18,22.42,21.46,22.26
2025-02-26 16:00:00,22.26,22.45,21.05,21.23
2025-02-26 20:00:00,21.23,22.28,21.0,21.87
2025-02-27 00:00:00,21.88,22.42,21.65,22.34
2025-02-27 04:00:00,22.33,23.17,22.16,23.01
2025-02-27 08:00:00,23.0,23.39,22.85,23.03
2025-02-27 12:00:00,23.03,23.32,22.54,22.79
2025-02-27 16:00:00,22.78,22.94,22.18,22.33
2025-02-27 20:00:00,22.34,22.61,22.0,22.52
2025-02-28 00:00:00,22.53,22.61,20.55,20.59
2025-02-28 04:00:00,20.59,20.77,20.23,20.63
2025-02-28 08:00:00,20.62,21.46,20.39,20.96
2025-02-28 12:00:00,20.96,22.0,20.74,21.74
2025-02-28 16:00:00,21.75,22.25,21.53,22.12
2025-02-28 20:00:00,22.11,22.41,21.8,22.37
2025-03-01 00:00:00,22.38,22.5,22.01,22.22
2025-03-01 04:00:00,22.22,22.46,21.84,21.89
2025-03-01 08:00:00,21.9,22.08,21.43,21.48
2025-03-01 12:00:00,21.48,21.56,21.05,21.3
2025-03-01 16:00:00,21.31,21.74,21.24,21.69
2025-03-01 20:00:00,21.7,22.17,21.53,21.86
2025-03-02 00:00:00,21.87,21.99,21.7,21.84
2025-03-02 04:00:00,21.85,22.1,21.75,21.9
2025-03-02 08:00:00,21.9,22.2,21.77,22.07
2025-03-02 12:00:00,22.07,23.06,21.56,22.52
2025-03-02 16:00:00,22.52,24.8,22.52,24.68
2025-03-02 20:00:00,24.68,24.99,24.47,24.95
2025-03-03 00:00:00,24.95,25.12,23.93,24.55
2025-03-03 04:00:00,24.54,24.69,23.36,23.83
2025-03-03 08:00:00,23.83,23.84,23.02,23.5
2025-03-03 12:00:00,23.5,24.0,22.96,23.24
2025-03-03 16:00:00,23.25,23.42,20.91,20.96
2025-03-03 20:00:00,20.95,21.34,20.58,20.95
2025-03-04 00:00:00,20.96,21.11,19.64,19.83
2025-03-04 04:00:00,19.84,20.31,19.7,20.05
2025-03-04 08:00:00,20.05,20.28,19.69,19.9
2025-03-04 12:00:00,19.91,20.61,19.35,19.94
2025-03-04 16:00:00,19.93,20.41,18.84,20.33
2025-03-04 20:00:00,20.33,20.51,19.84,20.0
2025-03-05 00:00:00,19.99,20.29,19.69,19.77
2025-03-05 04:00:00,19.77,20.2,19.74,20.15
2025-03-05 08:00:00,20.15,21.37,20.14,20.99
2025-03-05 12:00:00,21.0,21.22,20.25,20.39
2025-03-05 16:00:00,20.39,21.27,20.08,21.24
2025-03-05 20:00:00,21.25,22.48,21.25,21.73
2025-03-06 00:00:00,21.73,22.42,21.44,22.37
2025-03-06 04:00:00,22.38,22.57,21.64,21.69
2025-03-06 08:00:00,21.69,22.28,21.62,21.96
2025-03-06 12:00:00,21.96,22.1,21.2,21.97
2025-03-06 16:00:00,21.97,22.1,20.89,21.06
2025-03-06 20:00:00,21.07,21.5,20.99,20.99
2025-03-07 00:00:00,21.0,21.32,19.68,20.25
2025-03-07 04:00:00,20.26,20.8,20.21,20.74
2025-03-07 08:00:00,20.73,20.91,20.45,20.79
2025-03-07 12:00:00,20.8,21.14,20.44,20.72
2025-03-07 16:00:00,20.71,21.2,20.01,20.83
2025-03-07 20:00:00,20.82,20.96,19.94,20.14
2025-03-08 00:00:00,20.14,20.24,19.62,19.87
2025-03-08 04:00:00,19.86,20.07,19.73,19.8
2025-03-08 08:00:00,19.8,19.85,19.42,19.53
2025-03-08 12:00:00,19.54,21.1,19.46,20.47
2025-03-08 16:00:00,20.48,20.87,20.27,20.83
2025-03-08 20:00:00,20.83,20.97,20.35,20.49
2025-03-09 00:00:00,20.5,20.69,20.22,20.27
2025-03-09 04:00:00,20.27,20.37,20.04,20.15
2025-03-09 08:00:00,20.15,20.16,19.61,19.72
2025-03-09 12:00:00,19.72,19.72,19.09,19.17
2025-03-09 16:00:00,19.18,19.36,17.76,18.25
2025-03-09 20:00:00,18.25,18.44,17.76,17.97
2025-03-10 00:00:00,17.98,18.49,17.64,18.17
2025-03-10 04:00:00,18.18,18.48,18.16,18.41
2025-03-10 08:00:00,18.41,19.06,18.0,18.85
2025-03-10 12:00:00,18.85,18.99,17.4,17.8
2025-03-10 16:00:00,17.79,17.87,16.14,16.91
2025-03-10 20:00:00,16.91,16.97,16.23,16.26
2025-03-11 00:00:00,16.26,17.06,15.27,16.58
2025-03-11 04:00:00,16.59,17.1,16.53,16.97
2025-03-11 08:00:00,16.96,17.46,16.88,17.36
2025-03-11 12:00:00,17.36,17.49,16.5,17.36
2025-03-11 16:00:00,17.37,17.91,16.95,17.77
2025-03-11 20:00:00,17.77,17.89,17.45,17.51
2025-03-12 00:00:00,17.51,17.83,17.06,17.08
2025-03-12 04:00:00,17.09,17.59,16.95,17.56
2025-03-12 08:00:00,17.55,18.25,17.47,18.23
2025-03-12 12:00:00,18.23,18.85,17.52,17.98
2025-03-12 16:00:00,17.98,18.6,17.95,18.41
2025-03-12 20:00:00,18.41,18.98,18.35,18.91
2025-03-13 00:00:00,18.92,19.19,18.73,18.86
2025-03-13 04:00:00,18.86,19.14,18.56,18.79
2025-03-13 08:00:00,18.8,19.33,18.62,19.02
2025-03-13 12:00:00,19.02,19.2,18.3,18.38
2025-03-13 16:00:00,18.39,18.46,17.92,18.17
2025-03-13 20:00:00,18.17,18.91,17.73,18.5
2025-03-14 00:00:00,18.51,18.9,18.46,18.76
2025-03-14 04:00:00,18.76,18.88,18.49,18.66
2025-03-14 08:00:00,18.66,19.13,18.58,18.77
2025-03-14 12:00:00,18.77,19.3,18.51,19.01
2025-03-14 16:00:00,19.0,19.31,18.77,18.99
2025-03-14 20:00:00,18.99,19.11,18.52,18.58
2025-03-15 00:00:00,18.58,18.67,18.37,18.63
2025-03-15 04:00:00,18.62,18.9,18.5,18.61
2025-03-15 08:00:00,18.61,18.66,18.43,18.56
2025-03-15 12:00:00,18.55,18.73,18.42,18.56
2025-03-15 16:00:00,18.55,18.76,18.47,18.62
2025-03-15 20:00:00,18.62,19.47,18.62,19.4
2025-03-16 00:00:00,19.39,19.73,18.96,19.7
2025-03-16 04:00:00,19.69,19.85,19.28,19.35
2025-03-16 08:00:00,19.36,19.41,18.33,18.42
2025-03-16 12:00:00,18.41,18.71,18.18,18.5
2025-03-16 16:00:00,18.5,19.07,18.22,18.33
2025-03-16 20:00:00,18.34,18.47,18.12,18.25
2025-03-17 00:00:00,18.26,18.73,18.22,18.62
2025-03-17 04:00:00,18.63,18.74,18.25,18.62
2025-03-17 08:00:00,18.61,18.74,18.41,18.62
2025-03-17 12:00:00,18.62,18.83,18.2,18.47
2025-03-17 16:00:00,18.46,19.09,18.39,18.94
2025-03-17 20:00:00,18.95,18.98,18.7,18.82
2025-03-18 00:00:00,18.83,18.95,18.4,18.57
2025-03-18 04:00:00,18.58,19.04,18.44,18.83
2025-03-18 08:00:00,18.82,19.28,18.71,18.79
2025-03-18 12:00:00,18.79,18.91,18.37,18.45
2025-03-18 16:00:00,18.45,18.72,18.32,18.66
2025-03-18 20:00:00,18.66,19.08,18.46,18.97
2025-03-19 00:00:00,18.97,19.23,18.84,19.19
2025-03-19 04:00:00,19.2,19.33,18.9,18.91
2025-03-19 08:00:00,18.91,19.67,18.89,19.54
2025-03-19 12:00:00,19.55,19.96,19.3,19.86
2025-03-19 16:00:00,19.85,20.1,19.44,19.59
2025-03-19 20:00:00,19.59,19.79,19.38,19.74
2025-03-20 00:00:00,19.74,19.86,19.26,19.28
2025-03-20 04:00:00,19.28,19.3,19.08,19.14
2025-03-20 08:00:00,19.13,19.33,18.74,18.85
2025-03-20 12:00:00,18.84,19.2,18.75,18.78
2025-03-20 16:00:00,18.77,18.88,18.41,18.71
2025-03-20 20:00:00,18.71,18.8,18.62,18.74
2025-03-21 00:00:00,18.75,19.12,18.73,18.8
2025-03-21 04:00:00,18.81,19.01,18.68,18.76
2025-03-21 08:00:00,18.75,18.88,18.43,18.52
2025-03-21 12:00:00,18.52,18.64,18.36,18.49
2025-03-21 16:00:00,18.49,18.9,18.4,18.89
2025-03-21 20:00:00,18.89,19.49,18.86,19.18
2025-03-22 00:00:00,19.19,19.41,19.08,19.31
2025-03-22 04:00:00,19.3,19.49,19.3,19.37
2025-03-22 08:00:00,19.37,19.65,19.33,19.46
2025-03-22 12:00:00,19.45,19.58,19.27,19.55
2025-03-22 16:00:00,19.54,19.71,19.48,19.64
2025-03-22 20:00:00,19.65,19.74,19.34,19.43
2025-03-23 00:00:00,19.43,19.72,19.33,19.71
2025-03-23 04:00:00,19.72,19.72,19.46,19.58
2025-03-23 08:00:00,19.59,19.78,19.48,19.63
2025-03-23 12:00:00,19.63,19.7,19.44,19.48
2025-03-23 16:00:00,19.49,19.64,19.31,19.49
2025-03-23 20:00:00,19.5,19.85,19.34,19.82
2025-03-24 00:00:00,19.82,21.17,19.78,21.14
2025-03-24 04:00:00,21.15,21.84,21.14,21.52
2025-03-24 08:00:00,21.52,21.94,21.51,21.68
2025-03-24 12:00:00,21.69,22.14,21.42,21.54
2025-03-24 16:00:00,21.53,21.58,21.24,21.38
2025-03-24 20:00:00,21.39,21.51,21.24,21.48
2025-03-25 00:00:00,21.49,21.68,21.33,21.36
2025-03-25 04:00:00,21.35,21.94,21.29,21.85
2025-03-25 08:00:00,21.85,22.41,21.84,22.33
2025-03-25 12:00:00,22.34,22.81,22.13,22.48
2025-03-25 16:00:00,22.49,23.23,22.43,23.04
2025-03-25 20:00:00,23.05,23.46,22.77,22.9
2025-03-26 00:00:00,22.91,23.25,22.54,22.59
2025-03-26 04:00:00,22.6,22.88,22.54,22.85
2025-03-26 08:00:00,22.84,22.98,22.64,22.86
2025-03-26 12:00:00,22.85,22.88,21.96,22.17
2025-03-26 16:00:00,22.17,22.48,21.83,22.07
2025-03-26 20:00:00,22.06,22.29,21.85,22.04
2025-03-27 00:00:00,22.05,22.38,21.99,22.17
2025-03-27 04:00:00,22.18,22.19,21.92,22.08
2025-03-27 08:00:00,22.08,22.2,21.82,21.87
2025-03-27 12:00:00,21.88,22.29,21.63,21.92
2025-03-27 16:00:00,21.93,22.13,21.81,22.0
2025-03-27 20:00:00,22.01,22.24,21.91,22.02
2025-03-28 00:00:00,22.03,22.19,21.65,21.77
2025-03-28 04:00:00,21.78,21.82,20.67,20.71
2025-03-28 08:00:00,20.71,20.8,20.18,20.57
2025-03-28 12:00:00,20.56,20.64,19.97,19.98
2025-03-28 16:00:00,19.97,20.03,19.77,19.81
2025-03-28 20:00:00,19.81,20.61,19.78,20.36
2025-03-29 00:00:00,20.37,20.54,20.08,20.43
2025-03-29 04:00:00,20.44,20.53,19.81,19.87
2025-03-29 08:00:00,19.87,20.18,19.65,19.86
2025-03-29 12:00:00,19.87,20.32,19.82,20.0
2025-03-29 16:00:00,20.0,20.07,19.67,19.87
2025-03-29 20:00:00,19.87,19.91,19.46,19.6
2025-03-30 00:00:00,19.6,19.91,19.37,19.66
2025-03-30 04:00:00,19.67,19.75,19.35,19.45
2025-03-30 08:00:00,19.45,19.71,19.18,19.35
2025-03-30 12:00:00,19.36,19.48,19.05,19.31
2025-03-30 16:00:00,19.31,19.4,18.99,19.12
2025-03-30 20:00:00,19.12,19.17,18.69,18.86
2025-03-31 00:00:00,18.87,19.03,18.47,18.63
2025-03-31 04:00:00,18.64,18.95,18.44,18.57
2025-03-31 08:00:00,18.56,18.73,18.18,18.64
2025-03-31 12:00:00,18.64,19.12,18.42,18.97
2025-03-31 16:00:00,18.98,19.06,18.62,18.65
2025-03-31 20:00:00,18.65,18.86,18.6,18.77
2025-04-01 00:00:00,18.78,19.18,18.72,19.03
2025-04-01 04:00:00,19.04,19.54,18.96,19.21
2025-04-01 08:00:00,19.21,19.74,19.0,19.4
2025-04-01 12:00:00,19.4,19.95,18.97,19.85
2025-04-01 16:00:00,19.85,19.95,19.34,19.45
2025-04-01 20:00:00,19.45,19.93,19.32,19.82
2025-04-02 00:00:00,19.83,19.84,19.13,19.22
2025-04-02 04:00:00,19.22,19.72,18.8,19.06
2025-04-02 08:00:00,19.06,19.58,18.92,19.21
2025-04-02 12:00:00,19.21,19.84,18.93,19.62
2025-04-02 16:00:00,19.62,19.85,19.19,19.43
2025-04-02 20:00:00,19.43,19.9,17.76,17.99
2025-04-03 00:00:00,17.98,18.86,17.88,18.76
2025-04-03 04:00:00,18.77,18.99,18.2,18.38
2025-04-03 08:00:00,18.37,18.51,17.98,18.09
2025-04-03 12:00:00,18.09,18.2,17.58,17.96
2025-04-03 16:00:00,17.96,18.27,17.83,18.0
2025-04-03 20:00:00,18.01,18.27,17.86,18.15
2025-04-04 00:00:00,18.16,18.28,17.91,18.03
2025-04-04 04:00:00,18.03,18.61,17.96,18.6
2025-04-04 08:00:00,18.6,18.77,17.61,17.89
2025-04-04 12:00:00,17.89,18.47,17.81,18.0
2025-04-04 16:00:00,18.0,18.36,17.73,18.11
2025-04-04 20:00:00,18.11,18.36,18.02,18.19
2025-04-05 00:00:00,18.18,18.37,18.09,18.11
2025-04-05 04:00:00,18.12,18.24,18.05,18.21
2025-04-05 08:00:00,18.2,18.35,18.13,18.24
2025-04-05 12:00:00,18.24,18.3,17.77,17.85
2025-04-05 16:00:00,17.84,18.0,17.82,17.86
2025-04-05 20:00:00,17.87,17.93,17.69,17.87
2025-04-06 00:00:00,17.88,17.92,17.32,17.39
2025-04-06 04:00:00,17.4,17.51,17.18,17.2
2025-04-06 08:00:00,17.2,17.36,17.11,17.19
2025-04-06 12:00:00,17.19,17.32,16.84,17.31
2025-04-06 16:00:00,17.31,17.33,16.14,16.4
2025-04-06 20:00:00,16.39,16.47,15.62,16.04
2025-04-07 00:00:00,16.05,16.45,15.45,15.74
2025-04-07 04:00:00,15.75,16.11,14.66,14.83
2025-04-07 08:00:00,14.83,15.79,14.72,15.44
2025-04-07 12:00:00,15.45,17.2,15.36,16.44
2025-04-07 16:00:00,16.43,17.23,16.14,16.64
2025-04-07 20:00:00,16.65,16.98,16.62,16.68
2025-04-08 00:00:00,16.69,17.34,16.68,17.17
2025-04-08 04:00:00,17.17,17.45,16.95,17.05
2025-04-08 08:00:00,17.04,17.52,16.84,17.49
2025-04-08 12:00:00,17.49,17.74,17.08,17.14
2025-04-08 16:00:00,17.14,17.19,15.99,16.04
2025-04-08 20:00:00,16.04,16.29,15.94,16.15
2025-04-09 00:00:00,16.16,16.4,15.59,16.06
2025-04-09 04:00:00,16.05,16.87,16.0,16.72
2025-04-09 08:00:00,16.72,16.79,16.1,16.19
2025-04-09 12:00:00,16.2,16.91,15.96,16.81
2025-04-09 16:00:00,16.82,18.91,16.74,18.54
2025-04-09 20:00:00,18.54,18.7,18.41,18.44
2025-04-10 00:00:00,18.44,18.45,17.8,18.03
2025-04-10 04:00:00,18.03,18.36,17.94,18.04
2025-04-10 08:00:00,18.05,18.16,17.9,18.02
2025-04-10 12:00:00,18.02,18.39,17.55,17.67
2025-04-10 16:00:00,17.67,18.26,17.59,18.11
2025-04-10 20:00:00,18.1,18.43,18.1,18.31
2025-04-11 00:00:00,18.31,18.67,18.31,18.55
2025-04-11 04:00:00,18.55,18.66,18.44,18.55
2025-04-11 08:00:00,18.55,18.99,18.4,18.85
2025-04-11 12:00:00,18.85,19.56,18.77,19.2
2025-04-11 16:00:00,19.2,19.57,19.11,19.22
2025-04-11 20:00:00,19.22,19.37,19.04,19.12
2025-04-12 00:00:00,19.13,19.17,18.84,18.91
2025-04-12 04:00:00,18.92,19.31,18.86,19.1
2025-04-12 08:00:00,19.11,19.26,18.95,19.14
2025-04-12 12:00:00,19.13,21.03,19.1,20.51
2025-04-12 16:00:00,20.51,20.84,20.1,20.19
2025-04-12 20:00:00,20.19,20.67,20.16,20.49
2025-04-13 00:00:00,20.5,20.68,20.19,20.25
2025-04-13 04:00:00,20.24,20.28,19.88,19.92
2025-04-13 08:00:00,19.92,20.28,19.9,20.0
2025-04-13 12:00:00,20.0,20.03,19.51,19.75
2025-04-13 16:00:00,19.75,20.52,19.43,19.73
2025-04-13 20:00:00,19.74,19.97,19.27,19.59
2025-04-14 00:00:00,19.6,20.6,19.55,19.97
2025-04-14 04:00:00,19.97,20.29,19.8,20.12
2025-04-14 08:00:00,20.13,20.53,19.96,20.51
2025-04-14 12:00:00,20.51,20.68,19.76,19.83
2025-04-14 16:00:00,19.83,20.52,19.72,20.3
2025-04-14 20:00:00,20.3,20.38,20.05,20.11
2025-04-15 00:00:00,20.12,20.25,19.85,20.24
2025-04-15 04:00:00,20.23,20.28,19.81,19.98
2025-04-15 08:00:00,19.98,20.16,19.8,19.9
2025-04-15 12:00:00,19.91,20.26,19.46,19.54
2025-04-15 16:00:00,19.54,19.64,19.23,19.31
2025-04-15 20:00:00,19.31,19.44,18.96,19.01
2025-04-16 00:00:00,19.01,19.03,18.67,18.93
2025-04-16 04:00:00,18.93,18.96,18.61,18.64
2025-04-16 08:00:00,18.65,19.0,18.56,18.91
2025-04-16 12:00:00,18.91,19.29,18.72,19.05
2025-04-16 16:00:00,19.05,19.3,18.5,19.0
2025-04-16 20:00:00,19.0,19.1,18.7,18.76
2025-04-17 00:00:00,18.75,19.0,18.69,18.98
2025-04-17 04:00:00,18.97,19.56,18.94,19.39
2025-04-17 08:00:00,19.39,19.48,19.14,19.24
2025-04-17 12:00:00,19.23,19.42,18.81,19.13
2025-04-17 16:00:00,19.13,19.54,18.97,19.08
2025-04-17 20:00:00,19.08,19.21,18.92,19.05
2025-04-18 00:00:00,19.06,19.13,18.9,19.05
2025-04-18 04:00:00,19.06,19.19,18.95,19.18
2025-04-18 08:00:00,19.18,19.34,18.99,19.11
2025-04-18 12:00:00,19.1,19.17,18.85,18.91
2025-04-18 16:00:00,18.9,19.17,18.88,19.16
2025-04-18 20:00:00,19.16,19.25,19.06,19.07
2025-04-19 00:00:00,19.07,19.32,19.03,19.25
2025-04-19 04:00:00,19.26,19.55,19.17,19.47
2025-04-19 08:00:00,19.48,19.73,19.44,19.5
2025-04-19 12:00:00,19.5,19.82,19.49,19.69
2025-04-19 16:00:00,19.69,20.11,19.63,20.03
2025-04-19 20:00:00,20.03,20.36,19.87,19.89
2025-04-20 00:00:00,19.89,20.04,19.81,19.88
2025-04-20 04:00:00,19.88,20.0,19.56,19.65
2025-04-20 08:00:00,19.64,19.71,19.23,19.31
2025-04-20 12:00:00,19.31,19.55,19.27,19.38
2025-04-20 16:00:00,19.39,19.56,19.31,19.56
2025-04-20 20:00:00,19.56,19.74,19.31,19.51
2025-04-21 00:00:00,19.51,20.15,19.51,19.99
2025-04-21 04:00:00,20.0,20.65,19.85,20.61
2025-04-21 08:00:00,20.62,20.95,20.4,20.53
2025-04-21 12:00:00,20.53,20.68,20.25,20.54
2025-04-21 16:00:00,20.54,20.68,19.8,20.09
2025-04-21 20:00:00,20.08,20.11,19.7,19.92
2025-04-22 00:00:00,19.92,20.21,19.44,19.9
2025-04-22 04:00:00,19.91,20.3,19.59,20.29
2025-04-22 08:00:00,20.28,20.45,20.02,20.39
2025-04-22 12:00:00,20.4,22.0,20.35,21.62
2025-04-22 16:00:00,21.63,21.8,21.33,21.56
2025-04-22 20:00:00,21.56,22.3,21.53,22.11
2025-04-23 00:00:00,22.11,22.59,21.89,22.46
2025-04-23 04:00:00,22.46,22.89,22.37,22.88
2025-04-23 08:00:00,22.88,23.08,22.55,22.7
2025-04-23 12:00:00,22.7,23.05,21.88,22.27
2025-04-23 16:00:00,22.27,22.64,22.05,22.23
2025-04-23 20:00:00,22.23,22.57,22.22,22.33
2025-04-24 00:00:00,22.34,22.46,21.83,21.86
2025-04-24 04:00:00,21.86,22.19,21.79,21.89
2025-04-24 08:00:00,21.89,22.06,21.61,22.05
2025-04-24 12:00:00,22.06,22.64,21.9,22.34
2025-04-24 16:00:00,22.33,22.5,21.95,22.24
2025-04-24 20:00:00,22.24,22.44,22.03,22.37
2025-04-25 00:00:00,22.38,22.55,21.77,22.08
2025-04-25 04:00:00,22.09,22.54,21.96,22.34
2025-04-25 08:00:00,22.33,22.6,22.19,22.56
2025-04-25 12:00:00,22.56,22.87,22.11,22.58
2025-04-25 16:00:00,22.58,22.78,22.2,22.31
2025-04-25 20:00:00,22.31,22.51,22.14,22.17
2025-04-26 00:00:00,22.17,22.99,22.17,22.64
2025-04-26 04:00:00,22.64,22.7,22.3,22.45
2025-04-26 08:00:00,22.45,22.78,21.86,21.95
2025-04-26 12:00:00,21.95,22.09,21.72,22.03
2025-04-26 16:00:00,22.02,22.14,21.83,22.13
2025-04-26 20:00:00,22.13,22.44,22.08,22.42
2025-04-27 00:00:00,22.41,22.8,22.05,22.37
2025-04-27 04:00:00,22.38,22.55,22.02,22.27
2025-04-27 08:00:00,22.28,22.48,22.06,22.06
2025-04-27 12:00:00,22.07,22.32,21.79,21.89
2025-04-27 16:00:00,21.88,22.15,21.65,22.12
2025-04-27 20:00:00,22.13,22.15,21.71,21.71
2025-04-28 00:00:00,21.72,21.83,21.02,21.73
2025-04-28 04:00:00,21.74,22.36,21.74,22.3
2025-04-28 08:00:00,22.31,22.43,21.96,22.27
2025-04-28 12:00:00,22.28,22.31,21.27,21.45
2025-04-28 16:00:00,21.44,22.09,21.28,22.0
2025-04-28 20:00:00,21.99,22.02,21.71,21.84
2025-04-29 00:00:00,21.84,22.09,21.65,21.85
2025-04-29 04:00:00,21.86,22.21,21.64,22.18
2025-04-29 08:00:00,22.18,22.3,21.95,22.13
2025-04-29 12:00:00,22.13,22.22,21.83,22.0
2025-04-29 16:00:00,22.0,22.24,21.84,21.86
2025-04-29 20:00:00,21.86,21.92,21.27,21.57
2025-04-30 00:00:00,21.56,21.94,21.48,21.86
2025-04-30 04:00:00,21.86,21.89,21.46,21.58
2025-04-30 08:00:00,21.58,21.73,21.45,21.64
2025-04-30 12:00:00,21.64,21.66,20.36,20.92
2025-04-30 16:00:00,20.93,21.21,20.7,20.94
2025-04-30 20:00:00,20.94,21.22,20.82,20.92
2025-05-01 00:00:00,20.91,21.31,20.88,20.95
2025-05-01 04:00:00,20.95,21.26,20.81,21.22
2025-05-01 08:00:00,21.22,21.59,21.2,21.47
2025-05-01 12:00:00,21.48,21.54,21.12,21.35
2025-05-01 16:00:00,21.35,21.87,21.24,21.76
2025-05-01 20:00:00,21.77,21.84,21.52,21.64
2025-05-02 00:00:00,21.64,22.19,21.61,21.98
2025-05-02 04:00:00,21.98,22.09,21.27,21.27
2025-05-02 08:00:00,21.28,21.46,21.14,21.31
2025-05-02 12:00:00,21.3,21.67,21.13,21.42
2025-05-02 16:00:00,21.42,21.67,20.97,21.04
2025-05-02 20:00:00,21.04,21.42,20.97,21.25
2025-05-03 00:00:00,21.26,21.28,21.05,21.09
2025-05-03 04:00:00,21.09,21.19,20.87,20.93
2025-05-03 08:00:00,20.92,21.13,20.61,20.7
2025-05-03 12:00:00,20.7,21.0,20.67,20.87
2025-05-03 16:00:00,20.87,20.89,20.49,20.84
2025-05-03 20:00:00,20.85,20.88,20.51,20.52
2025-05-04 00:00:00,20.53,20.63,20.22,20.25
2025-05-04 04:00:00,20.25,20.44,20.12,20.22
2025-05-04 08:00:00,20.23,20.23,20.01,20.08
2025-05-04 12:00:00,20.08,20.21,19.79,20.0
2025-05-04 16:00:00,20.01,20.08,19.88,20.01
2025-05-04 20:00:00,20.01,20.2,19.76,19.91
2025-05-05 00:00:00,19.91,20.24,19.67,19.95
2025-05-05 04:00:00,19.95,20.24,19.87,20.03
2025-05-05 08:00:00,20.04,20.07,19.46,19.48
2025-05-05 12:00:00,19.47,19.68,19.3,19.37
2025-05-05 16:00:00,19.37,19.85,19.35,19.62
2025-05-05 20:00:00,19.62,19.87,19.39,19.69
2025-05-06 00:00:00,19.69,19.77,19.43,19.76
2025-05-06 04:00:00,19.76,19.88,19.69,19.78
2025-05-06 08:00:00,19.78,19.79,19.27,19.41
2025-05-06 12:00:00,19.41,19.8,19.3,19.65
2025-05-06 16:00:00,19.66,19.95,19.5,19.82
2025-05-06 20:00:00,19.83,20.13,19.38,20.01
2025-05-07 00:00:00,20.01,20.25,19.75,19.94
2025-05-07 04:00:00,19.94,20.01,19.65,19.93
2025-05-07 08:00:00,19.93,20.01,19.71,19.78
2025-05-07 12:00:00,19.77,19.8,19.26,19.32
2025-05-07 16:00:00,19.32,19.46,19.09,19.25
2025-05-07 20:00:00,19.25,19.71,19.19,19.55
2025-05-08 00:00:00,19.55,20.35,19.49,20.34
2025-05-08 04:00:00,20.35,20.9,20.35,20.85
2025-05-08 08:00:00,20.86,21.17,20.85,20.92
2025-05-08 12:00:00,20.92,21.48,20.64,21.19
2025-05-08 16:00:00,21.19,21.49,21.16,21.43
2025-05-08 20:00:00,21.43,22.17,21.33,22.16
2025-05-09 00:00:00,22.16,22.47,22.02,22.06
2025-05-09 04:00:00,22.07,23.12,21.96,23.01
2025-05-09 08:00:00,23.01,24.01,22.79,23.53
2025-05-09 12:00:00,23.53,23.68,22.91,23.14
2025-05-09 16:00:00,23.15,23.46,22.79,23.1
2025-05-09 20:00:00,23.09,23.29,22.96,23.27
2025-05-10 00:00:00,23.27,23.67,23.01,23.49
2025-05-10 04:00:00,23.49,24.25,23.26,24.17
2025-05-10 08:00:00,24.18,24.81,23.92,24.06
2025-05-10 12:00:00,24.06,24.77,24.06,24.37
2025-05-10 16:00:00,24.38,24.86,24.31,24.52
2025-05-10 20:00:00,24.52,25.97,24.33,25.82
2025-05-11 00:00:00,25.81,26.02,24.93,25.3
2025-05-11 04:00:00,25.3,25.46,24.29,24.53
2025-05-11 08:00:00,24.53,24.93,24.42,24.88
2025-05-11 12:00:00,24.88,24.93,24.19,24.39
2025-05-11 16:00:00,24.39,24.94,24.16,24.75
2025-05-11 20:00:00,24.75,24.97,24.49,24.78
2025-05-12 00:00:00,24.79,25.23,24.44,25.16
2025-05-12 04:00:00,25.15,26.84,24.86,26.04
2025-05-12 08:00:00,26.04,26.04,24.89,24.98
2025-05-12 12:00:00,24.98,25.7,24.57,24.73
2025-05-12 16:00:00,24.73,25.17,23.73,24.47
2025-05-12 20:00:00,24.47,25.06,24.36,24.83
2025-05-13 00:00:00,24.83,24.84,23.48,23.51
2025-05-13 04:00:00,23.51,24.53,23.45,24.3
2025-05-13 08:00:00,24.31,24.71,24.26,24.52
2025-05-13 12:00:00,24.52,24.92,24.3,24.9
2025-05-13 16:00:00,24.91,26.25,24.86,25.81
2025-05-13 20:00:00,25.81,25.99,25.49,25.72
2025-05-14 00:00:00,25.72,26.28,25.5,26.1
2025-05-14 04:00:00,26.1,26.54,25.89,26.03
2025-05-14 08:00:00,26.02,26.16,25.39,25.93
2025-05-14 12:00:00,25.93,25.97,25.13,25.41
2025-05-14 16:00:00,25.41,25.47,24.97,25.26
2025-05-14 20:00:00,25.27,25.32,24.74,24.96
2025-05-15 00:00:00,24.95,25.13,24.37,24.4
2025-05-15 04:00:00,24.41,24.64,23.53,23.56
2025-05-15 08:00:00,23.56,24.19,23.52,23.97
2025-05-15 12:00:00,23.96,24.1,23.0,23.8
2025-05-15 16:00:00,23.8,24.21,23.26,23.51
2025-05-15 20:00:00,23.52,23.74,22.94,23.5
2025-05-16 00:00:00,23.51,23.95,23.33,23.91
2025-05-16 04:00:00,23.92,24.05,23.65,23.79
2025-05-16 08:00:00,23.79,23.99,23.25,23.82
2025-05-16 12:00:00,23.83,23.97,23.44,23.74
2025-05-16 16:00:00,23.75,23.87,23.35,23.57
2025-05-16 20:00:00,23.57,23.58,22.67,23.06
2025-05-17 00:00:00,23.06,23.12,22.26,22.76
2025-05-17 04:00:00,22.76,23.14,22.7,22.82
2025-05-17 08:00:00,22.82,22.92,22.57,22.77
2025-05-17 12:00:00,22.78,22.84,22.32,22.46
2025-05-17 16:00:00,22.45,22.59,22.11,22.18
2025-05-17 20:00:00,22.17,22.57,21.97,22.17
2025-05-18 00:00:00,22.18,22.39,22.01,22.19
2025-05-18 04:00:00,22.2,23.19,22.19,23.13
2025-05-18 08:00:00,23.14,23.33,22.91,22.92
2025-05-18 12:00:00,22.92,23.86,22.78,23.76
2025-05-18 16:00:00,23.77,23.82,22.03,22.03
2025-05-18 20:00:00,22.03,23.16,21.56,23.06
2025-05-19 00:00:00,23.06,23.2,21.88,21.89
2025-05-19 04:00:00,21.9,22.05,21.26,21.68
2025-05-19 08:00:00,21.69,21.82,21.48,21.68
2025-05-19 12:00:00,21.68,22.17,21.41,22.09
2025-05-19 16:00:00,22.09,22.62,21.9,22.29
2025-05-19 20:00:00,22.29,22.36,21.98,22.25
2025-05-20 00:00:00,22.25,22.82,22.1,22.41
2025-05-20 04:00:00,22.42,22.62,22.19,22.24
2025-05-20 08:00:00,22.24,22.36,21.94,22.12
2025-05-20 12:00:00,22.12,22.21,21.85,22.14
2025-05-20 16:00:00,22.14,22.48,21.75,22.41
2025-05-20 20:00:00,22.41,22.78,22.29,22.6
2025-05-21 00:00:00,22.61,22.73,22.15,22.54
2025-05-21 04:00:00,22.54,23.0,22.42,22.55
2025-05-21 08:00:00,22.56,22.85,22.37,22.75
2025-05-21 12:00:00,22.75,23.29,22.54,23.22
2025-05-21 16:00:00,23.22,23.81,22.4,22.87
2025-05-21 20:00:00,22.86,23.46,22.59,23.17
2025-05-22 00:00:00,23.18,23.86,23.13,23.78
2025-05-22 04:00:00,23.79,24.15,23.71,24.14
2025-05-22 08:00:00,24.14,25.42,24.08,25.09
2025-05-22 12:00:00,25.1,25.43,24.75,25.04
2025-05-22 16:00:00,25.05,25.4,25.03,25.08
2025-05-22 20:00:00,25.09,25.34,24.71,25.26
2025-05-23 00:00:00,25.26,25.85,25.05,25.73
2025-05-23 04:00:00,25.73,25.83,24.92,25.1
2025-05-23 08:00:00,25.1,25.98,24.29,24.45
2025-05-23 12:00:00,24.46,25.0,23.66,24.47
2025-05-23 16:00:00,24.47,24.65,24.0,24.02
2025-05-23 20:00:00,24.02,24.03,22.92,23.07
2025-05-24 00:00:00,23.08,23.48,22.94,23.28
2025-05-24 04:00:00,23.29,23.43,22.99,23.14
2025-05-24 08:00:00,23.14,23.45,22.87,23.22
2025-05-24 12:00:00,23.23,23.28,22.98,23.14
2025-05-24 16:00:00,23.14,23.19,22.8,23.03
2025-05-24 20:00:00,23.03,23.12,22.75,22.96
2025-05-25 00:00:00,22.96,23.14,22.48,22.9
2025-05-25 04:00:00,22.9,22.93,22.43,22.48
2025-05-25 08:00:00,22.48,22.48,22.1,22.38
2025-05-25 12:00:00,22.38,22.58,22.03,22.26
2025-05-25 16:00:00,22.26,22.56,22.09,22.49
2025-05-25 20:00:00,22.48,23.47,22.29,23.45
2025-05-26 00:00:00,23.45,23.81,23.22,23.37
2025-05-26 04:00:00,23.36,23.94,23.31,23.9
2025-05-26 08:00:00,23.91,24.0,23.52,23.7
2025-05-26 12:00:00,23.7,23.88,23.18,23.49
2025-05-26 16:00:00,23.49,23.55,22.87,22.99
2025-05-26 20:00:00,22.99,23.27,22.89,23.07
2025-05-27 00:00:00,23.06,23.2,22.51,23.02
2025-05-27 04:00:00,23.03,23.87,23.01,23.5
2025-05-27 08:00:00,23.51,23.76,23.4,23.62
2025-05-27 12:00:00,23.62,23.88,23.12,23.45
2025-05-27 16:00:00,23.45,23.85,23.3,23.41
2025-05-27 20:00:00,23.41,23.58,23.18,23.38
2025-05-28 00:00:00,23.38,23.72,23.3,23.57
2025-05-28 04:00:00,23.57,23.62,23.15,23.28
2025-05-28 08:00:00,23.29,23.58,23.07,23.56
2025-05-28 12:00:00,23.56,23.77,22.83,22.86
2025-05-28 16:00:00,22.87,23.41,22.79,22.82
2025-05-28 20:00:00,22.82,23.6,22.77,23.6
2025-05-29 00:00:00,23.61,24.35,23.44,24.19
2025-05-29 04:00:00,24.19,24.31,23.5,23.72
2025-05-29 08:00:00,23.72,23.82,23.35,23.43
2025-05-29 12:00:00,23.42,23.42,22.68,22.79
2025-05-29 16:00:00,22.79,23.03,22.45,22.62
2025-05-29 20:00:00,22.62,22.78,22.17,22.25
2025-05-30 00:00:00,22.25,22.35,21.09,21.83
2025-05-30 04:00:00,21.83,21.87,21.3,21.44
2025-05-30 08:00:00,21.44,21.88,21.28,21.8
2025-05-30 12:00:00,21.8,21.88,21.42,21.48
2025-05-30 16:00:00,21.48,21.58,20.75,21.27
2025-05-30 20:00:00,21.27,21.34,20.4,20.56
2025-05-31 00:00:00,20.55,20.6,19.77,20.07
2025-05-31 04:00:00,20.08,20.26,19.83,20.15
2025-05-31 08:00:00,20.15,20.35,20.06,20.2
2025-05-31 12:00:00,20.2,20.85,20.17,20.68
2025-05-31 16:00:00,20.67,21.01,20.62,20.89
2025-05-31 20:00:00,20.89,21.12,20.77,20.8
2025-06-01 00:00:00,20.81,20.85,20.51,20.68
2025-06-01 04:00:00,20.68,20.94,20.6,20.66
2025-06-01 08:00:00,20.67,20.7,20.26,20.4
2025-06-01 12:00:00,20.41,20.79,20.17,20.71
2025-06-01 16:00:00,20.71,20.95,20.39,20.66
2025-06-01 20:00:00,20.67,20.97,20.56,20.88
2025-06-02 00:00:00,20.88,21.0,20.46,20.57
2025-06-02 04:00:00,20.57,20.81,20.48,20.68
2025-06-02 08:00:00,20.68,20.81,20.22,20.32
2025-06-02 12:00:00,20.32,20.7,20.26,20.57
2025-06-02 16:00:00,20.57,20.78,20.41,20.54
2025-06-02 20:00:00,20.55,21.32,20.55,21.15
2025-06-03 00:00:00,21.16,21.7,21.14,21.27
2025-06-03 04:00:00,21.28,21.47,21.12,21.29
2025-06-03 08:00:00,21.29,21.37,21.13,21.23
2025-06-03 12:00:00,21.23,21.58,21.14,21.37
2025-06-03 16:00:00,21.37,21.6,21.26,21.54
2025-06-03 20:00:00,21.54,21.57,20.89,21.14
2025-06-04 00:00:00,21.14,21.64,21.05,21.49
2025-06-04 04:00:00,21.48,21.59,21.26,21.42
2025-06-04 08:00:00,21.42,21.55,21.04,21.04
2025-06-04 12:00:00,21.05,21.16,20.72,21.1
2025-06-04 16:00:00,21.1,21.1,20.65,20.66
2025-06-04 20:00:00,20.65,20.66,20.06,20.09
2025-06-05 00:00:00,20.08,20.28,19.95,20.22
2025-06-05 04:00:00,20.22,20.36,20.05,20.22
2025-06-05 08:00:00,20.22,20.36,20.01,20.18
2025-06-05 12:00:00,20.18,20.54,19.79,19.99
2025-06-05 16:00:00,19.99,20.02,19.1,19.28
2025-06-05 20:00:00,19.27,19.36,18.43,18.75
2025-06-06 00:00:00,18.75,19.18,18.63,19.17
2025-06-06 04:00:00,19.16,19.5,19.14,19.36
2025-06-06 08:00:00,19.36,19.49,19.29,19.37
2025-06-06 12:00:00,19.37,19.95,19.33,19.71
2025-06-06 16:00:00,19.72,19.81,19.37,19.4
2025-06-06 20:00:00,19.41,19.92,19.36,19.64
2025-06-07 00:00:00,19.64,20.14,19.56,20.1
2025-06-07 04:00:00,20.1,20.71,20.04,20.65
2025-06-07 08:00:00,20.65,21.13,20.61,21.04
2025-06-07 12:00:00,21.04,21.06,20.77,20.9
2025-06-07 16:00:00,20.9,20.99,20.67,20.83
2025-06-07 20:00:00,20.83,20.92,20.64,20.65
2025-06-08 00:00:00,20.66,20.67,20.34,20.35
2025-06-08 04:00:00,20.35,20.4,20.25,20.28
2025-06-08 08:00:00,20.27,20.67,20.14,20.49
2025-06-08 12:00:00,20.5,20.84,20.35,20.68
2025-06-08 16:00:00,20.69,21.35,20.65,21.34
2025-06-08 20:00:00,21.35,21.49,21.01,21.04
2025-06-09 00:00:00,21.04,21.14,20.6,20.74
2025-06-09 04:00:00,20.74,20.74,20.24,20.34
2025-06-09 08:00:00,20.34,20.93,20.22,20.81
2025-06-09 12:00:00,20.82,21.13,20.59,21.02
2025-06-09 16:00:00,21.03,21.45,21.02,21.37
2025-06-09 20:00:00,21.37,22.04,21.2,21.95
2025-06-10 00:00:00,21.94,22.21,21.76,21.82
2025-06-10 04:00:00,21.82,21.88,21.51,21.69
2025-06-10 08:00:00,21.68,22.32,21.51,22.22
2025-06-10 12:00:00,22.22,22.48,21.56,21.93
2025-06-10 16:00:00,21.93,22.48,21.76,22.22
2025-06-10 20:00:00,22.22,22.59,22.02,22.57
2025-06-11 00:00:00,22.57,22.66,22.03,22.31
2025-06-11 04:00:00,22.31,22.48,22.13,22.37
2025-06-11 08:00:00,22.38,22.43,21.87,21.99
2025-06-11 12:00:00,22.0,22.77,21.89,22.57
2025-06-11 16:00:00,22.58,22.61,21.65,21.72
2025-06-11 20:00:00,21.71,21.94,21.32,21.57
2025-06-12 00:00:00,21.56,21.62,21.14,21.21
2025-06-12 04:00:00,21.22,21.27,20.96,21.03
2025-06-12 08:00:00,21.02,21.13,20.77,20.8
2025-06-12 12:00:00,20.81,21.31,20.74,20.87
2025-06-12 16:00:00,20.86,21.25,20.49,20.59
2025-06-12 20:00:00,20.58,20.68,20.15,20.28
2025-06-13 00:00:00,20.28,20.3,18.46,19.11
2025-06-13 04:00:00,19.1,19.18,18.79,19.14
2025-06-13 08:00:00,19.15,19.41,19.02,19.25
2025-06-13 12:00:00,19.25,19.43,18.87,19.3
2025-06-13 16:00:00,19.31,19.55,18.91,19.03
2025-06-13 20:00:00,19.03,19.44,18.97,19.41
2025-06-14 00:00:00,19.42,19.43,19.16,19.25
2025-06-14 04:00:00,19.25,19.42,19.07,19.24
2025-06-14 08:00:00,19.23,19.24,19.0,19.13
2025-06-14 12:00:00,19.13,19.21,18.85,18.97
2025-06-14 16:00:00,18.96,19.07,18.71,18.89
2025-06-14 20:00:00,18.89,19.1,18.75,18.93
2025-06-15 00:00:00,18.94,19.06,18.9,18.97
2025-06-15 04:00:00,18.98,19.28,18.93,18.97
2025-06-15 08:00:00,18.97,19.03,18.77,18.98
2025-06-15 12:00:00,18.98,19.26,18.88,19.07
2025-06-15 16:00:00,19.08,19.2,19.0,19.08
2025-06-15 20:00:00,19.08,19.19,18.73,19.1
2025-06-16 00:00:00,19.11,19.48,18.9,19.27
2025-06-16 04:00:00,19.27,19.86,19.24,19.79
2025-06-16 08:00:00,19.8,19.84,19.42,19.63
2025-06-16 12:00:00,19.64,19.93,19.47,19.72
2025-06-16 16:00:00,19.72,19.93,19.65,19.78
2025-06-16 20:00:00,19.77,20.0,19.0,19.06
2025-06-17 00:00:00,19.06,19.49,18.7,19.31
2025-06-17 04:00:00,19.3,19.33,19.04,19.14
2025-06-17 08:00:00,19.14,19.16,18.85,18.93
2025-06-17 12:00:00,18.93,19.06,18.52,18.67
2025-06-17 16:00:00,18.67,18.94,18.13,18.79
2025-06-17 20:00:00,18.79,18.86,18.34,18.58
2025-06-18 00:00:00,18.59,18.85,18.53,18.7
2025-06-18 04:00:00,18.71,18.9,18.64,18.73
2025-06-18 08:00:00,18.74,18.83,18.23,18.52
2025-06-18 12:00:00,18.52,18.59,18.07,18.35
2025-06-18 16:00:00,18.34,18.5,18.08,18.22
2025-06-18 20:00:00,18.22,18.64,18.09,18.16
2025-06-19 00:00:00,18.17,18.39,17.92,18.06
2025-06-19 04:00:00,18.06,18.07,17.8,17.92
2025-06-19 08:00:00,17.91,18.1,17.87,17.91
2025-06-19 12:00:00,17.91,18.04,17.66,17.74
2025-06-19 16:00:00,17.74,18.09,17.64,17.94
2025-06-19 20:00:00,17.94,18.19,17.92,18.06
2025-06-20 00:00:00,18.06,18.18,17.98,17.99
2025-06-20 04:00:00,17.99,18.41,17.82,18.33
2025-06-20 08:00:00,18.33,18.41,18.15,18.25
2025-06-20 12:00:00,18.26,18.37,17.73,17.82
2025-06-20 16:00:00,17.82,17.83,16.94,17.44
2025-06-20 20:00:00,17.44,17.68,17.2,17.37
2025-06-21 00:00:00,17.38,17.64,17.37,17.6
2025-06-21 04:00:00,17.59,17.62,17.49,17.55
2025-06-21 08:00:00,17.55,17.64,17.49,17.6
2025-06-21 12:00:00,17.61,17.63,17.0,17.15
2025-06-21 16:00:00,17.15,17.2,16.76,16.78
2025-06-21 20:00:00,16.79,17.12,16.32,16.82
2025-06-22 00:00:00,16.82,17.11,16.59,16.7
2025-06-22 04:00:00,16.7,17.01,16.66,16.84
2025-06-22 08:00:00,16.84,16.93,16.53,16.67
2025-06-22 12:00:00,16.66,16.74,15.95,16.04
2025-06-22 16:00:00,16.03,16.35,15.9,15.94
2025-06-22 20:00:00,15.95,16.53,15.61,16.53
2025-06-23 00:00:00,16.53,16.76,16.49,16.52
2025-06-23 04:00:00,16.53,17.06,16.52,16.91
2025-06-23 08:00:00,16.92,17.15,16.79,16.87
2025-06-23 12:00:00,16.88,17.29,16.72,16.76
2025-06-23 16:00:00,16.75,17.32,16.26,17.3
2025-06-23 20:00:00,17.31,18.19,17.26,18.06
2025-06-24 00:00:00,18.06,18.24,17.95,18.06
2025-06-24 04:00:00,18.05,18.49,17.97,18.06
2025-06-24 08:00:00,18.05,18.29,17.88,18.13
2025-06-24 12:00:00,18.12,18.29,17.99,18.17
2025-06-24 16:00:00,18.17,18.43,17.93,18.03
2025-06-24 20:00:00,18.02,18.24,17.96,18.23
2025-06-25 00:00:00,18.24,18.37,18.1,18.12
2025-06-25 04:00:00,18.13,18.18,17.98,18.03
2025-06-25 08:00:00,18.04,18.05,17.73,18.0
2025-06-25 12:00:00,18.0,18.13,17.56,17.59
2025-06-25 16:00:00,17.6,17.8,17.54,17.73
2025-06-25 20:00:00,17.73,17.83,17.42,17.57
2025-06-26 00:00:00,17.57,18.02,17.45,17.76
2025-06-26 04:00:00,17.77,17.82,17.53,17.74
2025-06-26 08:00:00,17.73,17.79,17.39,17.41
2025-06-26 12:00:00,17.42,17.44,17.09,17.25
2025-06-26 16:00:00,17.25,17.38,17.15,17.33
2025-06-26 20:00:00,17.33,17.64,17.17,17.23
2025-06-27 00:00:00,17.24,17.54,17.02,17.49
2025-06-27 04:00:00,17.49,17.61,17.34,17.41
2025-06-27 08:00:00,17.4,17.62,17.39,17.47
2025-06-27 12:00:00,17.48,17.59,17.29,17.54
2025-06-27 16:00:00,17.55,17.79,17.13,17.34
2025-06-27 20:00:00,17.33,17.61,17.31,17.58
2025-06-28 00:00:00,17.58,17.67,17.48,17.59
2025-06-28 04:00:00,17.6,17.69,17.5,17.68
2025-06-28 08:00:00,17.68,17.74,17.6,17.67
2025-06-28 12:00:00,17.68,17.78,17.54,17.75
2025-06-28 16:00:00,17.76,18.08,17.76,17.95
2025-06-28 20:00:00,17.95,18.07,17.87,17.97
2025-06-29 00:00:00,17.98,18.01,17.8,17.81
2025-06-29 04:00:00,17.82,18.04,17.8,18.04
2025-06-29 08:00:00,18.03,18.17,17.99,18.06
2025-06-29 12:00:00,18.07,18.08,17.81,17.84
2025-06-29 16:00:00,17.84,18.09,17.82,18.05
2025-06-29 20:00:00,18.04,18.9,17.93,18.73
2025-06-30 00:00:00,18.73,18.88,18.27,18.3
2025-06-30 04:00:00,18.29,18.31,17.99,18.25
2025-06-30 08:00:00,18.24,18.28,18.02,18.07
2025-06-30 12:00:00,18.08,18.14,17.71,18.02
2025-06-30 16:00:00,18.03,18.24,17.87,18.21
2025-06-30 20:00:00,18.2,18.26,17.89,17.96
2025-07-01 00:00:00,17.97,18.06,17.74,17.82
2025-07-01 04:00:00,17.81,17.82,17.43,17.64
2025-07-01 08:00:00,17.64,17.66,17.44,17.48
2025-07-01 12:00:00,17.48,17.5,17.2,17.25
2025-07-01 16:00:00,17.25,17.34,17.04,17.08
2025-07-01 20:00:00,17.09,17.14,16.94,17.1
2025-07-02 00:00:00,17.11,17.31,16.97,17.27
2025-07-02 04:00:00,17.28,17.65,17.25,17.58
2025-07-02 08:00:00,17.59,17.69,17.51,17.56
2025-07-02 12:00:00,17.57,18.02,17.42,18.02
2025-07-02 16:00:00,18.02,18.83,18.01,18.68
2025-07-02 20:00:00,18.68,18.81,18.48,18.51
2025-07-03 00:00:00,18.51,18.67,18.43,18.55
2025-07-03 04:00:00,18.55,19.17,18.53,19.08
2025-07-03 08:00:00,19.09,19.11,18.68,18.78
2025-07-03 12:00:00,18.77,18.99,18.34,18.37
2025-07-03 16:00:00,18.37,18.61,18.35,18.56
2025-07-03 20:00:00,18.56,18.67,18.5,18.54
2025-07-04 00:00:00,18.55,18.82,18.5,18.77
2025-07-04 04:00:00,18.77,18.88,18.1,18.11
2025-07-04 08:00:00,18.11,18.22,17.96,18.09
2025-07-04 12:00:00,18.09,18.19,17.69,17.72
2025-07-04 16:00:00,17.71,17.75,17.5,17.69
2025-07-04 20:00:00,17.68,17.89,17.62,17.8
2025-07-05 00:00:00,17.8,17.87,17.66,17.85
2025-07-05 04:00:00,17.84,17.94,17.72,17.82
2025-07-05 08:00:00,17.81,17.95,17.68,17.89
2025-07-05 12:00:00,17.89,17.94,17.77,17.83
2025-07-05 16:00:00,17.83,17.9,17.62,17.79
2025-07-05 20:00:00,17.78,17.99,17.75,17.92
2025-07-06 00:00:00,17.92,17.92,17.77,17.83
2025-07-06 04:00:00,17.82,17.93,17.78,17.85
2025-07-06 08:00:00,17.84,17.89,17.74,17.88
2025-07-06 12:00:00,17.88,18.31,17.86,18.16
2025-07-06 16:00:00,18.16,18.3,17.99,18.17
2025-07-06 20:00:00,18.17,18.62,18.16,18.29
2025-07-07 00:00:00,18.3,18.59,18.19,18.42
2025-07-07 04:00:00,18.42,18.46,18.1,18.3
2025-07-07 08:00:00,18.29,18.35,18.11,18.17
2025-07-07 12:00:00,18.17,18.29,17.96,18.03
2025-07-07 16:00:00,18.03,18.11,17.82,18.0
2025-07-07 20:00:00,18.0,18.01,17.8,17.99
2025-07-08 00:00:00,18.0,18.09,17.74,17.78
2025-07-08 04:00:00,17.79,17.91,17.69,17.91
2025-07-08 08:00:00,17.91,18.27,17.84,18.14
2025-07-08 12:00:00,18.13,18.25,17.97,18.01
2025-07-08 16:00:00,18.02,18.48,17.91,18.37
2025-07-08 20:00:00,18.38,18.46,18.23,18.36
2025-07-09 00:00:00,18.37,18.39,18.1,18.12
2025-07-09 04:00:00,18.12,18.56,18.09,18.41
2025-07-09 08:00:00,18.41,18.55,18.31,18.52
2025-07-09 12:00:00,18.53,18.73,18.39,18.53
2025-07-09 16:00:00,18.53,19.19,18.48,19.11
2025-07-09 20:00:00,19.11,19.63,18.97,19.5
2025-07-10 00:00:00,19.5,19.63,19.36,19.49
2025-07-10 04:00:00,19.5,19.61,19.34,19.5
2025-07-10 08:00:00,19.5,19.6,19.44,19.58
2025-07-10 12:00:00,19.57,19.71,19.38,19.45
2025-07-10 16:00:00,19.46,19.95,19.41,19.77
2025-07-10 20:00:00,19.77,20.79,19.76,20.7
2025-07-11 00:00:00,20.7,20.93,20.44,20.86
2025-07-11 04:00:00,20.86,21.22,20.72,20.74
2025-07-11 08:00:00,20.75,21.2,20.75,20.99
2025-07-11 12:00:00,20.98,21.53,20.87,20.95
2025-07-11 16:00:00,20.95,21.41,20.81,21.31
2025-07-11 20:00:00,21.31,21.32,20.32,20.68
2025-07-12 00:00:00,20.67,21.05,20.38,20.85
2025-07-12 04:00:00,20.86,20.91,20.53,20.89
2025-07-12 08:00:00,20.88,21.08,20.71,20.97
2025-07-12 12:00:00,20.98,21.03,20.18,20.33
2025-07-12 16:00:00,20.33,20.85,20.24,20.74
2025-07-12 20:00:00,20.73,20.77,20.39,20.69
2025-07-13 00:00:00,20.68,21.18,20.66,21.1
2025-07-13 04:00:00,21.1,21.33,20.96,21.32
2025-07-13 08:00:00,21.31,21.39,21.06,21.27
2025-07-13 12:00:00,21.26,21.64,21.14,21.29
2025-07-13 16:00:00,21.3,21.8,21.1,21.53
2025-07-13 20:00:00,21.54,21.61,20.99,21.2
2025-07-14 00:00:00,21.21,22.06,21.15,21.78
2025-07-14 04:00:00,21.79,22.08,21.53,21.84
2025-07-14 08:00:00,21.84,21.94,21.6,21.7
2025-07-14 12:00:00,21.7,22.0,21.3,21.46
2025-07-14 16:00:00,21.45,21.64,21.13,21.26
2025-07-14 20:00:00,21.26,21.43,21.02,21.26
2025-07-15 00:00:00,21.27,21.37,20.45,20.59
2025-07-15 04:00:00,20.59,20.93,20.39,20.75
2025-07-15 08:00:00,20.75,21.51,20.61,21.11
2025-07-15 12:00:00,21.11,21.31,20.69,21.17
2025-07-15 16:00:00,21.17,21.88,21.16,21.21
2025-07-15 20:00:00,21.22,22.58,21.16,22.51
2025-07-16 00:00:00,22.52,22.57,21.7,21.71
2025-07-16 04:00:00,21.71,22.09,21.61,21.98
2025-07-16 08:00:00,21.98,22.14,21.87,22.01
2025-07-16 12:00:00,22.01,22.38,21.87,22.11
2025-07-16 16:00:00,22.1,22.83,22.06,22.6
2025-07-16 20:00:00,22.61,23.02,22.46,22.66
2025-07-17 00:00:00,22.65,22.94,22.02,22.17
2025-07-17 04:00:00,22.16,22.8,22.09,22.69
2025-07-17 08:00:00,22.69,23.24,22.61,22.89
2025-07-17 12:00:00,22.89,23.07,22.43,22.72
2025-07-17 16:00:00,22.72,22.95,22.31,22.42
2025-07-17 20:00:00,22.42,24.34,22.19,23.91
2025-07-18 00:00:00,23.91,24.58,23.69,24.33
2025-07-18 04:00:00,24.33,25.03,24.23,24.33
2025-07-18 08:00:00,24.32,24.63,23.94,24.13
2025-07-18 12:00:00,24.12,24.55,23.55,23.77
2025-07-18 16:00:00,23.77,24.09,23.43,23.61
2025-07-18 20:00:00,23.62,23.71,23.06,23.51
2025-07-19 00:00:00,23.51,23.82,23.01,23.81
2025-07-19 04:00:00,23.82,24.02,23.69,23.7
2025-07-19 08:00:00,23.71,23.72,23.41,23.59
2025-07-19 12:00:00,23.6,23.87,23.31,23.65
2025-07-19 16:00:00,23.64,25.18,23.54,24.95
2025-07-19 20:00:00,24.95,25.23,24.17,24.5
2025-07-20 00:00:00,24.51,24.78,24.31,24.58
2025-07-20 04:00:00,24.57,24.85,24.42,24.71
2025-07-20 08:00:00,24.71,25.27,24.71,25.13
2025-07-20 12:00:00,25.13,25.44,24.86,25.4
2025-07-20 16:00:00,25.4,25.55,24.94,25.27
2025-07-20 20:00:00,25.27,25.33,24.52,25.04
2025-07-21 00:00:00,25.05,25.45,24.64,25.44
2025-07-21 04:00:00,25.43,25.87,25.28,25.83
2025-07-21 08:00:00,25.83,26.53,25.57,26.04
2025-07-21 12:00:00,26.05,26.36,25.64,25.89
2025-07-21 16:00:00,25.89,25.92,25.07,25.18
2025-07-21 20:00:00,25.18,25.59,25.1,25.43
2025-07-22 00:00:00,25.43,26.02,24.83,25.89
2025-07-22 04:00:00,25.88,26.09,25.1,25.65
2025-07-22 08:00:00,25.65,25.65,24.77,25.5
2025-07-22 12:00:00,25.5,25.67,24.77,24.97
2025-07-22 16:00:00,24.98,25.38,24.71,24.87
2025-07-22 20:00:00,24.86,25.89,24.82,25.88
2025-07-23 00:00:00,25.88,26.1,25.48,25.52
2025-07-23 04:00:00,25.53,25.82,25.22,25.35
2025-07-23 08:00:00,25.35,25.57,24.83,25.02
2025-07-23 12:00:00,25.01,25.08,23.58,24.36
2025-07-23 16:00:00,24.36,24.36,23.39,23.85
2025-07-23 20:00:00,23.86,24.12,23.15,23.95
2025-07-24 00:00:00,23.96,24.2,23.81,23.95
2025-07-24 04:00:00,23.95,24.03,22.53,23.27
2025-07-24 08:00:00,23.26,23.9,23.14,23.82
2025-07-24 12:00:00,23.82,24.44,23.47,24.19
2025-07-24 16:00:00,24.19,24.31,23.7,24.0
2025-07-24 20:00:00,24.0,24.23,23.6,23.67
2025-07-25 00:00:00,23.67,23.7,22.89,23.11
2025-07-25 04:00:00,23.1,23.39,22.86,23.1
2025-07-25 08:00:00,23.1,23.91,23.07,23.7
2025-07-25 12:00:00,23.71,23.88,22.96,23.21
2025-07-25 16:00:00,23.2,23.55,23.08,23.42
2025-07-25 20:00:00,23.41,24.04,23.4,24.01
2025-07-26 00:00:00,24.01,24.15,23.84,24.06
2025-07-26 04:00:00,24.06,24.19,24.03,24.09
2025-07-26 08:00:00,24.09,24.42,24.08,24.32
2025-07-26 12:00:00,24.32,24.94,24.2,24.83
2025-07-26 16:00:00,24.83,25.77,24.52,25.43
2025-07-26 20:00:00,25.44,25.48,24.88,24.94
2025-07-27 00:00:00,24.94,25.1,24.85,24.94
2025-07-27 04:00:00,24.93,25.26,24.92,25.01
2025-07-27 08:00:00,25.02,25.15,24.74,24.93
2025-07-27 12:00:00,24.93,25.12,24.82,25.03
2025-07-27 16:00:00,25.03,25.55,25.03,25.42
2025-07-27 20:00:00,25.43,26.46,25.39,26.06
2025-07-28 00:00:00,26.06,26.32,25.76,26.13
2025-07-28 04:00:00,26.14,26.78,26.12,26.54
2025-07-28 08:00:00,26.54,27.34,26.48,27.28
2025-07-28 12:00:00,27.28,27.38,25.9,26.05
2025-07-28 16:00:00,26.05,26.19,25.36,25.53
2025-07-28 20:00:00,25.53,25.57,24.99,25.21
2025-07-29 00:00:00,25.21,25.42,24.43,25.03
2025-07-29 04:00:00,25.04,25.5,24.84,25.46
2025-07-29 08:00:00,25.46,25.51,24.52,24.72
2025-07-29 12:00:00,24.73,25.19,24.19,24.31
2025-07-29 16:00:00,24.31,24.56,24.02,24.08
2025-07-29 20:00:00,24.08,24.46,23.88,24.37
2025-07-30 00:00:00,24.38,24.51,24.01,24.29
2025-07-30 04:00:00,24.28,24.37,23.93,24.0
2025-07-30 08:00:00,24.0,24.18,23.34,23.43
2025-07-30 12:00:00,23.43,23.65,23.1,23.23
2025-07-30 16:00:00,23.23,23.67,22.4,23.23
2025-07-30 20:00:00,23.23,23.46,23.0,23.31
2025-07-31 00:00:00,23.3,23.73,23.22,23.69
2025-07-31 04:00:00,23.69,24.08,23.64,23.88
2025-07-31 08:00:00,23.89,24.12,23.58,23.67
2025-07-31 12:00:00,23.67,23.7,22.79,23.11
2025-07-31 16:00:00,23.1,23.53,22.77,22.83
2025-07-31 20:00:00,22.82,22.99,22.4,22.47
2025-08-01 00:00:00,22.47,22.58,21.8,22.43
2025-08-01 04:00:00,22.42,22.42,21.75,22.16
2025-08-01 08:00:00,22.15,22.16,21.63,22.13
2025-08-01 12:00:00,22.13,22.39,21.58,22.09
2025-08-01 16:00:00,22.08,22.24,21.49,21.9
2025-08-01 20:00:00,21.9,21.99,21.02,21.51
2025-08-02 00:00:00,21.52,21.78,21.47,21.7
2025-08-02 04:00:00,21.71,21.82,21.18,21.66
2025-08-02 08:00:00,21.67,21.73,21.25,21.49
2025-08-02 12:00:00,21.5,21.66,21.14,21.22
2025-08-02 16:00:00,21.23,21.32,20.66,20.88
2025-08-02 20:00:00,20.87,21.14,20.7,20.86
2025-08-03 00:00:00,20.87,21.21,20.57,21.14
2025-08-03 04:00:00,21.13,21.25,21.07,21.17
2025-08-03 08:00:00,21.18,21.49,21.15,21.37
2025-08-03 12:00:00,21.38,21.49,21.24,21.42
2025-08-03 16:00:00,21.42,21.54,21.31,21.41
2025-08-03 20:00:00,21.4,21.53,21.27,21.37
2025-08-04 00:00:00,21.38,21.93,21.34,21.77
2025-08-04 04:00:00,21.77,22.0,21.72,21.93
2025-08-04 08:00:00,21.94,22.04,21.72,21.84
2025-08-04 12:00:00,21.84,22.61,21.77,22.36
2025-08-04 16:00:00,22.36,22.85,22.26,22.3
2025-08-04 20:00:00,22.31,23.13,22.27,23.11
2025-08-05 00:00:00,23.12,23.14,22.66,22.73
2025-08-05 04:00:00,22.73,22.85,22.15,22.23
2025-08-05 08:00:00,22.22,22.83,22.18,22.66
2025-08-05 12:00:00,22.65,22.7,21.63,21.73
2025-08-05 16:00:00,21.72,21.94,21.63,21.69
2025-08-05 20:00:00,21.69,21.95,21.44,21.92
2025-08-06 00:00:00,21.92,21.96,21.59,21.66
2025-08-06 04:00:00,21.67,22.31,21.57,22.24
2025-08-06 08:00:00,22.24,22.29,21.91,21.94
2025-08-06 12:00:00,21.95,22.38,21.77,22.34
2025-08-06 16:00:00,22.34,22.4,22.01,22.26
2025-08-06 20:00:00,22.26,22.31,22.1,22.23
2025-08-07 00:00:00,22.24,22.35,21.98,22.01
2025-08-07 04:00:00,22.0,22.32,21.95,22.21
2025-08-07 08:00:00,22.21,22.9,22.2,22.78
2025-08-07 12:00:00,22.78,22.82,22.5,22.65
2025-08-07 16:00:00,22.66,22.89,22.19,22.87
2025-08-07 20:00:00,22.87,23.36,22.84,23.36
2025-08-08 00:00:00,23.35,23.7,23.0,23.28
2025-08-08 04:00:00,23.28,23.57,23.03,23.49
2025-08-08 08:00:00,23.49,23.61,23.31,23.51
2025-08-08 12:00:00,23.51,23.8,23.04,23.19
2025-08-08 16:00:00,23.18,23.85,23.16,23.8
2025-08-08 20:00:00,23.8,23.87,23.67,23.79
2025-08-09 00:00:00,23.8,24.19,23.73,24.0
2025-08-09 04:00:00,24.0,24.68,23.93,24.42
2025-08-09 08:00:00,24.41,24.76,24.36,24.59
2025-08-09 12:00:00,24.59,24.8,24.02,24.16
2025-08-09 16:00:00,24.16,24.58,24.16,24.48
2025-08-09 20:00:00,24.48,24.82,24.14,24.23
2025-08-10 00:00:00,24.24,24.49,24.05,24.4
2025-08-10 04:00:00,24.4,24.55,23.45,23.48
2025-08-10 08:00:00,23.48,23.72,23.26,23.53
2025-08-10 12:00:00,23.53,24.05,23.45,23.96
2025-08-10 16:00:00,23.95,24.03,23.74,23.9
2025-08-10 20:00:00,23.91,23.92,23.54,23.83
2025-08-11 00:00:00,23.84,24.47,23.67,24.41
2025-08-11 04:00:00,24.41,24.63,24.04,24.11
2025-08-11 08:00:00,24.11,24.37,23.29,23.39
2025-08-11 12:00:00,23.38,23.75,23.08,23.75
2025-08-11 16:00:00,23.74,24.05,23.11,23.25
2025-08-11 20:00:00,23.24,23.27,22.65,22.79
2025-08-12 00:00:00,22.79,23.27,22.74,23.0
2025-08-12 04:00:00,23.0,23.21,22.81,23.13
2025-08-12 08:00:00,23.13,23.23,22.76,22.97
2025-08-12 12:00:00,22.98,24.24,22.88,24.2
2025-08-12 16:00:00,24.2,24.61,24.14,24.6
2025-08-12 20:00:00,24.6,24.9,24.54,24.67
2025-08-13 00:00:00,24.67,25.04,24.37,24.98
2025-08-13 04:00:00,24.97,25.14,24.42,24.75
2025-08-13 08:00:00,24.75,25.44,24.74,25.04
2025-08-13 12:00:00,25.04,25.42,24.75,24.99
2025-08-13 16:00:00,25.0,25.38,24.96,25.36
2025-08-13 20:00:00,25.36,25.68,25.22,25.47
2025-08-14 00:00:00,25.47,25.99,25.24,25.92
2025-08-14 04:00:00,25.93,25.96,25.09,25.29
2025-08-14 08:00:00,25.29,25.31,24.74,25.03
2025-08-14 12:00:00,25.03,25.12,23.28,23.88
2025-08-14 16:00:00,23.88,23.92,23.37,23.61
2025-08-14 20:00:00,23.6,23.73,23.18,23.67
2025-08-15 00:00:00,23.66,24.9,23.63,24.88
2025-08-15 04:00:00,24.87,25.66,24.62,25.43
2025-08-15 08:00:00,25.43,25.47,24.57,24.57
2025-08-15 12:00:00,24.58,24.76,23.58,23.71
2025-08-15 16:00:00,23.7,24.24,23.46,23.54
2025-08-15 20:00:00,23.54,24.15,23.46,23.77
2025-08-16 00:00:00,23.76,24.15,23.7,23.89
2025-08-16 04:00:00,23.89,24.0,23.63,24.0
2025-08-16 08:00:00,23.99,24.09,23.57,23.61
2025-08-16 12:00:00,23.61,24.27,23.57,24.21
2025-08-16 16:00:00,24.21,24.29,23.9,24.16
2025-08-16 20:00:00,24.16,24.37,24.13,24.3
2025-08-17 00:00:00,24.3,24.47,24.02,24.43
2025-08-17 04:00:00,24.43,24.76,24.41,24.56
2025-08-17 08:00:00,24.56,24.94,24.49,24.83
2025-08-17 12:00:00,24.84,25.45,24.58,25.42
2025-08-17 16:00:00,25.43,25.68,24.92,25.07
2025-08-17 20:00:00,25.07,25.3,25.0,25.06
2025-08-18 00:00:00,25.07,25.33,23.71,23.96
2025-08-18 04:00:00,23.95,24.15,23.43,23.53
2025-08-18 08:00:00,23.53,23.9,23.36,23.68
2025-08-18 12:00:00,23.68,24.18,23.38,23.77
2025-08-18 16:00:00,23.78,24.01,23.42,23.83
2025-08-18 20:00:00,23.84,24.14,23.57,23.7
2025-08-19 00:00:00,23.7,24.06,23.06,23.11
2025-08-19 04:00:00,23.11,23.31,22.93,23.04
2025-08-19 08:00:00,23.03,23.41,22.86,23.35
2025-08-19 12:00:00,23.34,23.48,22.67,22.78
2025-08-19 16:00:00,22.78,22.86,22.35,22.51
2025-08-19 20:00:00,22.51,22.75,22.31,22.37
2025-08-20 00:00:00,22.36,22.81,22.23,22.7
2025-08-20 04:00:00,22.7,22.99,22.7,22.77
2025-08-20 08:00:00,22.78,23.04,22.55,22.82
2025-08-20 12:00:00,22.82,23.35,22.36,23.1
2025-08-20 16:00:00,23.1,23.54,22.96,23.53
2025-08-20 20:00:00,23.53,23.55,23.33,23.46
2025-08-21 00:00:00,23.45,23.62,23.16,23.4
2025-08-21 04:00:00,23.4,23.52,23.21,23.39
2025-08-21 08:00:00,23.4,23.44,23.01,23.11
2025-08-21 12:00:00,23.11,23.42,22.91,22.93
2025-08-21 16:00:00,22.94,23.11,22.72,22.84
2025-08-21 20:00:00,22.83,23.06,22.72,22.77
2025-08-22 00:00:00,22.78,23.22,22.7,22.89
2025-08-22 04:00:00,22.89,23.15,22.8,23.06
2025-08-22 08:00:00,23.06,23.22,22.58,22.59
2025-08-22 12:00:00,22.59,24.52,22.19,24.26
2025-08-22 16:00:00,24.26,25.2,24.26,25.06
2025-08-22 20:00:00,25.07,25.4,25.04,25.25
2025-08-23 00:00:00,25.26,25.32,24.47,24.95
2025-08-23 04:00:00,24.95,25.58,24.91,25.33
2025-08-23 08:00:00,25.33,26.04,25.2,25.89
2025-08-23 12:00:00,25.89,26.77,25.53,25.64
2025-08-23 16:00:00,25.63,25.99,25.22,25.99
2025-08-23 20:00:00,25.99,26.3,25.71,26.26
2025-08-24 00:00:00,26.26,26.29,25.85,25.92
2025-08-24 04:00:00,25.92,25.99,25.45,25.45
2025-08-24 08:00:00,25.45,25.59,24.92,25.06
2025-08-24 12:00:00,25.05,25.91,25.02,25.52
2025-08-24 16:00:00,25.52,26.57,25.24,25.8
2025-08-24 20:00:00,25.8,26.09,25.18,25.83
2025-08-25 00:00:00,25.83,26.0,25.16,25.49
2025-08-25 04:00:00,25.5,25.56,24.17,24.29
2025-08-25 08:00:00,24.28,24.45,23.98,24.27
2025-08-25 12:00:00,24.27,24.56,24.06,24.18
2025-08-25 16:00:00,24.19,24.36,23.5,23.55
2025-08-25 20:00:00,23.55,23.66,23.03,23.35
2025-08-26 00:00:00,23.35,23.67,23.09,23.32
2025-08-26 04:00:00,23.32,23.58,23.11,23.29
2025-08-26 08:00:00,23.29,23.58,23.2,23.41
2025-08-26 12:00:00,23.42,23.97,23.16,23.69
2025-08-26 16:00:00,23.69,24.3,23.63,24.22
2025-08-26 20:00:00,24.22,24.35,24.01,24.17
2025-08-27 00:00:00,24.17,24.52,23.86,24.44
2025-08-27 04:00:00,24.44,24.62,24.15,24.32
2025-08-27 08:00:00,24.32,24.58,24.23,24.51
2025-08-27 12:00:00,24.5,25.33,24.46,24.98
2025-08-27 16:00:00,24.99,25.21,24.52,24.67
2025-08-27 20:00:00,24.68,25.07,24.36,24.42
2025-08-28 00:00:00,24.42,24.76,24.24,24.68
2025-08-28 04:00:00,24.69,24.88,24.53,24.71
2025-08-28 08:00:00,24.72,24.97,24.39,24.5
2025-08-28 12:00:00,24.5,25.08,24.4,24.6
2025-08-28 16:00:00,24.6,24.71,24.15,24.16
2025-08-28 20:00:00,24.16,24.94,24.13,24.93
2025-08-29 00:00:00,24.93,25.2,24.62,25.1
2025-08-29 04:00:00,25.11,25.19,24.06,24.15
2025-08-29 08:00:00,24.15,24.23,23.5,23.76
2025-08-29 12:00:00,23.75,24.46,23.39,23.53
2025-08-29 16:00:00,23.53,23.68,23.2,23.47
2025-08-29 20:00:00,23.47,23.62,23.22,23.55
2025-08-30 00:00:00,23.54,23.72,23.1,23.53
2025-08-30 04:00:00,23.54,23.88,23.53,23.81
2025-08-30 08:00:00,23.82,23.82,23.52,23.76
2025-08-30 12:00:00,23.76,23.92,23.37,23.92
2025-08-30 16:00:00,23.92,23.94,23.61,23.74
2025-08-30 20:00:00,23.75,23.82,23.58,23.78
2025-08-31 00:00:00,23.78,24.07,23.77,24.03
2025-08-31 04:00:00,24.03,24.04,23.79,23.87
2025-08-31 08:00:00,23.87,24.2,23.82,24.03
2025-08-31 12:00:00,24.03,24.13,23.84,24.05
2025-08-31 16:00:00,24.05,24.06,23.79,23.81
2025-08-31 20:00:00,23.81,23.94,23.38,23.4
2025-09-01 00:00:00,23.4,23.51,23.05,23.17
2025-09-01 04:00:00,23.16,23.8,22.86,23.78
2025-09-01 08:00:00,23.79,24.33,23.69,23.76
2025-09-01 12:00:00,23.77,23.97,23.59,23.66
2025-09-01 16:00:00,23.67,23.85,23.38,23.56
2025-09-01 20:00:00,23.57,23.57,22.67,23.21
2025-09-02 00:00:00,23.22,23.76,23.02,23.68
2025-09-02 04:00:00,23.69,24.1,23.6,23.89
2025-09-02 08:00:00,23.89,24.28,23.82,23.99
2025-09-02 12:00:00,24.0,24.24,23.51,23.62
2025-09-02 16:00:00,23.61,24.01,23.6,23.84
2025-09-02 20:00:00,23.85,24.5,23.8,24.46
2025-09-03 00:00:00,24.47,24.69,24.27,24.39
2025-09-03 04:00:00,24.39,24.79,24.3,24.75
2025-09-03 08:00:00,24.74,25.78,24.74,25.0
2025-09-03 12:00:00,25.0,25.49,24.88,25.45
2025-09-03 16:00:00,25.46,25.6,25.15,25.36
2025-09-03 20:00:00,25.36,25.38,25.14,25.2
2025-09-04 00:00:00,25.21,25.28,25.03,25.14
2025-09-04 04:00:00,25.14,25.23,24.66,24.77
2025-09-04 08:00:00,24.76,24.97,24.59,24.6
2025-09-04 12:00:00,24.61,24.86,24.55,24.74
2025-09-04 16:00:00,24.73,24.79,24.18,24.23
2025-09-04 20:00:00,24.22,24.59,24.19,24.21
2025-09-05 00:00:00,24.21,24.35,23.86,24.34
2025-09-05 04:00:00,24.35,24.89,24.22,24.85
2025-09-05 08:00:00,24.85,24.89,24.59,24.76
2025-09-05 12:00:00,24.77,25.11,24.15,24.31
2025-09-05 16:00:00,24.31,24.47,24.18,24.42
2025-09-05 20:00:00,24.42,24.58,24.21,24.47
2025-09-06 00:00:00,24.48,24.54,24.3,24.41
2025-09-06 04:00:00,24.42,24.42,24.21,24.26
2025-09-06 08:00:00,24.26,24.28,24.09,24.16
2025-09-06 12:00:00,24.15,24.41,24.12,24.22
2025-09-06 16:00:00,24.22,24.62,24.19,24.33
2025-09-06 20:00:00,24.32,24.48,24.32,24.38
2025-09-07 00:00:00,24.37,24.68,24.33,24.57
2025-09-07 04:00:00,24.57,24.73,24.48,24.54
2025-09-07 08:00:00,24.55,24.72,24.38,24.49
2025-09-07 12:00:00,24.49,24.69,24.38,24.61
2025-09-07 16:00:00,24.61,24.63,24.26,24.53
2025-09-07 20:00:00,24.53,24.95,24.46,24.68
2025-09-08 00:00:00,24.69,25.02,24.53,24.86
2025-09-08 04:00:00,24.87,25.03,24.62,24.88
2025-09-08 08:00:00,24.88,25.42,24.88,25.16
2025-09-08 12:00:00,25.16,25.8,25.05,25.73
2025-09-08 16:00:00,25.72,25.78,25.33,25.36
2025-09-08 20:00:00,25.36,25.48,25.19,25.29
2025-09-09 00:00:00,25.29,25.44,24.9,25.16
2025-09-09 04:00:00,25.16,26.14,25.04,25.9
2025-09-09 08:00:00,25.9,26.25,25.85,25.98
2025-09-09 12:00:00,25.98,26.36,25.61,25.94
2025-09-09 16:00:00,25.94,26.16,25.81,25.9
2025-09-09 20:00:00,25.9,26.06,25.81,25.93
2025-09-10 00:00:00,25.94,26.3,25.75,26.23
2025-09-10 04:00:00,26.22,27.12,26.14,26.93
2025-09-10 08:00:00,26.92,26.99,26.38,26.89
2025-09-10 12:00:00,26.89,28.97,26.89,28.66
2025-09-10 16:00:00,28.67,29.17,28.39,28.53
2025-09-10 20:00:00,28.54,29.52,28.48,29.48
2025-09-11 00:00:00,29.47,29.49,28.81,29.41
2025-09-11 04:00:00,29.4,29.99,28.54,28.77
2025-09-11 08:00:00,28.78,29.16,28.71,28.96
2025-09-11 12:00:00,28.96,29.2,28.3,28.94
2025-09-11 16:00:00,28.95,29.12,28.83,28.98
2025-09-11 20:00:00,28.98,29.23,28.72,29.15
2025-09-12 00:00:00,29.14,29.4,28.72,28.79
2025-09-12 04:00:00,28.78,29.08,28.43,28.68
2025-09-12 08:00:00,28.68,28.68,28.32,28.34
2025-09-12 12:00:00,28.35,28.83,28.25,28.55
2025-09-12 16:00:00,28.55,28.68,28.42,28.63
2025-09-12 20:00:00,28.63,29.0,28.51,28.99
2025-09-13 00:00:00,28.98,30.32,28.74,30.24
2025-09-13 04:00:00,30.25,31.25,30.1,30.85
2025-09-13 08:00:00,30.86,31.12,29.98,30.47
2025-09-13 12:00:00,30.47,30.51,29.69,29.83
2025-09-13 16:00:00,29.83,29.95,29.27,29.62
2025-09-13 20:00:00,29.62,30.1,29.61,30.08
2025-09-14 00:00:00,30.08,30.22,29.73,29.77
2025-09-14 04:00:00,29.77,30.64,29.62,29.96
2025-09-14 08:00:00,29.96,30.37,29.62,29.67
2025-09-14 12:00:00,29.67,29.88,28.96,29.13
2025-09-14 16:00:00,29.12,29.81,29.06,29.61
2025-09-14 20:00:00,29.6,30.41,29.33,29.44
2025-09-15 00:00:00,29.44,29.79,29.22,29.63
2025-09-15 04:00:00,29.64,30.3,29.05,29.19
2025-09-15 08:00:00,29.18,29.18,28.22,28.84
2025-09-15 12:00:00,28.84,29.02,28.31,28.49
2025-09-15 16:00:00,28.49,29.25,28.29,29.12
2025-09-15 20:00:00,29.12,30.45,29.08,29.81
2025-09-16 00:00:00,29.81,29.9,29.31,29.34
2025-09-16 04:00:00,29.35,30.68,29.17,30.63
2025-09-16 08:00:00,30.62,31.0,30.36,30.44
2025-09-16 12:00:00,30.45,30.58,29.67,30.13
2025-09-16 16:00:00,30.13,30.45,29.9,29.98
2025-09-16 20:00:00,29.98,30.21,29.9,30.08
2025-09-17 00:00:00,30.07,30.22,29.72,29.72
2025-09-17 04:00:00,29.72,30.26,29.53,30.13
2025-09-17 08:00:00,30.12,30.16,29.82,29.91
2025-09-17 12:00:00,29.92,30.01,29.38,29.52
2025-09-17 16:00:00,29.51,30.34,29.4,30.06
2025-09-17 20:00:00,30.06,32.0,29.75,31.82
2025-09-18 00:00:00,31.82,33.04,31.63,32.91
2025-09-18 04:00:00,32.9,33.29,32.39,32.81
2025-09-18 08:00:00,32.8,33.15,32.66,32.78
2025-09-18 12:00:00,32.77,33.5,32.71,33.14
2025-09-18 16:00:00,33.14,34.95,33.1,34.71
2025-09-18 20:00:00,34.71,35.43,34.6,35.19
2025-09-19 00:00:00,35.19,35.81,34.7,34.77
2025-09-19 04:00:00,34.77,34.89,33.9,34.44
2025-09-19 08:00:00,34.43,34.63,33.78,33.97
2025-09-19 12:00:00,33.97,34.31,33.51,33.95
2025-09-19 16:00:00,33.95,34.4,33.76,33.8
2025-09-19 20:00:00,33.81,33.98,33.34,33.75
2025-09-20 00:00:00,33.74,34.11,33.48,33.66
2025-09-20 04:00:00,33.66,34.06,33.64,33.94
2025-09-20 08:00:00,33.93,33.95,32.86,33.09
2025-09-20 12:00:00,33.08,34.03,32.9,33.61
2025-09-20 16:00:00,33.62,33.78,33.0,33.27
2025-09-20 20:00:00,33.27,33.45,33.09,33.17
2025-09-21 00:00:00,33.17,33.3,32.79,33.28
2025-09-21 04:00:00,33.29,33.31,32.87,32.97
2025-09-21 08:00:00,32.96,33.61,32.58,32.86
2025-09-21 12:00:00,32.87,33.15,32.82,33.05
2025-09-21 16:00:00,33.05,33.29,32.62,33.23
2025-09-21 20:00:00,33.23,33.31,32.97,33.04
2025-09-22 00:00:00,33.05,33.13,31.28,31.8
2025-09-22 04:00:00,31.81,31.94,29.41,30.54
2025-09-22 08:00:00,30.54,31.48,30.46,31.1
2025-09-22 12:00:00,31.11,32.05,31.03,31.95
2025-09-22 16:00:00,31.96,32.17,31.35,31.36
2025-09-22 20:00:00,31.36,33.98,31.32,33.86
2025-09-23 00:00:00,33.87,35.76,32.75,34.94
2025-09-23 04:00:00,34.93,35.59,34.0,34.97
2025-09-23 08:00:00,34.96,35.53,34.26,34.44
2025-09-23 12:00:00,34.45,36.16,34.06,35.14
2025-09-23 16:00:00,35.15,35.26,33.65,33.79
2025-09-23 20:00:00,33.78,34.0,33.43,33.61
2025-09-24 00:00:00,33.6,34.81,33.21,33.25
2025-09-24 04:00:00,33.25,34.5,32.92,34.13
2025-09-24 08:00:00,34.14,34.43,34.0,34.15
2025-09-24 12:00:00,34.15,34.75,34.11,34.49
2025-09-24 16:00:00,34.49,34.85,34.2,34.23
2025-09-24 20:00:00,34.23,34.28,32.26,32.31
2025-09-25 00:00:00,32.31,32.8,31.7,31.84
2025-09-25 04:00:00,31.84,31.84,30.68,30.72
2025-09-25 08:00:00,30.72,31.14,30.43,30.6
2025-09-25 12:00:00,30.6,30.75,30.05,30.25
2025-09-25 16:00:00,30.26,30.27,28.83,29.48
2025-09-25 20:00:00,29.49,29.52,28.51,28.64
2025-09-26 00:00:00,28.63,29.07,27.92,28.26
2025-09-26 04:00:00,28.26,28.49,27.59,28.28
2025-09-26 08:00:00,28.28,28.58,27.41,27.57
2025-09-26 12:00:00,27.57,27.91,27.07,27.89
2025-09-26 16:00:00,27.9,29.6,27.82,28.71
2025-09-26 20:00:00,28.72,29.13,28.59,29.09
2025-09-27 00:00:00,29.1,29.11,28.65,28.76
2025-09-27 04:00:00,28.75,28.97,28.61,28.68
2025-09-27 08:00:00,28.68,28.68,28.29,28.35
2025-09-27 12:00:00,28.36,28.86,28.23,28.68
2025-09-27 16:00:00,28.69,28.79,28.4,28.77
2025-09-27 20:00:00,28.77,28.98,28.6,28.74
2025-09-28 00:00:00,28.75,28.9,28.19,28.26
2025-09-28 04:00:00,28.27,28.43,28.08,28.39
2025-09-28 08:00:00,28.38,28.78,28.04,28.12
2025-09-28 12:00:00,28.12,28.94,27.92,28.83
2025-09-28 16:00:00,28.83,29.13,28.81,29.01
2025-09-28 20:00:00,29.0,30.3,28.94,30.01
2025-09-29 00:00:00,30.01,30.25,29.42,29.76
2025-09-29 04:00:00,29.76,29.83,29.24,29.58
2025-09-29 08:00:00,29.58,30.04,29.13,29.69
2025-09-29 12:00:00,29.69,30.54,29.16,30.46
2025-09-29 16:00:00,30.46,30.71,30.03,30.48
2025-09-29 20:00:00,30.48,30.82,30.35,30.41
2025-09-30 00:00:00,30.41,30.72,29.84,29.88
2025-09-30 04:00:00,29.88,29.95,29.43,29.52
2025-09-30 08:00:00,29.51,29.76,29.2,29.44
2025-09-30 12:00:00,29.43,29.48,28.83,29.08
2025-09-30 16:00:00,29.07,30.09,28.81,30.01
2025-09-30 20:00:00,30.01,30.38,29.77,30.01
2025-10-01 00:00:00,30.02,30.24,29.62,29.65
2025-10-01 04:00:00,29.64,30.1,29.61,30.01
2025-10-01 08:00:00,30.01,31.1,30.0,30.8
2025-10-01 12:00:00,30.8,30.84,30.36,30.59
2025-10-01 16:00:00,30.58,30.73,30.46,30.61
2025-10-01 20:00:00,30.6,30.74,30.44,30.73
2025-10-02 00:00:00,30.74,31.38,30.45,30.86
2025-10-02 04:00:00,30.86,30.96,30.58,30.59
2025-10-02 08:00:00,30.59,30.66,30.42,30.52
2025-10-02 12:00:00,30.52,30.75,29.48,30.01
2025-10-02 16:00:00,30.02,31.15,29.94,31.01
2025-10-02 20:00:00,31.02,31.25,30.81,30.98
2025-10-03 00:00:00,30.97,31.02,30.46,30.76
2025-10-03 04:00:00,30.75,30.92,30.08,30.18
2025-10-03 08:00:00,30.18,30.5,29.99,30.16
2025-10-03 12:00:00,30.15,31.26,30.03,31.24
2025-10-03 16:00:00,31.24,31.57,30.49,31.18
2025-10-03 20:00:00,31.17,31.49,31.12,31.31
2025-10-04 00:00:00,31.32,31.44,31.06,31.23
2025-10-04 04:00:00,31.22,31.39,30.78,30.81
2025-10-04 08:00:00,30.81,30.82,30.25,30.33
2025-10-04 12:00:00,30.32,30.55,29.85,29.93
2025-10-04 16:00:00,29.93,30.1,29.87,30.04
2025-10-04 20:00:00,30.04,30.3,30.02,30.12
2025-10-05 00:00:00,30.12,30.69,29.82,30.48
2025-10-05 04:00:00,30.47,31.09,30.36,31.08
2025-10-05 08:00:00,31.08,31.21,30.06,30.33
2025-10-05 12:00:00,30.33,30.35,29.97,30.24
2025-10-05 16:00:00,30.24,30.31,29.67,29.71
2025-10-05 20:00:00,29.7,30.11,29.63,30.07
2025-10-06 00:00:00,30.07,30.39,29.94,30.25
2025-10-06 04:00:00,30.25,30.47,30.12,30.3
2025-10-06 08:00:00,30.3,30.8,30.3,30.5
2025-10-06 12:00:00,30.5,30.98,30.42,30.83
2025-10-06 16:00:00,30.83,31.03,30.63,30.84
2025-10-06 20:00:00,30.84,30.94,30.52,30.61
2025-10-07 00:00:00,30.61,30.73,30.3,30.34
2025-10-07 04:00:00,30.34,30.59,30.04,30.1
2025-10-07 08:00:00,30.1,30.11,29.52,30.02
2025-10-07 12:00:00,30.02,30.02,28.43,28.54
2025-10-07 16:00:00,28.54,28.77,28.08,28.1
2025-10-07 20:00:00,28.1,28.43,27.81,27.93
2025-10-08 00:00:00,27.92,28.36,27.87,27.97
2025-10-08 04:00:00,27.97,28.3,27.84,28.29
2025-10-08 08:00:00,28.3,28.49,28.16,28.3
2025-10-08 12:00:00,28.3,28.75,28.2,28.3
2025-10-08 16:00:00,28.29,29.63,28.24,29.2
2025-10-08 20:00:00,29.19,29.26,28.77,28.82
2025-10-09 00:00:00,28.82,28.9,28.1,28.4
2025-10-09 04:00:00,28.41,28.57,28.28,28.36
2025-10-09 08:00:00,28.36,28.46,27.96,28.31
2025-10-09 12:00:00,28.3,28.72,27.83,27.97
2025-10-09 16:00:00,27.97,28.19,27.58,28.08
2025-10-09 20:00:00,28.07,28.46,27.96,28.38
2025-10-10 00:00:00,28.38,28.57,28.26,28.36
2025-10-10 04:00:00,28.36,28.62,28.19,28.21
2025-10-10 08:00:00,28.21,28.41,28.03,28.26
2025-10-10 12:00:00,28.26,28.49,26.61,26.99
2025-10-10 16:00:00,26.99,27.12,26.05,26.44
2025-10-10 20:00:00,26.44,27.8,8.52,20.68
2025-10-11 00:00:00,20.67,22.87,20.27,21.94
2025-10-11 04:00:00,21.95,22.67,21.73,22.2
2025-10-11 08:00:00,22.21,23.38,22.11,22.68
2025-10-11 12:00:00,22.68,22.97,21.99,22.81
2025-10-11 16:00:00,22.82,23.15,21.78,21.9
2025-10-11 20:00:00,21.9,21.96,20.92,21.46
2025-10-12 00:00:00,21.45,21.48,20.66,21.02
2025-10-12 04:00:00,21.03,21.57,21.0,21.37
2025-10-12 08:00:00,21.37,21.46,20.92,21.1
2025-10-12 12:00:00,21.09,22.56,20.77,22.37
2025-10-12 16:00:00,22.36,23.13,22.3,23.02
2025-10-12 20:00:00,23.03,23.34,22.26,22.51
2025-10-13 00:00:00,22.5,22.59,21.87,22.23
2025-10-13 04:00:00,22.24,22.89,22.13,22.7
2025-10-13 08:00:00,22.71,23.05,21.68,22.19
2025-10-13 12:00:00,22.19,22.95,22.03,22.79
2025-10-13 16:00:00,22.8,24.07,22.64,23.85
2025-10-13 20:00:00,23.85,24.05,23.7,23.8
2025-10-14 00:00:00,23.8,23.9,23.18,23.34
2025-10-14 04:00:00,23.34,23.37,22.0,22.14
2025-10-14 08:00:00,22.14,22.76,21.95,22.42
2025-10-14 12:00:00,22.42,22.84,21.81,22.8
2025-10-14 16:00:00,22.8,23.14,22.34,22.56
2025-10-14 20:00:00,22.57,22.84,22.47,22.74
2025-10-15 00:00:00,22.73,22.91,22.37,22.47
2025-10-15 04:00:00,22.48,23.0,22.4,22.98
2025-10-15 08:00:00,22.97,23.29,22.41,22.56
2025-10-15 12:00:00,22.57,22.59,21.77,21.93
2025-10-15 16:00:00,21.93,22.17,21.6,21.99
2025-10-15 20:00:00,22.0,22.09,21.56,21.9
2025-10-16 00:00:00,21.9,22.14,21.79,21.93
2025-10-16 04:00:00,21.93,22.1,21.7,21.88
2025-10-16 08:00:00,21.87,22.32,21.0,22.25
2025-10-16 12:00:00,22.26,22.39,21.04,21.15
2025-10-16 16:00:00,21.14,21.52,20.58,20.78
2025-10-16 20:00:00,20.79,21.02,20.59,20.98
2025-10-17 00:00:00,20.97,21.27,20.85,20.97
2025-10-17 04:00:00,20.97,20.98,19.35,19.4
2025-10-17 08:00:00,19.4,20.03,19.03,19.82
2025-10-17 12:00:00,19.82,19.99,19.4,19.94
2025-10-17 16:00:00,19.94,20.25,19.81,19.93
2025-10-17 20:00:00,19.93,20.32,19.88,19.96
2025-10-18 00:00:00,19.95,20.21,19.89,20.04
2025-10-18 04:00:00,20.04,20.42,19.86,20.17
2025-10-18 08:00:00,20.17,20.35,20.1,20.21
2025-10-18 12:00:00,20.22,20.31,19.86,20.03
2025-10-18 16:00:00,20.03,20.19,19.82,20.17
2025-10-18 20:00:00,20.16,20.28,20.09,20.21
2025-10-19 00:00:00,20.22,20.29,19.99,20.28
2025-10-19 04:00:00,20.28,20.29,19.87,19.96
2025-10-19 08:00:00,19.95,20.61,19.75,20.4
2025-10-19 12:00:00,20.4,20.84,20.3,20.74
2025-10-19 16:00:00,20.74,20.84,20.54,20.73
2025-10-19 20:00:00,20.72,20.82,20.57,20.59
2025-10-20 00:00:00,20.59,21.08,20.17,21.02
2025-10-20 04:00:00,21.02,21.21,20.84,20.92
2025-10-20 08:00:00,20.92,20.95,20.61,20.78
2025-10-20 12:00:00,20.78,20.88,20.55,20.61
2025-10-20 16:00:00,20.61,20.61,20.24,20.53
2025-10-20 20:00:00,20.52,20.63,20.33,20.34
2025-10-21 00:00:00,20.34,20.37,19.82,19.85
2025-10-21 04:00:00,19.85,19.85,19.46,19.78
2025-10-21 08:00:00,19.78,20.03,19.6,19.99
2025-10-21 12:00:00,19.99,20.85,19.81,20.76
2025-10-21 16:00:00,20.77,20.84,20.23,20.4
2025-10-21 20:00:00,20.4,20.42,19.48,19.54
2025-10-22 00:00:00,19.54,19.66,19.34,19.46
2025-10-22 04:00:00,19.45,19.65,19.29,19.56
2025-10-22 08:00:00,19.56,19.69,19.12,19.59
2025-10-22 12:00:00,19.59,19.71,19.25,19.54
2025-10-22 16:00:00,19.53,19.59,18.84,19.08
2025-10-22 20:00:00,19.08,19.13,18.42,19.02
2025-10-23 00:00:00,19.02,19.21,18.98,19.12
2025-10-23 04:00:00,19.12,19.58,19.09,19.55
2025-10-23 08:00:00,19.55,19.62,19.39,19.42
2025-10-23 12:00:00,19.41,19.62,19.25,19.54
2025-10-23 16:00:00,19.55,19.74,19.36,19.38
2025-10-23 20:00:00,19.38,19.38,18.98,19.14
2025-10-24 00:00:00,19.13,19.28,19.02,19.23
2025-10-24 04:00:00,19.22,19.66,19.17,19.49
2025-10-24 08:00:00,19.5,19.67,19.37,19.5
2025-10-24 12:00:00,19.5,19.96,19.23,19.26
2025-10-24 16:00:00,19.27,19.57,19.12,19.51
2025-10-24 20:00:00,19.51,19.65,19.47,19.49
2025-10-25 00:00:00,19.49,19.52,19.32,19.34
2025-10-25 04:00:00,19.34,19.46,19.29,19.36
2025-10-25 08:00:00,19.36,19.45,19.24,19.33
2025-10-25 12:00:00,19.34,19.57,19.32,19.53
2025-10-25 16:00:00,19.53,19.83,19.45,19.74
2025-10-25 20:00:00,19.74,19.77,19.64,19.71
2025-10-26 00:00:00,19.72,19.81,19.34,19.39
2025-10-26 04:00:00,19.38,19.72,19.36,19.7
2025-10-26 08:00:00,19.71,20.4,19.71,20.37
2025-10-26 12:00:00,20.37,20.67,20.27,20.41
2025-10-26 16:00:00,20.41,20.42,20.21,20.31
2025-10-26 20:00:00,20.3,20.96,20.1,20.82
2025-10-27 00:00:00,20.83,21.04,20.73,20.8
2025-10-27 04:00:00,20.81,21.1,20.67,20.81
2025-10-27 08:00:00,20.81,20.9,20.43,20.57
2025-10-27 12:00:00,20.57,20.57,20.24,20.46
2025-10-27 16:00:00,20.45,20.79,20.45,20.6
2025-10-27 20:00:00,20.6,20.65,20.17,20.33
2025-10-28 00:00:00,20.33,20.48,20.16,20.22
2025-10-28 04:00:00,20.22,20.5,19.99,20.31
2025-10-28 08:00:00,20.31,20.52,20.16,20.18
2025-10-28 12:00:00,20.19,20.49,19.77,20.01
2025-10-28 16:00:00,20.0,20.19,19.57,19.64
2025-10-28 20:00:00,19.64,19.64,19.13,19.47
2025-10-29 00:00:00,19.47,19.56,19.36,19.47
2025-10-29 04:00:00,19.46,19.64,19.45,19.6
2025-10-29 08:00:00,19.6,19.77,19.43,19.74
2025-10-29 12:00:00,19.73,19.85,19.34,19.44
2025-10-29 16:00:00,19.44,20.2,19.31,19.94
2025-10-29 20:00:00,19.95,20.16,19.55,19.66
2025-10-30 00:00:00,19.66,19.97,19.52,19.84
2025-10-30 04:00:00,19.84,19.88,19.06,19.83
2025-10-30 08:00:00,19.84,19.89,19.21,19.24
2025-10-30 12:00:00,19.25,19.26,18.14,18.23
2025-10-30 16:00:00,18.24,18.34,17.51,17.59
2025-10-30 20:00:00,17.58,18.16,17.54,18.11
2025-10-31 00:00:00,18.12,18.41,18.05,18.26
2025-10-31 04:00:00,18.27,18.48,18.23,18.25
2025-10-31 08:00:00,18.26,18.53,18.2,18.5
2025-10-31 12:00:00,18.5,18.58,18.25,18.27
2025-10-31 16:00:00,18.26,18.38,17.78,18.28
2025-10-31 20:00:00,18.27,18.28,18.05,18.19
2025-11-01 00:00:00,18.19,18.45,18.07,18.41
2025-11-01 04:00:00,18.42,18.52,18.29,18.51
2025-11-01 08:00:00,18.51,18.71,18.45,18.66
2025-11-01 12:00:00,18.66,18.74,18.41,18.63
2025-11-01 16:00:00,18.64,18.74,18.56,18.64
2025-11-01 20:00:00,18.64,18.73,18.5,18.73
2025-11-02 00:00:00,18.72,18.81,18.62,18.69
2025-11-02 04:00:00,18.68,19.01,18.66,18.96
2025-11-02 08:00:00,18.96,18.99,18.59,18.83
2025-11-02 12:00:00,18.83,18.85,18.19,18.28
2025-11-02 16:00:00,18.27,18.33,18.1,18.16
2025-11-02 20:00:00,18.17,18.91,18.1,18.8
2025-11-03 00:00:00,18.81,18.91,17.51,17.54
2025-11-03 04:00:00,17.54,17.78,17.16,17.48
2025-11-03 08:00:00,17.48,17.64,17.2,17.48
2025-11-03 12:00:00,17.49,17.69,15.91,16.36
2025-11-03 16:00:00,16.36,17.1,16.28,16.78
2025-11-03 20:00:00,16.79,16.82,16.42,16.65
2025-11-04 00:00:00,16.66,17.0,16.47,16.91
2025-11-04 04:00:00,16.91,17.01,15.97,16.15
2025-11-04 08:00:00,16.15,16.81,16.08,16.72
2025-11-04 12:00:00,16.71,16.85,16.32,16.42
2025-11-04 16:00:00,16.41,16.48,15.31,15.59
2025-11-04 20:00:00,15.6,16.2,15.0,15.98
2025-11-05 00:00:00,15.98,16.48,15.29,16.44
2025-11-05 04:00:00,16.43,16.63,16.32,16.55
2025-11-05 08:00:00,16.54,16.59,16.22,16.56
2025-11-05 12:00:00,16.56,16.82,16.47,16.76
2025-11-05 16:00:00,16.77,16.99,16.58,16.78
2025-11-05 20:00:00,16.77,16.85,16.56,16.61
2025-11-06 00:00:00,16.61,16.7,16.37,16.64
2025-11-06 04:00:00,16.64,16.73,16.22,16.29
2025-11-06 08:00:00,16.28,16.44,16.2,16.29
2025-11-06 12:00:00,16.29,16.42,15.77,15.85
2025-11-06 16:00:00,15.85,16.18,15.61,16.13
2025-11-06 20:00:00,16.13,16.21,15.9,16.13
2025-11-07 00:00:00,16.13,16.52,16.05,16.46
2025-11-07 04:00:00,16.46,16.94,16.33,16.92
2025-11-07 08:00:00,16.91,17.03,16.27,16.46
2025-11-07 12:00:00,16.46,16.89,16.08,16.81
2025-11-07 16:00:00,16.82,17.96,16.74,17.82
2025-11-07 20:00:00,17.82,18.07,17.65,17.74
2025-11-08 00:00:00,17.75,18.41,17.67,17.84
2025-11-08 04:00:00,17.84,18.08,17.56,17.87
2025-11-08 08:00:00,17.86,17.99,17.66,17.79
2025-11-08 12:00:00,17.79,17.79,17.09,17.13
2025-11-08 16:00:00,17.14,17.38,17.02,17.29
2025-11-08 20:00:00,17.29,17.5,17.24,17.5
2025-11-09 00:00:00,17.5,17.52,16.81,16.89
2025-11-09 04:00:00,16.89,17.14,16.88,17.13
2025-11-09 08:00:00,17.13,17.36,16.89,17.28
2025-11-09 12:00:00,17.28,17.89,17.24,17.69
2025-11-09 16:00:00,17.7,17.9,17.45,17.89
2025-11-09 20:00:00,17.89,17.91,17.59,17.77
2025-11-10 00:00:00,17.77,18.12,17.64,17.99
2025-11-10 04:00:00,17.99,18.13,17.88,18.0
2025-11-10 08:00:00,18.01,18.31,17.79,18.09
2025-11-10 12:00:00,18.1,18.35,17.81,17.93
2025-11-10 16:00:00,17.94,18.14,17.7,18.01
2025-11-10 20:00:00,18.0,18.36,17.81,18.18
2025-11-11 00:00:00,18.19,18.61,17.98,18.36
2025-11-11 04:00:00,18.36,18.37,17.53,17.56
2025-11-11 08:00:00,17.57,17.88,17.49,17.79
2025-11-11 12:00:00,17.8,17.9,17.56,17.63
2025-11-11 16:00:00,17.63,17.73,17.24,17.27
2025-11-11 20:00:00,17.26,17.29,16.97,17.0
2025-11-12 00:00:00,17.01,17.16,16.91,17.12
2025-11-12 04:00:00,17.12,17.47,17.06,17.14
2025-11-12 08:00:00,17.15,17.65,17.15,17.56
2025-11-12 12:00:00,17.56,17.77,16.98,17.04
2025-11-12 16:00:00,17.04,17.08,16.64,16.79
2025-11-12 20:00:00,16.8,16.99,16.75,16.82
2025-11-13 00:00:00,16.81,17.65,16.8,17.44
2025-11-13 04:00:00,17.44,17.69,17.28,17.39
2025-11-13 08:00:00,17.4,17.53,17.22,17.27
2025-11-13 12:00:00,17.27,17.43,16.88,16.96
2025-11-13 16:00:00,16.96,17.04,15.92,15.99
2025-11-13 20:00:00,15.98,16.33,15.76,16.1
2025-11-14 00:00:00,16.1,16.18,15.88,15.93
2025-11-14 04:00:00,15.92,16.08,15.36,15.92
2025-11-14 08:00:00,15.93,15.94,15.31,15.39
2025-11-14 12:00:00,15.39,15.67,15.08,15.51
2025-11-14 16:00:00,15.52,15.73,15.32,15.66
2025-11-14 20:00:00,15.66,15.66,14.84,15.13
2025-11-15 00:00:00,15.13,15.61,15.11,15.6
2025-11-15 04:00:00,15.6,15.73,15.52,15.63
2025-11-15 08:00:00,15.64,15.64,15.33,15.46
2025-11-15 12:00:00,15.45,15.69,15.42,15.62
2025-11-15 16:00:00,15.62,15.79,15.49,15.69
2025-11-15 20:00:00,15.7,15.72,15.45,15.53
2025-11-16 00:00:00,15.52,15.72,15.27,15.7
2025-11-16 04:00:00,15.69,15.78,15.58,15.75
2025-11-16 08:00:00,15.75,15.86,15.42,15.44
2025-11-16 12:00:00,15.45,15.57,15.06,15.09
2025-11-16 16:00:00,15.08,15.2,14.62,14.95
2025-11-16 20:00:00,14.95,15.26,14.72,15.15
2025-11-17 00:00:00,15.14,15.69,14.97,15.54
2025-11-17 04:00:00,15.55,15.78,15.51,15.63
2025-11-17 08:00:00,15.64,15.72,15.59,15.61
2025-11-17 12:00:00,15.62,15.85,15.11,15.25
2025-11-17 16:00:00,15.25,15.37,14.3,14.38
2025-11-17 20:00:00,14.37,14.72,14.26,14.53
2025-11-18 00:00:00,14.53,14.57,14.03,14.48
2025-11-18 04:00:00,14.49,14.69,14.33,14.54
2025-11-18 08:00:00,14.54,14.73,14.53,14.59
2025-11-18 12:00:00,14.59,14.82,14.36,14.73
2025-11-18 16:00:00,14.74,14.93,14.68,14.74
2025-11-18 20:00:00,14.74,14.79,14.5,14.58
2025-11-19 00:00:00,14.59,14.7,14.39,14.43
2025-11-19 04:00:00,14.44,14.47,13.95,14.36
2025-11-19 08:00:00,14.36,14.6,14.25,14.45
2025-11-19 12:00:00,14.45,14.59,14.03,14.07
2025-11-19 16:00:00,14.06,14.15,13.71,13.78
2025-11-19 20:00:00,13.78,14.34,13.74,14.28
2025-11-20 00:00:00,14.28,14.4,14.22,14.34
2025-11-20 04:00:00,14.34,14.45,14.23,14.37
2025-11-20 08:00:00,14.36,14.41,14.22,14.41
2025-11-20 12:00:00,14.41,14.53,14.2,14.23
2025-11-20 16:00:00,14.23,14.24,13.5,13.77
2025-11-20 20:00:00,13.77,13.98,13.64,13.81
2025-11-21 00:00:00,13.81,13.99,13.68,13.77
2025-11-21 04:00:00,13.77,13.79,12.57,13.19
2025-11-21 08:00:00,13.19,13.43,12.86,12.92
2025-11-21 12:00:00,12.93,13.32,12.64,13.0
2025-11-21 16:00:00,13.0,13.46,12.84,13.29
2025-11-21 20:00:00,13.29,13.37,13.18,13.28
2025-11-22 00:00:00,13.29,13.32,13.25,13.28
2025-11-22 04:00:00,13.28,13.33,13.22,13.29
2025-11-22 08:00:00,13.29,13.34,13.16,13.28
2025-11-22 12:00:00,13.27,13.28,13.03,13.19
2025-11-22 16:00:00,13.18,13.28,13.17,13.23
2025-11-22 20:00:00,13.24,13.39,13.19,13.23
2025-11-23 00:00:00,13.24,13.39,13.21,13.35
2025-11-23 04:00:00,13.35,13.44,13.23,13.29
2025-11-23 08:00:00,13.3,13.38,13.23,13.3
2025-11-23 12:00:00,13.29,13.43,13.27,13.41
2025-11-23 16:00:00,13.42,13.44,13.27,13.38
2025-11-23 20:00:00,13.37,13.47,13.27,13.27
2025-11-24 00:00:00,13.28,13.5,13.16,13.45
2025-11-24 04:00:00,13.46,13.59,13.29,13.44
2025-11-24 08:00:00,13.44,13.47,13.27,13.39
2025-11-24 12:00:00,13.4,13.58,13.26,13.51
2025-11-24 16:00:00,13.51,14.0,13.5,13.92
2025-11-24 20:00:00,13.92,14.05,13.86,13.89
2025-11-25 00:00:00,13.89,13.95,13.84,13.9
2025-11-25 04:00:00,13.91,13.95,13.82,13.88
2025-11-25 08:00:00,13.89,13.94,13.78,13.9
2025-11-25 12:00:00,13.91,13.95,13.7,13.92
2025-11-25 16:00:00,13.91,14.0,13.89,14.0
2025-11-25 20:00:00,14.0,14.38,13.97,14.18
2025-11-26 00:00:00,14.18,14.34,14.02,14.04
2025-11-26 04:00:00,14.03,14.1,14.0,14.09
2025-11-26 08:00:00,14.09,14.09,13.97,14.01
2025-11-26 12:00:00,14.01,14.02,13.91,13.96
2025-11-26 16:00:00,13.96,14.61,13.95,14.55
2025-11-26 20:00:00,14.55,14.96,14.5,14.95
2025-11-27 00:00:00,14.96,15.01,14.89,14.93
2025-11-27 04:00:00,14.93,14.98,14.87,14.95
2025-11-27 08:00:00,14.95,14.98,14.87,14.94
2025-11-27 12:00:00,14.94,14.99,14.91,14.96
2025-11-27 16:00:00,14.97,15.17,14.94,15.04
2025-11-27 20:00:00,15.03,15.07,14.97,15.02
2025-11-28 00:00:00,15.02,15.07,15.0,15.05
2025-11-28 04:00:00,15.05,15.09,15.0,15.01
2025-11-28 08:00:00,15.01,15.13,14.78,15.02
2025-11-28 12:00:00,15.02,15.27,14.99,15.09
2025-11-28 16:00:00,15.1,15.1,14.8,14.89
2025-11-28 20:00:00,14.89,14.9,14.79,14.84
2025-11-29 00:00:00,14.85,14.89,14.82,14.85
2025-11-29 04:00:00,14.85,14.91,14.66,14.68
2025-11-29 08:00:00,14.68,14.89,14.64,14.87
2025-11-29 12:00:00,14.88,14.89,14.74,14.86
2025-11-29 16:00:00,14.85,14.86,14.37,14.45
2025-11-29 20:00:00,14.45,14.45,14.19,14.25
2025-11-30 00:00:00,14.25,14.34,14.13,14.2
2025-11-30 04:00:00,14.21,14.22,13.98,14.14
2025-11-30 08:00:00,14.15,14.22,14.04,14.07
2025-11-30 12:00:00,14.07,14.31,14.05,14.17
2025-11-30 16:00:00,14.17,14.28,13.83,14.0
2025-11-30 20:00:00,14.0,14.04,13.66,13.71
2025-12-01 00:00:00,13.72,13.74,12.94,12.96
2025-12-01 04:00:00,12.96,13.1,12.87,13.07
2025-12-01 08:00:00,13.07,13.11,12.94,12.95
2025-12-01 12:00:00,12.95,12.97,12.61,12.7
2025-12-01 16:00:00,12.7,12.78,12.54,12.62
2025-12-01 20:00:00,12.61,12.87,12.59,12.76
2025-12-02 00:00:00,12.76,13.02,12.71,12.95
2025-12-02 04:00:00,12.95,13.05,12.86,13.03
2025-12-02 08:00:00,13.03,13.13,12.86,12.91
2025-12-02 12:00:00,12.91,13.72,12.84,13.67
2025-12-02 16:00:00,13.67,13.74,13.54,13.65
2025-12-02 20:00:00,13.65,13.76,13.56,13.62
2025-12-03 00:00:00,13.63,13.85,13.58,13.82
2025-12-03 04:00:00,13.81,14.35,13.79,14.13
2025-12-03 08:00:00,14.13,14.19,14.01,14.07
2025-12-03 12:00:00,14.07,14.3,13.87,14.17
2025-12-03 16:00:00,14.17,14.5,14.07,14.5
2025-12-03 20:00:00,14.5,15.09,14.41,14.78
2025-12-04 00:00:00,14.78,14.88,14.68,14.72
2025-12-04 04:00:00,14.72,14.76,14.68,14.72
2025-12-04 08:00:00,14.72,14.79,14.7,14.75
2025-12-04 12:00:00,14.75,14.86,14.64,14.75
2025-12-04 16:00:00,14.75,14.77,14.21,14.43
2025-12-04 20:00:00,14.42,14.51,14.35,14.41
2025-12-05 00:00:00,14.4,14.52,14.39,14.45
2025-12-05 04:00:00,14.45,14.48,14.32,14.36
2025-12-05 08:00:00,14.36,14.36,13.77,13.81
2025-12-05 12:00:00,13.8,13.88,13.58,13.68
2025-12-05 16:00:00,13.68,13.68,13.2,13.42
2025-12-05 20:00:00,13.42,13.43,13.09,13.21
2025-12-06 00:00:00,13.21,13.39,13.14,13.32
2025-12-06 04:00:00,13.32,13.33,13.21,13.23
2025-12-06 08:00:00,13.23,13.32,13.16,13.23
2025-12-06 12:00:00,13.22,13.35,13.16,13.32
2025-12-06 16:00:00,13.31,13.49,13.27,13.31
2025-12-06 20:00:00,13.31,13.47,13.29,13.4
2025-12-07 00:00:00,13.41,13.55,13.4,13.49
2025-12-07 04:00:00,13.5,13.52,13.37,13.4
2025-12-07 08:00:00,13.4,13.43,13.31,13.34
2025-12-07 12:00:00,13.34,13.44,12.96,13.43
2025-12-07 16:00:00,13.42,13.85,13.3,13.76
2025-12-07 20:00:00,13.76,13.82,13.27,13.49
2025-12-08 00:00:00,13.49,13.67,13.38,13.55
2025-12-08 04:00:00,13.55,13.73,13.54,13.68
2025-12-08 08:00:00,13.69,13.91,13.66,13.74
2025-12-08 12:00:00,13.75,13.82,13.52,13.59
2025-12-08 16:00:00,13.58,13.72,13.48,13.55
2025-12-08 20:00:00,13.55,13.75,13.53,13.64
2025-12-09 00:00:00,13.64,13.74,13.53,13.72
2025-12-09 04:00:00,13.73,13.77,13.54,13.73
2025-12-09 08:00:00,13.73,13.77,13.5,13.59
2025-12-09 12:00:00,13.6,14.18,13.55,14.13
2025-12-09 16:00:00,14.13,14.73,14.13,14.62
2025-12-09 20:00:00,14.62,14.67,14.48,14.6
2025-12-10 00:00:00,14.61,14.65,14.56,14.61
2025-12-10 04:00:00,14.61,14.63,14.56,14.61
2025-12-10 08:00:00,14.61,14.68,14.17,14.26
2025-12-10 12:00:00,14.26,14.33,14.15,14.24
2025-12-10 16:00:00,14.24,14.67,14.2,14.55
2025-12-10 20:00:00,14.56,14.83,14.09,14.11
2025-12-11 00:00:00,14.11,14.11,13.27,13.31
2025-12-11 04:00:00,13.3,13.49,13.24,13.4
2025-12-11 08:00:00,13.39,13.43,13.25,13.33
2025-12-11 12:00:00,13.32,13.37,12.93,13.01
2025-12-11 16:00:00,13.0,13.39,12.89,13.25
2025-12-11 20:00:00,13.25,13.61,13.23,13.42
2025-12-12 00:00:00,13.42,13.74,13.32,13.61
2025-12-12 04:00:00,13.6,13.79,13.55,13.66
2025-12-12 08:00:00,13.66,13.68,13.49,13.56
2025-12-12 12:00:00,13.56,13.65,12.81,12.91
2025-12-12 16:00:00,12.9,13.21,12.81,13.07
2025-12-12 20:00:00,13.08,13.17,13.03,13.1
2025-12-13 00:00:00,13.11,13.25,13.09,13.22
2025-12-13 04:00:00,13.22,13.46,13.19,13.33
2025-12-13 08:00:00,13.34,13.47,13.34,13.38
2025-12-13 12:00:00,13.38,13.41,13.22,13.36
2025-12-13 16:00:00,13.36,13.42,13.32,13.38
2025-12-13 20:00:00,13.39,13.4,13.24,13.37
2025-12-14 00:00:00,13.37,13.4,13.29,13.31
2025-12-14 04:00:00,13.3,13.32,13.18,13.25
2025-12-14 08:00:00,13.25,13.29,12.96,13.07
2025-12-14 12:00:00,13.07,13.14,12.98,13.02
2025-12-14 16:00:00,13.02,13.12,12.92,12.98
2025-12-14 20:00:00,12.98,13.02,12.73,12.88
2025-12-15 00:00:00,12.88,13.27,12.85,13.08
2025-12-15 04:00:00,13.09,13.33,13.08,13.2
2025-12-15 08:00:00,13.19,13.35,13.17,13.22
2025-12-15 12:00:00,13.23,13.23,12.43,12.5
2025-12-15 16:00:00,12.5,12.54,12.2,12.4
2025-12-15 20:00:00,12.39,12.4,12.25,12.34
2025-12-16 00:00:00,12.35,12.36,12.17,12.27
2025-12-16 04:00:00,12.27,12.34,12.05,12.19
2025-12-16 08:00:00,12.2,12.4,12.14,12.35
2025-12-16 12:00:00,12.35,12.4,11.91,12.35
2025-12-16 16:00:00,12.35,12.38,12.14,12.28
2025-12-16 20:00:00,12.28,12.38,12.27,12.35
2025-12-17 00:00:00,12.34,12.39,12.28,12.3
2025-12-17 04:00:00,12.3,12.32,12.07,12.22
2025-12-17 08:00:00,12.22,12.22,12.05,12.18
2025-12-17 12:00:00,12.18,12.66,12.07,12.15
2025-12-17 16:00:00,12.15,12.24,11.69,11.89
2025-12-17 20:00:00,11.88,11.98,11.78,11.87
2025-12-18 00:00:00,11.86,11.89,11.69,11.74
2025-12-18 04:00:00,11.75,11.8,11.65,11.76
2025-12-18 08:00:00,11.76,11.81,11.68,11.73
2025-12-18 12:00:00,11.73,12.32,11.69,12.18
2025-12-18 16:00:00,12.19,12.2,11.28,11.31
2025-12-18 20:00:00,11.3,11.58,11.3,11.44
2025-12-19 00:00:00,11.44,11.81,11.26,11.73
2025-12-19 04:00:00,11.74,12.09,11.61,11.94
2025-12-19 08:00:00,11.94,12.03,11.88,11.98
2025-12-19 12:00:00,11.99,12.41,11.94,12.18
2025-12-19 16:00:00,12.19,12.45,12.07,12.33
2025-12-19 20:00:00,12.33,12.39,12.24,12.26
2025-12-20 00:00:00,12.25,12.3,12.19,12.26
2025-12-20 04:00:00,12.26,12.35,12.19,12.33
2025-12-20 08:00:00,12.34,12.38,12.24,12.31
2025-12-20 12:00:00,12.32,12.32,12.17,12.27
2025-12-20 16:00:00,12.27,12.31,12.23,12.27
2025-12-20 20:00:00,12.26,12.28,12.13,12.21
2025-12-21 00:00:00,12.22,12.26,12.09,12.18
2025-12-21 04:00:00,12.18,12.2,12.11,12.12
2025-12-21 08:00:00,12.13,12.34,12.1,12.24
2025-12-21 12:00:00,12.25,12.29,11.96,12.09
2025-12-21 16:00:00,12.09,12.18,12.01,12.12
2025-12-21 20:00:00,12.12,12.25,11.98,12.14
2025-12-22 00:00:00,12.15,12.41,12.01,12.2
2025-12-22 04:00:00,12.2,12.27,12.12,12.19
2025-12-22 08:00:00,12.19,12.39,12.16,12.37
2025-12-22 12:00:00,12.37,12.44,12.27,12.37
2025-12-22 16:00:00,12.37,12.41,12.12,12.15
2025-12-22 20:00:00,12.14,12.45,12.08,12.42
2025-12-23 00:00:00,12.42,12.55,12.34,12.41
2025-12-23 04:00:00,12.4,12.43,12.12,12.19
2025-12-23 08:00:00,12.19,12.33,12.16,12.29
2025-12-23 12:00:00,12.3,12.3,11.84,11.96
2025-12-23 16:00:00,11.96,12.19,11.91,12.12
2025-12-23 20:00:00,12.12,12.33,12.08,12.18
2025-12-24 00:00:00,12.18,12.23,11.96,12.07
2025-12-24 04:00:00,12.07,12.14,11.94,11.98
2025-12-24 08:00:00,11.99,12.14,11.97,12.11
2025-12-24 12:00:00,12.11,12.14,11.89,12.0
2025-12-24 16:00:00,12.01,12.09,11.9,12.03
2025-12-24 20:00:00,12.03,12.15,12.02,12.1
2025-12-25 00:00:00,12.11,12.22,12.05,12.16
2025-12-25 04:00:00,12.16,12.27,12.14,12.25
2025-12-25 08:00:00,12.25,12.35,12.11,12.15
2025-12-25 12:00:00,12.15,12.4,12.15,12.35
2025-12-25 16:00:00,12.35,12.55,12.34,12.47
2025-12-25 20:00:00,12.48,12.5,12.06,12.09
2025-12-26 00:00:00,12.09,12.62,12.03,12.52
2025-12-26 04:00:00,12.53,12.58,12.4,12.41
2025-12-26 08:00:00,12.41,12.5,12.4,12.45
2025-12-26 12:00:00,12.45,12.5,12.14,12.24
2025-12-26 16:00:00,12.24,12.39,12.17,12.38
2025-12-26 20:00:00,12.38,12.4,12.32,12.34
2025-12-27 00:00:00,12.34,12.42,12.33,12.42
2025-12-27 04:00:00,12.42,12.47,12.38,12.46
2025-12-27 08:00:00,12.45,12.49,12.39,12.47
2025-12-27 12:00:00,12.47,12.58,12.44,12.55
2025-12-27 16:00:00,12.56,12.61,12.5,12.53
2025-12-27 20:00:00,12.53,12.8,12.53,12.69
2025-12-28 00:00:00,12.7,12.9,12.7,12.79
2025-12-28 04:00:00,12.79,12.85,12.76,12.79
2025-12-28 08:00:00,12.79,12.86,12.67,12.69
2025-12-28 12:00:00,12.69,12.77,12.58,12.73
2025-12-28 16:00:00,12.74,12.75,12.57,12.58
2025-12-28 20:00:00,12.59,12.66,12.53,12.64
2025-12-29 00:00:00,12.64,13.12,12.62,13.08
2025-12-29 04:00:00,13.09,13.2,12.92,13.01
2025-12-29 08:00:00,13.02,13.06,12.67,12.73
2025-12-29 12:00:00,12.72,12.73,12.46,12.7
2025-12-29 16:00:00,12.7,12.72,12.49,12.5
2025-12-29 20:00:00,12.5,12.53,12.35,12.38
2025-12-30 00:00:00,12.37,12.43,12.33,12.4
2025-12-30 04:00:00,12.41,12.46,12.36,12.43
2025-12-30 08:00:00,12.43,12.56,12.43,12.51
2025-12-30 12:00:00,12.51,12.6,12.44,12.59
2025-12-30 16:00:00,12.59,12.64,12.45,12.5
2025-12-30 20:00:00,12.49,12.6,12.45,12.58
2025-12-31 00:00:00,12.58,12.72,12.5,12.59
2025-12-31 04:00:00,12.59,12.63,12.51,12.54
2025-12-31 08:00:00,12.55,12.58,12.47,12.58
2025-12-31 12:00:00,12.58,12.67,12.43,12.47
2025-12-31 16:00:00,12.47,12.47,12.21,12.32
2025-12-31 20:00:00,12.32,12.4,12.26,12.32
2026-01-01 00:00:00,12.32,12.38,12.28,12.28
2026-01-01 04:00:00,12.28,12.3,12.23,12.28
2026-01-01 08:00:00,12.28,12.38,12.27,12.37
2026-01-01 12:00:00,12.38,12.56,12.34,12.52
2026-01-01 16:00:00,12.53,13.58,12.49,13.55
2026-01-01 20:00:00,13.55,13.69,13.39,13.59
2026-01-02 00:00:00,13.59,13.86,13.51,13.73
2026-01-02 04:00:00,13.74,13.75,13.38,13.4
2026-01-02 08:00:00,13.39,13.59,13.34,13.39
2026-01-02 12:00:00,13.39,13.47,13.09,13.29
2026-01-02 16:00:00,13.3,13.67,13.28,13.65
2026-01-02 20:00:00,13.65,13.98,13.56,13.82
2026-01-03 00:00:00,13.82,14.29,13.79,14.26
2026-01-03 04:00:00,14.26,14.28,13.67,13.73
2026-01-03 08:00:00,13.72,14.01,13.71,13.99
2026-01-03 12:00:00,13.98,14.4,13.83,13.86
2026-01-03 16:00:00,13.87,13.98,13.79,13.85
2026-01-03 20:00:00,13.86,14.02,13.8,13.99
2026-01-04 00:00:00,13.98,14.09,13.9,14.01
2026-01-04 04:00:00,14.01,14.14,13.95,14.05
2026-01-04 08:00:00,14.04,14.1,13.97,14.08
2026-01-04 12:00:00,14.07,14.22,14.01,14.19
2026-01-04 16:00:00,14.19,14.3,14.0,14.14
2026-01-04 20:00:00,14.14,14.49,14.12,14.25
2026-01-05 00:00:00,14.25,14.53,14.21,14.39
2026-01-05 04:00:00,14.39,14.41,14.08,14.28
2026-01-05 08:00:00,14.27,14.37,14.13,14.2
2026-01-05 12:00:00,14.21,14.29,14.03,14.19
2026-01-05 16:00:00,14.18,14.36,13.91,14.27
2026-01-05 20:00:00,14.28,14.72,14.25,14.45
2026-01-06 00:00:00,14.46,14.75,14.25,14.42
2026-01-06 04:00:00,14.43,14.57,14.24,14.28
2026-01-06 08:00:00,14.28,14.53,14.25,14.53
2026-01-06 12:00:00,14.53,14.83,14.42,14.53
2026-01-06 16:00:00,14.53,14.61,14.28,14.48
2026-01-06 20:00:00,14.48,14.78,14.45,14.59
2026-01-07 00:00:00,14.6,14.6,14.4,14.48
2026-01-07 04:00:00,14.48,14.54,14.42,14.52
2026-01-07 08:00:00,14.52,14.56,14.42,14.49
2026-01-07 12:00:00,14.49,14.51,13.95,14.01
2026-01-07 16:00:00,14.01,14.16,13.88,14.11
2026-01-07 20:00:00,14.12,14.19,14.0,14.11
2026-01-08 00:00:00,14.12,14.25,14.01,14.03
2026-01-08 04:00:00,14.03,14.14,13.68,13.9
2026-01-08 08:00:00,13.91,13.98,13.68,13.9
2026-01-08 12:00:00,13.9,13.95,13.6,13.94
2026-01-08 16:00:00,13.94,14.04,13.82,13.86
2026-01-08 20:00:00,13.86,14.0,13.73,13.89
2026-01-09 00:00:00,13.89,14.05,13.85,13.98
2026-01-09 04:00:00,13.98,14.04,13.91,13.93
2026-01-09 08:00:00,13.94,13.95,13.62,13.77
2026-01-09 12:00:00,13.78,14.17,13.61,13.98
2026-01-09 16:00:00,13.98,14.22,13.69,13.75
2026-01-09 20:00:00,13.74,13.86,13.72,13.79
2026-01-10 00:00:00,13.78,13.8,13.65,13.7
2026-01-10 04:00:00,13.7,13.84,13.64,13.81
2026-01-10 08:00:00,13.82,13.87,13.75,13.87
2026-01-10 12:00:00,13.86,13.88,13.8,13.84
2026-01-10 16:00:00,13.84,13.94,13.81,13.86
2026-01-10 20:00:00,13.86,13.88,13.69,13.74
2026-01-11 00:00:00,13.73,13.75,13.68,13.73
2026-01-11 04:00:00,13.72,13.84,13.71,13.81
2026-01-11 08:00:00,13.82,13.84,13.76,13.81
2026-01-11 12:00:00,13.82,13.98,13.75,13.8
2026-01-11 16:00:00,13.8,13.99,13.79,13.84
2026-01-11 20:00:00,13.84,13.84,13.48,13.7
2026-01-12 00:00:00,13.71,14.22,13.61,13.98
2026-01-12 04:00:00,13.99,14.06,13.73,13.75
2026-01-12 08:00:00,13.74,13.81,13.51,13.65
2026-01-12 12:00:00,13.65,13.91,13.39,13.87
2026-01-12 16:00:00,13.88,14.0,13.62,13.72
2026-01-12 20:00:00,13.72,13.78,13.47,13.53
2026-01-13 00:00:00,13.52,13.62,13.48,13.59
2026-01-13 04:00:00,13.59,13.83,13.58,13.72
2026-01-13 08:00:00,13.72,13.86,13.71,13.76
2026-01-13 12:00:00,13.76,14.37,13.72,14.36
2026-01-13 16:00:00,14.37,14.61,14.37,14.52
2026-01-13 20:00:00,14.52,14.85,14.47,14.75
2026-01-14 00:00:00,14.76,14.8,14.7,14.76
2026-01-14 04:00:00,14.77,14.77,14.66,14.68
2026-01-14 08:00:00,14.69,14.75,14.49,14.51
2026-01-14 12:00:00,14.52,14.77,14.41,14.76
2026-01-14 16:00:00,14.76,14.95,14.41,14.64
2026-01-14 20:00:00,14.64,14.74,14.55,14.6
2026-01-15 00:00:00,14.6,14.63,14.12,14.15
2026-01-15 04:00:00,14.15,14.38,14.14,14.35
2026-01-15 08:00:00,14.35,14.48,14.3,14.31
2026-01-15 12:00:00,14.31,14.43,13.81,14.07
2026-01-15 16:00:00,14.06,14.08,13.63,13.75
2026-01-15 20:00:00,13.74,13.83,13.61,13.82
2026-01-16 00:00:00,13.82,13.86,13.71,13.75
2026-01-16 04:00:00,13.75,13.84,13.68,13.81
2026-01-16 08:00:00,13.82,13.87,13.73,13.8
2026-01-16 12:00:00,13.79,13.82,13.33,13.41
2026-01-16 16:00:00,13.4,13.46,13.19,13.4
2026-01-16 20:00:00,13.4,13.66,13.3,13.59
2026-01-17 00:00:00,13.59,13.64,13.54,13.57
2026-01-17 04:00:00,13.57,13.61,13.53,13.6
2026-01-17 08:00:00,13.61,13.71,13.6,13.64
2026-01-17 12:00:00,13.64,13.97,13.64,13.89
2026-01-17 16:00:00,13.9,13.9,13.75,13.82
2026-01-17 20:00:00,13.83,13.86,13.72,13.75
2026-01-18 00:00:00,13.75,13.83,13.64,13.68
2026-01-18 04:00:00,13.67,13.71,13.57,13.63
2026-01-18 08:00:00,13.62,13.66,13.57,13.59
2026-01-18 12:00:00,13.58,13.63,13.47,13.57
2026-01-18 16:00:00,13.57,13.74,13.54,13.66
2026-01-18 20:00:00,13.66,13.76,12.94,12.98
2026-01-19 00:00:00,12.98,12.99,12.09,12.71
2026-01-19 04:00:00,12.71,12.74,12.55,12.64
2026-01-19 08:00:00,12.64,12.84,12.62,12.71
2026-01-19 12:00:00,12.7,12.79,12.66,12.73
2026-01-19 16:00:00,12.72,12.86,12.62,12.81
2026-01-19 20:00:00,12.82,12.84,12.63,12.74
2026-01-20 00:00:00,12.73,12.75,12.63,12.71
2026-01-20 04:00:00,12.7,12.76,12.53,12.56
2026-01-20 08:00:00,12.56,12.65,12.41,12.46
2026-01-20 12:00:00,12.46,12.55,12.31,12.4
2026-01-20 16:00:00,12.4,12.44,12.06,12.19
2026-01-20 20:00:00,12.19,12.3,11.97,12.09
2026-01-21 00:00:00,12.09,12.34,12.06,12.29
2026-01-21 04:00:00,12.29,12.39,12.22,12.24
2026-01-21 08:00:00,12.24,12.28,12.1,12.11
2026-01-21 12:00:00,12.11,12.42,11.96,12.4
2026-01-21 16:00:00,12.39,12.61,11.88,12.59
2026-01-21 20:00:00,12.59,12.73,12.38,12.42
2026-01-22 00:00:00,12.42,12.62,12.42,12.49
2026-01-22 04:00:00,12.49,12.56,12.42,12.43
2026-01-22 08:00:00,12.44,12.5,12.35,12.35
2026-01-22 12:00:00,12.35,12.4,12.04,12.17
2026-01-22 16:00:00,12.17,12.26,12.08,12.16
2026-01-22 20:00:00,12.17,12.2,12.08,12.2
2026-01-23 00:00:00,12.2,12.3,12.17,12.26
2026-01-23 04:00:00,12.26,12.38,12.11,12.13
2026-01-23 08:00:00,12.13,12.21,12.04,12.2
2026-01-23 12:00:00,12.2,12.26,11.99,12.24
2026-01-23 16:00:00,12.24,12.5,12.13,12.17
2026-01-23 20:00:00,12.18,12.2,12.03,12.13
2026-01-24 00:00:00,12.13,12.18,12.1,12.15
2026-01-24 04:00:00,12.15,12.19,12.11,12.12
2026-01-24 08:00:00,12.12,12.14,12.06,12.12
2026-01-24 12:00:00,12.12,12.15,12.02,12.04
2026-01-24 16:00:00,12.03,12.08,11.97,12.04
2026-01-24 20:00:00,12.03,12.12,12.03,12.05
2026-01-25 00:00:00,12.05,12.08,11.87,11.93
2026-01-25 04:00:00,11.93,12.0,11.88,11.93
2026-01-25 08:00:00,11.93,12.06,11.83,11.96
2026-01-25 12:00:00,11.95,11.97,11.81,11.85
2026-01-25 16:00:00,11.85,11.86,11.23,11.3
2026-01-25 20:00:00,11.3,11.52,11.25,11.49
2026-01-26 00:00:00,11.49,11.75,11.46,11.53
2026-01-26 04:00:00,11.54,11.72,11.53,11.69
2026-01-26 08:00:00,11.69,11.78,11.61,11.67
2026-01-26 12:00:00,11.67,11.92,11.63,11.76
2026-01-26 16:00:00,11.76,11.82,11.62,11.7
2026-01-26 20:00:00,11.71,11.8,11.63,11.72
2026-01-27 00:00:00,11.72,11.85,11.69,11.79
2026-01-27 04:00:00,11.78,11.84,11.72,11.76
2026-01-27 08:00:00,11.76,11.79,11.65,11.68
2026-01-27 12:00:00,11.69,11.74,11.6,11.72
2026-01-27 16:00:00,11.72,11.96,11.58,11.86
2026-01-27 20:00:00,11.86,12.2,11.84,12.14
2026-01-28 00:00:00,12.14,12.17,12.03,12.06
2026-01-28 04:00:00,12.07,12.16,12.02,12.09
2026-01-28 08:00:00,12.08,12.25,12.02,12.24
2026-01-28 12:00:00,12.23,12.29,11.95,12.02
2026-01-28 16:00:00,12.01,12.14,11.93,12.06
2026-01-28 20:00:00,12.06,12.18,11.96,12.07
2026-01-29 00:00:00,12.08,12.1,11.75,11.79
2026-01-29 04:00:00,11.79,11.86,11.69,11.8
2026-01-29 08:00:00,11.8,11.81,11.64,11.66
2026-01-29 12:00:00,11.67,11.67,10.87,11.01
2026-01-29 16:00:00,11.01,11.17,10.8,10.99
2026-01-29 20:00:00,10.99,11.07,10.96,11.04
2026-01-30 00:00:00,11.04,11.09,10.7,10.92
2026-01-30 04:00:00,10.93,11.02,10.72,10.96
2026-01-30 08:00:00,10.95,11.05,10.8,11.0
2026-01-30 12:00:00,11.01,11.02,10.8,10.94
2026-01-30 16:00:00,10.94,11.05,10.63,10.99
2026-01-30 20:00:00,11.0,11.0,10.82,10.87
2026-01-31 00:00:00,10.88,10.9,10.82,10.84
2026-01-31 04:00:00,10.84,10.87,10.58,10.66
2026-01-31 08:00:00,10.66,10.69,10.42,10.6
2026-01-31 12:00:00,10.6,10.61,10.0,10.16
2026-01-31 16:00:00,10.17,10.29,9.16,9.84
2026-01-31 20:00:00,9.84,10.18,9.74,10.12
2026-02-01 00:00:00,10.12,10.23,10.1,10.21
2026-02-01 04:00:00,10.21,10.26,10.13,10.19
2026-02-01 08:00:00,10.19,10.22,10.02,10.13
2026-02-01 12:00:00,10.13,10.15,9.73,9.86
2026-02-01 16:00:00,9.85,10.1,9.75,9.89
2026-02-01 20:00:00,9.89,10.07,9.67,9.91
2026-02-02 00:00:00,9.91,10.13,9.53,9.86
2026-02-02 04:00:00,9.87,10.0,9.54,9.89
2026-02-02 08:00:00,9.88,10.07,9.86,9.99
2026-02-02 12:00:00,9.98,10.32,9.98,10.24
2026-02-02 16:00:00,10.24,10.28,10.12,10.14
2026-02-02 20:00:00,10.13,10.2,10.07,10.14
2026-02-03 00:00:00,10.14,10.16,9.95,10.14
2026-02-03 04:00:00,10.14,10.21,10.04,10.15
2026-02-03 08:00:00,10.15,10.18,9.97,10.08
2026-02-03 12:00:00,10.08,10.17,9.91,10.15
2026-02-03 16:00:00,10.16,10.16,9.54,9.97
2026-02-03 20:00:00,9.96,10.34,9.85,9.93
2026-02-04 00:00:00,9.92,10.14,9.89,10.11
2026-02-04 04:00:00,10.1,10.17,10.02,10.16
2026-02-04 08:00:00,10.15,10.17,9.93,10.02
2026-02-04 12:00:00,10.02,10.04,9.62,9.73
2026-02-04 16:00:00,9.73,9.96,9.57,9.93
2026-02-04 20:00:00,9.94,9.96,9.55,9.72
2026-02-05 00:00:00,9.71,9.85,9.59,9.62
2026-02-05 04:00:00,9.62,9.67,9.45,9.5
2026-02-05 08:00:00,9.51,9.68,9.18,9.26
2026-02-05 12:00:00,9.27,9.45,8.72,8.86
2026-02-05 16:00:00,8.86,9.09,8.67,8.69
2026-02-05 20:00:00,8.7,8.77,8.24,8.32
2026-02-06 00:00:00,8.32,8.53,7.55,8.26
2026-02-06 04:00:00,8.26,8.64,8.23,8.42
2026-02-06 08:00:00,8.42,8.74,8.33,8.71
2026-02-06 12:00:00,8.71,9.07,8.64,9.04
2026-02-06 16:00:00,9.03,9.48,9.0,9.24
2026-02-06 20:00:00,9.24,9.38,9.1,9.28
2026-02-07 00:00:00,9.28,9.32,9.13,9.29
2026-02-07 04:00:00,9.28,9.37,8.91,9.0
2026-02-07 08:00:00,8.99,9.1,8.93,8.99
2026-02-07 12:00:00,8.98,9.26,8.97,9.17
2026-02-07 16:00:00,9.18,9.4,9.14,9.26
2026-02-07 20:00:00,9.25,9.33,9.18,9.23
2026-02-08 00:00:00,9.22,9.25,9.11,9.13
2026-02-08 04:00:00,9.13,9.18,9.07,9.14
2026-02-08 08:00:00,9.15,9.3,9.1,9.27
2026-02-08 12:00:00,9.28,9.29,9.15,9.17
2026-02-08 16:00:00,9.18,9.23,9.0,9.2
2026-02-08 20:00:00,9.21,9.26,9.01,9.08
2026-02-09 00:00:00,9.08,9.21,9.03,9.18
2026-02-09 04:00:00,9.19,9.19,9.02,9.03
2026-02-09 08:00:00,9.03,9.05,8.72,8.78
2026-02-09 12:00:00,8.79,9.0,8.74,9.0
2026-02-09 16:00:00,9.0,9.19,8.91,9.11
2026-02-09 20:00:00,9.11,9.15,8.99,9.06
2026-02-10 00:00:00,9.06,9.11,8.86,8.91
2026-02-10 04:00:00,8.91,8.99,8.74,8.82
2026-02-10 08:00:00,8.83,8.91,8.78,8.78
2026-02-10 12:00:00,8.79,8.88,8.71,8.79
2026-02-10 16:00:00,8.78,8.85,8.67,8.72
2026-02-10 20:00:00,8.73,8.76,8.65,8.76
2026-02-11 00:00:00,8.76,8.97,8.73,8.88
2026-02-11 04:00:00,8.87,8.89,8.55,8.59
2026-02-11 08:00:00,8.58,8.6,8.48,8.59
2026-02-11 12:00:00,8.59,8.9,8.43,8.52
2026-02-11 16:00:00,8.51,8.76,8.49,8.71
2026-02-11 20:00:00,8.7,8.81,8.58,8.63
2026-02-12 00:00:00,8.63,8.79,8.63,8.75
2026-02-12 04:00:00,8.75,8.85,8.68,8.82
2026-02-12 08:00:00,8.81,8.97,8.78,8.91
2026-02-12 12:00:00,8.91,8.97,8.79,8.8
2026-02-12 16:00:00,8.81,8.86,8.62,8.77
2026-02-12 20:00:00,8.76,8.91,8.68,8.9
2026-02-13 00:00:00,8.9,8.94,8.82,8.86
2026-02-13 04:00:00,8.86,8.87,8.74,8.84
2026-02-13 08:00:00,8.83,8.91,8.81,8.88
2026-02-13 12:00:00,8.88,9.22,8.82,9.1
2026-02-13 16:00:00,9.1,9.26,9.1,9.18
2026-02-13 20:00:00,9.18,9.25,9.14,9.14
2026-02-14 00:00:00,9.15,9.22,9.12,9.2
2026-02-14 04:00:00,9.2,9.21,9.13,9.2
2026-02-14 08:00:00,9.19,9.39,9.19,9.38
2026-02-14 12:00:00,9.38,9.4,9.25,9.38
2026-02-14 16:00:00,9.39,9.64,9.34,9.63
2026-02-14 20:00:00,9.64,9.72,9.54,9.59
2026-02-15 00:00:00,9.6,9.64,9.47,9.6
2026-02-15 04:00:00,9.59,9.75,9.58,9.7
2026-02-15 08:00:00,9.7,9.71,9.51,9.52
2026-02-15 12:00:00,9.52,9.54,9.28,9.38
2026-02-15 16:00:00,9.38,9.39,9.14,9.18
2026-02-15 20:00:00,9.18,9.31,9.14,9.29
2026-02-16 00:00:00,9.29,9.34,9.2,9.24
2026-02-16 04:00:00,9.24,9.34,9.18,9.26
2026-02-16 08:00:00,9.26,9.35,9.17,9.27
2026-02-16 12:00:00,9.27,9.42,9.05,9.09
2026-02-16 16:00:00,9.09,9.19,9.06,9.15
2026-02-16 20:00:00,9.14,9.31,9.11,9.26
2026-02-17 00:00:00,9.26,9.3,9.18,9.22
2026-02-17 04:00:00,9.23,9.25,9.13,9.2
2026-02-17 08:00:00,9.2,9.22,9.06,9.11
2026-02-17 12:00:00,9.11,9.23,9.0,9.08
2026-02-17 16:00:00,9.08,9.29,9.04,9.18
2026-02-17 20:00:00,9.17,9.2,9.13,9.14
2026-02-18 00:00:00,9.13,9.17,9.06,9.11
2026-02-18 04:00:00,9.11,9.15,9.03,9.12
2026-02-18 08:00:00,9.13,9.21,9.0,9.05
2026-02-18 12:00:00,9.05,9.2,8.94,9.12
2026-02-18 16:00:00,9.12,9.12,8.82,8.89
2026-02-18 20:00:00,8.88,8.92,8.8,8.86
2026-02-19 00:00:00,8.86,8.93,8.83,8.91
2026-02-19 04:00:00,8.91,8.94,8.84,8.9
2026-02-19 08:00:00,8.91,8.91,8.78,8.79
2026-02-19 12:00:00,8.8,8.86,8.66,8.83
2026-02-19 16:00:00,8.83,8.94,8.74,8.89
2026-02-19 20:00:00,8.88,8.94,8.86,8.91
2026-02-20 00:00:00,8.9,8.98,8.89,8.94
2026-02-20 04:00:00,8.95,9.29,8.88,9.19
2026-02-20 08:00:00,9.19,9.36,9.1,9.12
2026-02-20 12:00:00,9.12,9.2,8.93,9.18
2026-02-20 16:00:00,9.18,9.25,9.0,9.14
2026-02-20 20:00:00,9.15,9.18,9.1,9.17
2026-02-21 00:00:00,9.17,9.2,9.12,9.16
2026-02-21 04:00:00,9.17,9.21,9.13,9.15
2026-02-21 08:00:00,9.15,9.3,9.14,9.27
2026-02-21 12:00:00,9.28,9.45,9.25,9.29
2026-02-21 16:00:00,9.28,9.31,9.2,9.27
2026-02-21 20:00:00,9.26,9.28,9.11,9.12
2026-02-22 00:00:00,9.12,9.12,9.01,9.05
2026-02-22 04:00:00,9.05,9.07,8.96,9.02
2026-02-22 08:00:00,9.01,9.06,8.97,9.01
2026-02-22 12:00:00,9.0,9.01,8.82,8.88
2026-02-22 16:00:00,8.89,8.89,8.8,8.83
2026-02-22 20:00:00,8.82,8.89,8.79,8.87
2026-02-23 00:00:00,8.87,8.9,8.33,8.41
2026-02-23 04:00:00,8.42,8.61,8.33,8.57
2026-02-23 08:00:00,8.56,8.72,8.5,8.65
2026-02-23 12:00:00,8.65,8.78,8.55,8.57
2026-02-23 16:00:00,8.57,8.62,8.34,8.37
2026-02-23 20:00:00,8.37,8.45,8.27,8.36
2026-02-24 00:00:00,8.37,8.45,8.21,8.31
2026-02-24 04:00:00,8.31,8.32,8.21,8.26
2026-02-24 08:00:00,8.26,8.34,8.23,8.32
2026-02-24 12:00:00,8.32,8.38,8.18,8.34
2026-02-24 16:00:00,8.33,8.43,8.32,8.35
2026-02-24 20:00:00,8.35,8.38,8.25,8.29
2026-02-25 00:00:00,8.28,8.71,8.26,8.51
2026-02-25 04:00:00,8.51,8.59,8.41,8.57
2026-02-25 08:00:00,8.58,8.99,8.54,8.97
2026-02-25 12:00:00,8.97,9.6,8.95,9.52
2026-02-25 16:00:00,9.53,9.82,9.53,9.74
2026-02-25 20:00:00,9.75,9.84,9.41,9.51
2026-02-26 00:00:00,9.51,9.64,9.43,9.45
2026-02-26 04:00:00,9.45,9.57,9.32,9.32
2026-02-26 08:00:00,9.32,9.41,9.24,9.24
2026-02-26 12:00:00,9.24,9.39,9.21,9.31
2026-02-26 16:00:00,9.31,9.35,9.09,9.31
2026-02-26 20:00:00,9.3,9.34,9.23,9.31
2026-02-27 00:00:00,9.31,9.43,9.25,9.41
2026-02-27 04:00:00,9.41,9.48,9.34,9.38
2026-02-27 08:00:00,9.38,9.43,8.99,9.04
2026-02-27 12:00:00,9.03,9.06,8.92,9.02
2026-02-27 16:00:00,9.01,9.02,8.85,8.9
2026-02-27 20:00:00,8.89,8.97,8.78,8.95
2026-02-28 00:00:00,8.95,8.98,8.87,8.89
2026-02-28 04:00:00,8.89,8.91,8.49,8.63
2026-02-28 08:00:00,8.62,8.63,8.42,8.47
2026-02-28 12:00:00,8.47,8.75,8.46,8.64
2026-02-28 16:00:00,8.63,8.99,8.61,8.94
2026-02-28 20:00:00,8.93,9.27,8.91,9.16
2026-03-01 00:00:00,9.17,9.43,9.05,9.26
2026-03-01 04:00:00,9.26,9.31,9.16,9.22
2026-03-01 08:00:00,9.22,9.26,9.1,9.12
2026-03-01 12:00:00,9.12,9.24,9.03,9.13
2026-03-01 16:00:00,9.13,9.17,8.94,8.96
2026-03-01 20:00:00,8.95,9.08,8.85,9.04
2026-03-02 00:00:00,9.03,9.2,9.0,9.12
2026-03-02 04:00:00,9.12,9.14,8.88,8.93
2026-03-02 08:00:00,8.93,9.04,8.86,8.98
2026-03-02 12:00:00,8.98,9.4,8.9,9.3
2026-03-02 16:00:00,9.31,9.48,9.19,9.23
2026-03-02 20:00:00,9.24,9.29,9.15,9.17
2026-03-03 00:00:00,9.18,9.26,9.08,9.16
2026-03-03 04:00:00,9.15,9.2,9.07,9.12
2026-03-03 08:00:00,9.11,9.13,8.94,9.01
2026-03-03 12:00:00,9.02,9.19,8.9,9.17
2026-03-03 16:00:00,9.16,9.34,9.09,9.18
2026-03-03 20:00:00,9.18,9.25,9.07,9.18
2026-03-04 00:00:00,9.18,9.25,9.1,9.18
2026-03-04 04:00:00,9.18,9.2,9.0,9.18
2026-03-04 08:00:00,9.18,9.5,9.16,9.3
2026-03-04 12:00:00,9.3,9.73,9.24,9.72
2026-03-04 16:00:00,9.71,9.78,9.51,9.67
2026-03-04 20:00:00,9.66,9.68,9.43,9.5
2026-03-05 00:00:00,9.49,9.54,9.41,9.45
2026-03-05 04:00:00,9.46,9.51,9.34,9.38
2026-03-05 08:00:00,9.39,9.58,9.36,9.46
2026-03-05 12:00:00,9.45,9.53,9.34,9.41
2026-03-05 16:00:00,9.41,9.46,9.26,9.39
2026-03-05 20:00:00,9.39,9.51,9.37,9.39
2026-03-06 00:00:00,9.38,9.45,9.33,9.42
2026-03-06 04:00:00,9.42,9.46,9.31,9.46
2026-03-06 08:00:00,9.46,9.46,9.24,9.26
2026-03-06 12:00:00,9.25,9.26,8.92,8.98
2026-03-06 16:00:00,8.97,9.01,8.88,8.96
2026-03-06 20:00:00,8.97,9.07,8.92,9.01
2026-03-07 00:00:00,9.01,9.08,9.0,9.03
2026-03-07 04:00:00,9.03,9.03,8.96,9.01
2026-03-07 08:00:00,9.01,9.06,8.98,9.02
2026-03-07 12:00:00,9.01,9.03,8.94,8.97
2026-03-07 16:00:00,8.96,9.02,8.87,8.89
2026-03-07 20:00:00,8.89,8.94,8.87,8.91
2026-03-08 00:00:00,8.91,8.92,8.81,8.85
2026-03-08 04:00:00,8.86,8.91,8.79,8.89
2026-03-08 08:00:00,8.89,9.02,8.84,8.91
2026-03-08 12:00:00,8.92,9.02,8.84,8.88
2026-03-08 16:00:00,8.87,8.98,8.82,8.96
2026-03-08 20:00:00,8.96,8.99,8.69,8.82
2026-03-09 00:00:00,8.82,9.09,8.81,8.97
2026-03-09 04:00:00,8.98,9.29,8.97,9.08
2026-03-09 08:00:00,9.08,9.18,9.02,9.09
2026-03-09 12:00:00,9.08,9.33,9.08,9.28
2026-03-09 16:00:00,9.27,9.53,9.21,9.39
2026-03-09 20:00:00,9.39,9.43,9.23,9.26
2026-03-10 00:00:00,9.26,9.51,9.25,9.33
2026-03-10 04:00:00,9.33,9.48,9.33,9.41
2026-03-10 08:00:00,9.41,9.6,9.4,9.5
2026-03-10 12:00:00,9.49,9.81,9.31,9.77
2026-03-10 16:00:00,9.77,9.96,9.55,9.6
2026-03-10 20:00:00,9.6,9.66,9.49,9.53
2026-03-11 00:00:00,9.53,9.6,9.48,9.54
2026-03-11 04:00:00,9.55,9.74,9.49,9.51
2026-03-11 08:00:00,9.51,9.62,9.49,9.55
2026-03-11 12:00:00,9.56,9.86,9.51,9.6
2026-03-11 16:00:00,9.6,9.76,9.57,9.7
2026-03-11 20:00:00,9.7,9.71,9.53,9.55
2026-03-12 00:00:00,9.56,9.57,9.43,9.49
2026-03-12 04:00:00,9.49,9.59,9.45,9.59
2026-03-12 08:00:00,9.58,9.66,9.51,9.57
2026-03-12 12:00:00,9.58,9.65,9.44,9.59
2026-03-12 16:00:00,9.59,9.62,9.52,9.61
2026-03-12 20:00:00,9.6,9.74,9.59,9.67
2026-03-13 00:00:00,9.67,10.01,9.65,9.95
2026-03-13 04:00:00,9.95,10.0,9.82,9.85
2026-03-13 08:00:00,9.86,10.04,9.8,10.01
2026-03-13 12:00:00,10.01,10.29,9.87,9.89
2026-03-13 16:00:00,9.89,9.93,9.73,9.77
2026-03-13 20:00:00,9.78,9.83,9.67,9.72
2026-03-14 00:00:00,9.72,9.76,9.63,9.74
2026-03-14 04:00:00,9.74,9.78,9.58,9.59
2026-03-14 08:00:00,9.59,9.62,9.52,9.58
2026-03-14 12:00:00,9.57,9.59,9.54,9.56
2026-03-14 16:00:00,9.56,9.61,9.55,9.57
2026-03-14 20:00:00,9.57,9.73,9.56,9.73
2026-03-15 00:00:00,9.73,9.81,9.65,9.71
2026-03-15 04:00:00,9.71,9.76,9.66,9.72
2026-03-15 08:00:00,9.72,9.87,9.71,9.8
2026-03-15 12:00:00,9.8,9.88,9.7,9.71
2026-03-15 16:00:00,9.71,9.8,9.67,9.77
2026-03-15 20:00:00,9.76,10.04,9.73,9.95
2026-03-16 00:00:00,9.94,10.41,9.88,10.26
2026-03-16 04:00:00,10.27,10.52,10.26,10.37
2026-03-16 08:00:00,10.37,10.45,10.18,10.22
2026-03-16 12:00:00,10.21,10.28,10.04,10.08
2026-03-16 16:00:00,10.08,10.34,10.07,10.27
2026-03-16 20:00:00,10.28,10.51,10.26,10.49
2026-03-17 00:00:00,10.48,10.55,10.28,10.35
2026-03-17 04:00:00,10.35,10.39,10.24,10.31
2026-03-17 08:00:00,10.32,10.36,10.23,10.26
2026-03-17 12:00:00,10.26,10.34,10.21,10.27
2026-03-17 16:00:00,10.27,10.33,10.24,10.25
2026-03-17 20:00:00,10.25,10.34,10.18,10.2
2026-03-18 00:00:00,10.2,10.36,10.16,10.32
2026-03-18 04:00:00,10.32,10.33,10.22,10.25
2026-03-18 08:00:00,10.25,10.29,9.93,9.98
2026-03-18 12:00:00,9.98,9.98,9.48,9.57
2026-03-18 16:00:00,9.56,9.72,9.49,9.62
2026-03-18 20:00:00,9.62,9.74,9.54,9.69
2026-03-19 00:00:00,9.68,9.75,9.61,9.67
2026-03-19 04:00:00,9.66,9.67,9.44,9.51
2026-03-19 08:00:00,9.52,9.62,9.48,9.54
2026-03-19 12:00:00,9.55,9.55,9.33,9.4
2026-03-19 16:00:00,9.41,9.58,9.33,9.51
2026-03-19 20:00:00,9.51,9.55,9.42,9.48
2026-03-20 00:00:00,9.48,9.6,9.46,9.57
2026-03-20 04:00:00,9.57,9.6,9.45,9.53
2026-03-20 08:00:00,9.53,9.61,9.49,9.52
2026-03-20 12:00:00,9.52,9.55,9.42,9.49
2026-03-20 16:00:00,9.49,9.54,9.41,9.53
2026-03-20 20:00:00,9.54,9.65,9.45,9.56
2026-03-21 00:00:00,9.57,9.62,9.53,9.59
2026-03-21 04:00:00,9.59,9.64,9.55,9.59
2026-03-21 08:00:00,9.59,9.6,9.49,9.51
2026-03-21 12:00:00,9.5,9.55,9.46,9.54
2026-03-21 16:00:00,9.54,9.57,9.47,9.5
2026-03-21 20:00:00,9.5,9.53,9.15,9.21
2026-03-22 00:00:00,9.21,9.36,9.05,9.28
2026-03-22 04:00:00,9.28,9.32,9.19,9.19
2026-03-22 08:00:00,9.19,9.19,9.06,9.07
2026-03-22 12:00:00,9.06,9.14,9.06,9.1
2026-03-22 16:00:00,9.1,9.11,8.95,8.98
2026-03-22 20:00:00,8.98,9.09,8.87,9.03
2026-03-23 00:00:00,9.03,9.19,8.99,9.1
2026-03-23 04:00:00,9.11,9.18,8.95,9.02
2026-03-23 08:00:00,9.03,9.59,8.92,9.38
2026-03-23 12:00:00,9.39,9.76,9.34,9.42
2026-03-23 16:00:00,9.42,9.58,9.36,9.47
2026-03-23 20:00:00,9.46,9.58,9.44,9.56
2026-03-24 00:00:00,9.56,9.6,9.45,9.57
2026-03-24 04:00:00,9.58,9.62,9.47,9.6
2026-03-24 08:00:00,9.61,9.64,9.51,9.55
2026-03-24 12:00:00,9.55,9.56,9.39,9.44
2026-03-24 16:00:00,9.44,9.48,9.35,9.39
2026-03-24 20:00:00,9.39,9.65,9.38,9.62
2026-03-25 00:00:00,9.63,9.66,9.56,9.62
2026-03-25 04:00:00,9.62,9.71,9.6,9.64
2026-03-25 08:00:00,9.65,9.78,9.62,9.75
2026-03-25 12:00:00,9.75,9.8,9.59,9.67
2026-03-25 16:00:00,9.67,9.76,9.63,9.68
2026-03-25 20:00:00,9.68,9.73,9.61,9.68
2026-03-26 00:00:00,9.69,9.69,9.54,9.57
2026-03-26 04:00:00,9.57,9.57,9.41,9.44
2026-03-26 08:00:00,9.45,9.45,9.23,9.23
2026-03-26 12:00:00,9.23,9.34,9.13,9.18
2026-03-26 16:00:00,9.19,9.21,8.99,9.02
2026-03-26 20:00:00,9.01,9.15,9.0,9.11
2026-03-27 00:00:00,9.1,9.15,9.07,9.08
2026-03-27 04:00:00,9.07,9.1,9.0,9.07
2026-03-27 08:00:00,9.07,9.08,8.66,8.76
2026-03-27 12:00:00,8.76,8.89,8.73,8.8
2026-03-27 16:00:00,8.81,8.82,8.66,8.77
2026-03-27 20:00:00,8.77,8.81,8.72,8.79
2026-03-28 00:00:00,8.79,8.79,8.7,8.74
2026-03-28 04:00:00,8.74,8.83,8.71,8.83
2026-03-28 08:00:00,8.84,8.85,8.77,8.82
2026-03-28 12:00:00,8.82,8.99,8.77,8.94
2026-03-28 16:00:00,8.94,8.95,8.86,8.89
2026-03-28 20:00:00,8.88,8.91,8.73,8.75
2026-03-29 00:00:00,8.76,8.82,8.73,8.8
2026-03-29 04:00:00,8.79,8.81,8.72,8.75
2026-03-29 08:00:00,8.75,8.76,8.67,8.73
2026-03-29 12:00:00,8.72,8.73,8.62,8.66
2026-03-29 16:00:00,8.66,8.68,8.57,8.61
2026-03-29 20:00:00,8.61,8.68,8.37,8.6
2026-03-30 00:00:00,8.6,8.86,8.56,8.81
2026-03-30 04:00:00,8.81,8.92,8.8,8.92
2026-03-30 08:00:00,8.92,9.08,8.89,8.99
2026-03-30 12:00:00,8.99,9.03,8.87,8.94
2026-03-30 16:00:00,8.95,8.96,8.74,8.8
2026-03-30 20:00:00,8.8,8.88,8.76,8.81
2026-03-31 00:00:00,8.81,9.07,8.79,8.97
2026-03-31 04:00:00,8.98,9.0,8.88,8.92
2026-03-31 08:00:00,8.92,8.92,8.69,8.77
2026-03-31 12:00:00,8.77,8.96,8.74,8.74
2026-03-31 16:00:00,8.75,8.96,8.72,8.91
2026-03-31 20:00:00,8.9,8.96,8.85,8.91
2026-04-01 00:00:00,8.91,8.99,8.87,8.96
2026-04-01 04:00:00,8.96,9.48,8.95,9.34
2026-04-01 08:00:00,9.34,9.36,9.15,9.21
2026-04-01 12:00:00,9.2,9.31,9.14,9.22
2026-04-01 16:00:00,9.22,9.31,9.12,9.16
2026-04-01 20:00:00,9.17,9.21,9.09,9.13
2026-04-02 00:00:00,9.13,9.19,8.73,8.78
2026-04-02 04:00:00,8.77,8.79,8.66,8.75
2026-04-02 08:00:00,8.74,8.74,8.63,8.69
2026-04-02 12:00:00,8.68,8.85,8.62,8.73
2026-04-02 16:00:00,8.74,8.79,8.64,8.71
2026-04-02 20:00:00,8.7,8.77,8.67,8.75
2026-04-03 00:00:00,8.75,8.82,8.73,8.81
2026-04-03 04:00:00,8.81,8.95,8.77,8.9
2026-04-03 08:00:00,8.9,8.97,8.88,8.96
2026-04-03 12:00:00,8.96,9.07,8.93,9.01
2026-04-03 16:00:00,9.01,9.15,8.93,8.96
2026-04-03 20:00:00,8.96,8.99,8.87,8.91
2026-04-04 00:00:00,8.91,8.92,8.85,8.9
2026-04-04 04:00:00,8.9,8.92,8.85,8.87
2026-04-04 08:00:00,8.88,8.91,8.84,8.89
2026-04-04 12:00:00,8.89,8.97,8.83,8.95
2026-04-04 16:00:00,8.95,9.11,8.92,9.02
2026-04-04 20:00:00,9.02,9.04,8.96,8.99
2026-04-05 00:00:00,8.99,9.03,8.94,8.95
2026-04-05 04:00:00,8.95,8.96,8.78,8.8
2026-04-05 08:00:00,8.8,8.86,8.79,8.82
2026-04-05 12:00:00,8.82,8.95,8.74,8.87
2026-04-05 16:00:00,8.88,8.89,8.81,8.85
2026-04-05 20:00:00,8.85,9.09,8.81,9.06
2026-04-06 00:00:00,9.07,9.66,9.07,9.45
2026-04-06 04:00:00,9.45,9.54,9.37,9.39
2026-04-06 08:00:00,9.39,9.51,9.38,9.44
2026-04-06 12:00:00,9.45,9.46,9.33,9.39
2026-04-06 16:00:00,9.38,9.4,9.27,9.32
2026-04-06 20:00:00,9.32,9.36,8.81,8.91
2026-04-07 00:00:00,8.9,8.93,8.63,8.69
2026-04-07 04:00:00,8.68,8.73,8.46,8.65
2026-04-07 08:00:00,8.65,8.73,8.58,8.62
2026-04-07 12:00:00,8.61,8.69,8.52,8.59
2026-04-07 16:00:00,8.59,8.81,8.56,8.79
2026-04-07 20:00:00,8.8,9.62,8.74,9.43
2026-04-08 00:00:00,9.43,9.52,9.32,9.44
2026-04-08 04:00:00,9.43,9.56,9.37,9.39
2026-04-08 08:00:00,9.4,9.41,9.28,9.3
2026-04-08 12:00:00,9.3,9.44,9.14,9.22
2026-04-08 16:00:00,9.21,9.29,9.12,9.19
2026-04-08 20:00:00,9.19,9.22,9.04,9.05
2026-04-09 00:00:00,9.05,9.06,8.92,9.03
2026-04-09 04:00:00,9.02,9.09,9.0,9.08
2026-04-09 08:00:00,9.08,9.17,9.04,9.08
2026-04-09 12:00:00,9.09,9.37,9.06,9.34
2026-04-09 16:00:00,9.34,9.39,9.24,9.31
2026-04-09 20:00:00,9.31,9.7,9.28,9.37
2026-04-10 00:00:00,9.37,9.42,9.27,9.31
2026-04-10 04:00:00,9.31,9.42,9.27,9.28
2026-04-10 08:00:00,9.28,9.34,9.25,9.3
2026-04-10 12:00:00,9.31,9.51,9.3,9.42
2026-04-10 16:00:00,9.42,9.56,9.35,9.53
2026-04-10 20:00:00,9.53,9.56,9.38,9.39
2026-04-11 00:00:00,9.39,9.4,9.31,9.33
2026-04-11 04:00:00,9.32,9.35,9.23,9.28
2026-04-11 08:00:00,9.29,9.32,9.25,9.28
2026-04-11 12:00:00,9.28,9.34,9.19,9.34
2026-04-11 16:00:00,9.33,9.61,9.33,9.58
2026-04-11 20:00:00,9.58,9.61,9.33,9.38
2026-04-12 00:00:00,9.37,9.39,9.03,9.09
2026-04-12 04:00:00,9.08,9.1,9.0,9.02
2026-04-12 08:00:00,9.02,9.05,8.98,9.03
2026-04-12 12:00:00,9.03,9.06,8.92,8.96
2026-04-12 16:00:00,8.96,9.17,8.95,9.08
2026-04-12 20:00:00,9.09,9.17,9.01,9.03
2026-04-13 00:00:00,9.04,9.17,9.02,9.07
2026-04-13 04:00:00,9.07,9.2,9.01,9.06
2026-04-13 08:00:00,9.06,9.09,8.97,9.07
2026-04-13 12:00:00,9.06,9.33,9.03,9.21
2026-04-13 16:00:00,9.21,9.42,9.15,9.4
2026-04-13 20:00:00,9.41,9.71,9.25,9.66
2026-04-14 00:00:00,9.66,9.71,9.43,9.46
2026-04-14 04:00:00,9.45,9.47,9.37,9.42
2026-04-14 08:00:00,9.42,9.46,9.38,9.39
2026-04-14 12:00:00,9.39,9.54,9.28,9.42
2026-04-14 16:00:00,9.42,9.49,9.21,9.35
2026-04-14 20:00:00,9.36,9.39,9.27,9.31
2026-04-15 00:00:00,9.3,9.39,9.28,9.35
2026-04-15 04:00:00,9.35,9.45,9.26,9.27
2026-04-15 08:00:00,9.27,9.46,9.26,9.43
2026-04-15 12:00:00,9.42,9.47,9.33,9.37
2026-04-15 16:00:00,9.36,9.57,9.36,9.53
2026-04-15 20:00:00,9.53,9.56,9.39,9.43
2026-04-16 00:00:00,9.44,9.51,9.35,9.49
2026-04-16 04:00:00,9.49,9.62,9.46,9.51
2026-04-16 08:00:00,9.51,9.52,9.35,9.46
2026-04-16 12:00:00,9.47,9.62,9.26,9.58
2026-04-16 16:00:00,9.59,9.87,9.41,9.86
2026-04-16 20:00:00,9.85,9.89,9.65,9.73
2026-04-17 00:00:00,9.72,9.75,9.54,9.55
2026-04-17 04:00:00,9.55,9.63,9.45,9.62
2026-04-17 08:00:00,9.63,9.74,9.5,9.65
2026-04-17 12:00:00,9.66,10.01,9.61,9.82
2026-04-17 16:00:00,9.81,9.95,9.74,9.79
2026-04-17 20:00:00,9.79,9.85,9.69,9.72
2026-04-18 00:00:00,9.72,9.79,9.63,9.64
2026-04-18 04:00:00,9.65,9.74,9.62,9.7
2026-04-18 08:00:00,9.7,9.71,9.35,9.4
2026-04-18 12:00:00,9.39,9.45,9.33,9.4
2026-04-18 16:00:00,9.41,9.44,9.3,9.38
2026-04-18 20:00:00,9.38,9.42,9.32,9.33
2026-04-19 00:00:00,9.33,9.34,9.21,9.3
2026-04-19 04:00:00,9.29,9.33,9.13,9.22
2026-04-19 08:00:00,9.21,9.28,9.15,9.25
2026-04-19 12:00:00,9.25,9.36,9.2,9.28
2026-04-19 16:00:00,9.29,9.29,9.13,9.2
2026-04-19 20:00:00,9.19,9.2,8.96,9.0
2026-04-20 00:00:00,9.0,9.17,8.98,9.15
2026-04-20 04:00:00,9.16,9.33,9.05,9.22
2026-04-20 08:00:00,9.23,9.28,9.16,9.22
2026-04-20 12:00:00,9.22,9.3,9.15,9.23
2026-04-20 16:00:00,9.23,9.36,9.16,9.31
2026-04-20 20:00:00,9.32,9.44,9.26,9.27
2026-04-21 00:00:00,9.27,9.37,9.25,9.29
2026-04-21 04:00:00,9.28,9.38,9.26,9.34
2026-04-21 08:00:00,9.34,9.53,9.33,9.44
2026-04-21 12:00:00,9.44,9.47,9.32,9.39
2026-04-21 16:00:00,9.39,9.44,9.17,9.2
2026-04-21 20:00:00,9.21,9.4,9.2,9.39
2026-04-22 00:00:00,9.4,9.61,9.36,9.56
2026-04-22 04:00:00,9.57,9.68,9.53,9.57
2026-04-22 08:00:00,9.58,9.64,9.53,9.58
2026-04-22 12:00:00,9.57,9.6,9.49,9.54
2026-04-22 16:00:00,9.55,9.58,9.43,9.48
2026-04-22 20:00:00,9.48,9.49,9.33,9.33
2026-04-23 00:00:00,9.33,9.36,9.21,9.27
2026-04-23 04:00:00,9.27,9.35,9.25,9.28
2026-04-23 08:00:00,9.29,9.3,9.19,9.27
2026-04-23 12:00:00,9.28,9.45,9.24,9.4
2026-04-23 16:00:00,9.4,9.41,9.16,9.28
2026-04-23 20:00:00,9.27,9.41,9.27,9.38
2026-04-24 00:00:00,9.39,9.44,9.28,9.33
2026-04-24 04:00:00,9.33,9.41,9.3,9.37
2026-04-24 08:00:00,9.37,9.47,9.32,9.44
2026-04-24 12:00:00,9.44,9.47,9.34,9.46
2026-04-24 16:00:00,9.46,9.48,9.38,9.44
2026-04-24 20:00:00,9.44,9.48,9.37,9.4
2026-04-25 00:00:00,9.4,9.46,9.38,9.44
2026-04-25 04:00:00,9.44,9.5,9.39,9.45
2026-04-25 08:00:00,9.45,9.49,9.38,9.4
2026-04-25 12:00:00,9.4,9.44,9.32,9.34
2026-04-25 16:00:00,9.34,9.37,9.28,9.3
2026-04-25 20:00:00,9.31,9.37,9.29,9.36
2026-04-26 00:00:00,9.36,9.37,9.31,9.34
2026-04-26 04:00:00,9.35,9.44,9.32,9.43
2026-04-26 08:00:00,9.43,9.53,9.41,9.48
2026-04-26 12:00:00,9.49,9.5,9.4,9.49
2026-04-26 16:00:00,9.48,9.55,9.4,9.48
2026-04-26 20:00:00,9.48,9.51,9.39,9.45
2026-04-27 00:00:00,9.46,9.57,9.42,9.51
2026-04-27 04:00:00,9.51,9.54,9.21,9.23
2026-04-27 08:00:00,9.23,9.28,9.22,9.27
2026-04-27 12:00:00,9.26,9.32,9.08,9.13
2026-04-27 16:00:00,9.13,9.21,9.1,9.18
2026-04-27 20:00:00,9.17,9.28,9.16,9.27
2026-04-28 00:00:00,9.26,9.28,9.2,9.22
2026-04-28 04:00:00,9.22,9.26,9.14,9.18
2026-04-28 08:00:00,9.17,9.23,9.12,9.15
2026-04-28 12:00:00,9.16,9.23,9.11,9.17
2026-04-28 16:00:00,9.16,9.2,9.12,9.18
2026-04-28 20:00:00,9.19,9.21,9.15,9.17
2026-04-29 00:00:00,9.17,9.26,9.14,9.26
2026-04-29 04:00:00,9.26,9.35,9.24,9.3
2026-04-29 08:00:00,9.3,9.45,9.25,9.35
2026-04-29 12:00:00,9.34,9.35,9.08,9.12
2026-04-29 16:00:00,9.12,9.19,8.92,9.06
2026-04-29 20:00:00,9.06,9.16,9.05,9.12
2026-04-30 00:00:00,9.12,9.23,9.09,9.16
2026-04-30 04:00:00,9.17,9.17,9.05,9.15
2026-04-30 08:00:00,9.16,9.23,9.11,9.14
2026-04-30 12:00:00,9.15,9.18,9.08,9.13
2026-04-30 16:00:00,9.14,9.14,9.07,9.1
2026-04-30 20:00:00,9.11,9.12,9.06,9.09
2026-05-01 00:00:00,9.1,9.21,9.09,9.15
2026-05-01 04:00:00,9.16,9.18,9.06,9.1
2026-05-01 08:00:00,9.1,9.15,9.06,9.13
2026-05-01 12:00:00,9.12,9.27,9.11,9.2
2026-05-01 16:00:00,9.2,9.22,9.13,9.16
2026-05-01 20:00:00,9.15,9.16,9.06,9.08
2026-05-02 00:00:00,9.09,9.14,9.07,9.12
2026-05-02 04:00:00,9.13,9.13,9.06,9.1
2026-05-02 08:00:00,9.09,9.13,9.07,9.08
2026-05-02 12:00:00,9.09,9.16,9.08,9.15
2026-05-02 16:00:00,9.15,9.18,9.1,9.17
2026-05-02 20:00:00,9.17,9.25,9.15,9.18
2026-05-03 00:00:00,9.19,9.2,9.02,9.05
2026-05-03 04:00:00,9.04,9.08,9.0,9.06
2026-05-03 08:00:00,9.05,9.11,8.97,9.08
2026-05-03 12:00:00,9.08,9.13,9.05,9.11
2026-05-03 16:00:00,9.11,9.14,9.07,9.13
2026-05-03 20:00:00,9.13,9.2,9.06,9.08
2026-05-04 00:00:00,9.08,9.34,8.99,9.29
2026-05-04 04:00:00,9.29,9.38,9.21,9.24
2026-05-04 08:00:00,9.23,9.32,9.03,9.14
2026-05-04 12:00:00,9.14,9.28,9.07,9.14
2026-05-04 16:00:00,9.14,9.3,9.09,9.23
2026-05-04 20:00:00,9.23,9.26,9.13,9.18
2026-05-05 00:00:00,9.18,9.32,9.17,9.28
2026-05-05 04:00:00,9.29,9.38,9.26,9.33
2026-05-05 08:00:00,9.33,9.43,9.31,9.39
2026-05-05 12:00:00,9.39,9.52,9.38,9.41
2026-05-05 16:00:00,9.41,9.43,9.33,9.4
2026-05-05 20:00:00,9.41,9.49,9.36,9.4
2026-05-06 00:00:00,9.4,9.58,9.37,9.56
2026-05-06 04:00:00,9.57,9.59,9.49,9.56
2026-05-06 08:00:00,9.56,9.76,9.56,9.74
2026-05-06 12:00:00,9.75,9.78,9.46,9.62
2026-05-06 16:00:00,9.62,9.67,9.56,9.61
2026-05-06 20:00:00,9.6,9.67,9.52,9.61
2026-05-07 00:00:00,9.61,9.63,9.45,9.47
2026-05-07 04:00:00,9.46,9.7,9.46,9.68
2026-05-07 08:00:00,9.69,9.69,9.52,9.57
2026-05-07 12:00:00,9.58,9.65,9.37,9.41
2026-05-07 16:00:00,9.42,9.55,9.4,9.47
2026-05-07 20:00:00,9.47,9.53,9.41,9.5
2026-05-08 00:00:00,9.51,9.54,9.43,9.49
2026-05-08 04:00:00,9.49,9.53,9.44,9.52
2026-05-08 08:00:00,9.51,9.63,9.51,9.59
2026-05-08 12:00:00,9.59,9.78,9.5,9.78
2026-05-08 16:00:00,9.78,9.96,9.7,9.91
2026-05-08 20:00:00,9.91,10.02,9.86,9.91
2026-05-09 00:00:00,9.91,10.12,9.89,9.98
2026-05-09 04:00:00,9.99,10.04,9.93,9.95
2026-05-09 08:00:00,9.95,10.0,9.86,9.93
2026-05-09 12:00:00,9.94,9.98,9.8,9.83
2026-05-09 16:00:00,9.84,10.0,9.81,10.0
2026-05-09 20:00:00,10.0,10.01,9.93,9.97
2026-05-10 00:00:00,9.96,10.0,9.85,9.91
2026-05-10 04:00:00,9.91,10.02,9.89,9.92
2026-05-10 08:00:00,9.92,10.07,9.91,9.98
2026-05-10 12:00:00,9.99,10.17,9.95,10.15
2026-05-10 16:00:00,10.16,10.49,10.14,10.41
2026-05-10 20:00:00,10.41,10.47,9.95,10.23
2026-05-11 00:00:00,10.23,10.26,9.97,10.03
2026-05-11 04:00:00,10.03,10.15,9.98,10.09
2026-05-11 08:00:00,10.09,10.21,10.02,10.12
2026-05-11 12:00:00,10.13,10.25,10.0,10.24
2026-05-11 16:00:00,10.24,10.27,10.14,10.21
2026-05-11 20:00:00,10.21,10.23,10.11,10.14
2026-05-12 00:00:00,10.14,10.17,9.98,10.02
2026-05-12 04:00:00,10.01,10.08,9.94,10.02
2026-05-12 08:00:00,10.01,10.02,9.81,9.87
2026-05-12 12:00:00,9.87,9.93,9.66,9.74
2026-05-12 16:00:00,9.73,9.89,9.68,9.87
2026-05-12 20:00:00,9.87,9.9,9.83,9.83
2026-05-13 00:00:00,9.83,10.05,9.82,10.03
2026-05-13 04:00:00,10.04,10.06,9.96,10.0
2026-05-13 08:00:00,10.0,10.16,9.94,9.95
2026-05-13 12:00:00,9.95,9.98,9.62,9.64
2026-05-13 16:00:00,9.64,9.82,9.63,9.74
2026-05-13 20:00:00,9.73,9.8,9.69,9.76
2026-05-14 00:00:00,9.76,9.82,9.63,9.65
2026-05-14 04:00:00,9.66,9.8,9.64,9.71
2026-05-14 08:00:00,9.71,9.73,9.63,9.68
2026-05-14 12:00:00,9.67,10.07,9.66,10.05
2026-05-14 16:00:00,10.06,10.14,9.93,10.02
2026-05-14 20:00:00,10.01,10.03,9.89,9.91
2026-05-15 00:00:00,9.9,9.97,9.82,9.88
2026-05-15 04:00:00,9.88,9.88,9.68,9.82
2026-05-15 08:00:00,9.82,9.83,9.73,9.79
2026-05-15 12:00:00,9.78,9.79,9.41,9.48
2026-05-15 16:00:00,9.49,9.61,9.47,9.55
2026-05-15 20:00:00,9.54,9.57,9.5,9.54
2026-05-16 00:00:00,9.53,9.58,9.51,9.53
2026-05-16 04:00:00,9.54,9.54,9.22,9.34
2026-05-16 08:00:00,9.35,9.38,9.19,9.26
2026-05-16 12:00:00,9.26,9.34,9.24,9.32
2026-05-16 16:00:00,9.32,9.38,9.31,9.31
2026-05-16 20:00:00,9.32,9.34,9.28,9.29
2026-05-17 00:00:00,9.3,9.31,9.18,9.27
2026-05-17 04:00:00,9.27,9.36,9.27,9.32
2026-05-17 08:00:00,9.32,9.42,9.29,9.36
2026-05-17 12:00:00,9.36,9.4,9.26,9.3
2026-05-17 16:00:00,9.3,9.33,9.23,9.31
2026-05-17 20:00:00,9.32,9.35,8.96,9.2
2026-05-18 00:00:00,9.19,9.24,9.11,9.2
2026-05-18 04:00:00,9.2,9.23,9.06,9.11
2026-05-18 08:00:00,9.12,9.21,9.04,9.16
2026-05-18 12:00:00,9.16,9.23,9.01,9.09
2026-05-18 16:00:00,9.09,9.2,9.01,9.18
2026-05-18 20:00:00,9.18,9.27,9.15,9.24
2026-05-19 00:00:00,9.25,9.32,9.19,9.24
2026-05-19 04:00:00,9.24,9.3,9.19,9.28
2026-05-19 08:00:00,9.28,9.28,9.08,9.1
2026-05-19 12:00:00,9.1,9.16,9.02,9.1
2026-05-19 16:00:00,9.1,9.19,9.08,9.11
2026-05-19 20:00:00,9.12,9.15,9.06,9.11
2026-05-20 00:00:00,9.1,9.14,9.06,9.12
2026-05-20 04:00:00,9.12,9.245,9.09,9.207
2026-05-20 08:00:00,9.208,9.267,9.185,9.205
2026-05-20 12:00:00,9.204,9.368,9.153,9.34
2026-05-20 16:00:00,9.341,9.4,9.271,9.318
2026-05-20 20:00:00,9.317,9.336,9.22,9.298
2026-05-21 00:00:00,9.297,9.392,9.292,9.383
2026-05-21 04:00:00,9.384,9.485,9.304,9.471
2026-05-21 08:00:00,9.472,9.517,9.284,9.296
2026-05-21 12:00:00,9.297,9.405,9.25,9.376
2026-05-21 16:00:00,9.377,9.516,9.298,9.493
2026-05-21 20:00:00,9.493,9.505,9.428,9.453
2026-05-22 00:00:00,9.453,9.507,9.384,9.503
2026-05-22 04:00:00,9.504,9.575,9.458,9.51
2026-05-22 08:00:00,9.51,9.566,9.459,9.531
2026-05-22 12:00:00,9.531,9.602,9.373,9.433
2026-05-22 16:00:00,9.433,9.466,9.148,9.22
2026-05-22 20:00:00,9.22,9.285,9.099,9.154
2026-05-23 00:00:00,9.155,9.215,9.109,9.201
2026-05-23 04:00:00,9.2,9.201,8.842,8.92
2026-05-23 08:00:00,8.92,8.93,8.834,8.9
2026-05-23 12:00:00,8.901,9.169,8.877,9.134
2026-05-23 16:00:00,9.135,9.334,9.11,9.285
2026-05-23 20:00:00,9.286,9.59,9.269,9.39
2026-05-24 00:00:00,9.391,9.429,9.32,9.33
2026-05-24 04:00:00,9.331,9.374,9.322,9.327
2026-05-24 08:00:00,9.328,9.385,9.316,9.352
2026-05-24 12:00:00,9.353,9.354,9.138,9.237
2026-05-24 16:00:00,9.236,9.272,9.21,9.235
2026-05-24 20:00:00,9.236,9.241,9.069,9.212
2026-05-25 00:00:00,9.212,9.24,9.153,9.17
2026-05-25 04:00:00,9.17,9.36,9.161,9.342
2026-05-25 08:00:00,9.343,9.422,9.325,9.377
2026-05-25 12:00:00,9.378,9.506,9.365,9.433
2026-05-25 16:00:00,9.433,9.484,9.363,9.386
2026-05-25 20:00:00,9.385,9.401,9.274,9.31
2026-05-26 00:00:00,9.31,9.313,9.168,9.225
2026-05-26 04:00:00,9.226,9.332,9.211,9.27
2026-05-26 08:00:00,9.269,9.463,9.262,9.382
2026-05-26 12:00:00,9.382,9.49,9.235,9.291
2026-05-26 16:00:00,9.291,9.291,9.12,9.173
2026-05-26 20:00:00,9.174,9.189,9.119,9.14
2026-05-27 00:00:00,9.14,9.202,9.114,9.142
2026-05-27 04:00:00,9.141,9.215,9.045,9.196
2026-05-27 08:00:00,9.195,9.227,9.126,9.153
2026-05-27 12:00:00,9.153,9.291,9.081,9.242
2026-05-27 16:00:00,9.242,9.254,9.079,9.19
2026-05-27 20:00:00,9.19,9.222,8.994,9.043
2026-05-28 00:00:00,9.042,9.071,8.86,8.88
2026-05-28 04:00:00,8.879,8.879,8.715,8.847
2026-05-28 08:00:00,8.847,8.885,8.792,8.819
2026-05-28 12:00:00,8.818,8.925,8.746,8.852
2026-05-28 16:00:00,8.851,9.074,8.815,8.916
2026-05-28 20:00:00,8.916,8.994,8.888,8.928
2026-05-29 00:00:00,8.928,8.974,8.869,8.882
2026-05-29 04:00:00,8.882,8.982,8.834,8.926
2026-05-29 08:00:00,8.926,8.977,8.836,8.874
2026-05-29 12:00:00,8.873,9.003,8.656,8.925
2026-05-29 16:00:00,8.925,8.988,8.774,8.837
2026-05-29 20:00:00,8.837,8.879,8.787,8.827
2026-05-30 00:00:00,8.827,9.049,8.812,8.973
2026-05-30 04:00:00,8.973,8.996,8.821,8.916
2026-05-30 08:00:00,8.916,8.942,8.885,8.921
2026-05-30 12:00:00,8.921,8.994,8.908,8.965
2026-05-30 16:00:00,8.964,9.009,8.942,8.991
2026-05-30 20:00:00,8.991,9.016,8.916,8.946
2026-05-31 00:00:00,8.947,9.04,8.933,9.011
2026-05-31 04:00:00,9.012,9.084,8.973,8.991
2026-05-31 08:00:00,8.99,9.038,8.957,9.016
2026-05-31 12:00:00,9.016,9.05,8.85,8.884
2026-05-31 16:00:00,8.884,8.898,8.8,8.839
2026-05-31 20:00:00,8.839,9.029,8.839,8.983
2026-06-01 00:00:00,8.983,9.074,8.868,9.02
2026-06-01 04:00:00,9.02,9.044,8.78,8.792
2026-06-01 08:00:00,8.793,8.893,8.761,8.832
2026-06-01 12:00:00,8.833,8.878,8.677,8.732
2026-06-01 16:00:00,8.731,8.969,8.686,8.959
2026-06-01 20:00:00,8.959,8.986,8.83,8.936
2026-06-02 00:00:00,8.936,8.944,8.675,8.884
2026-06-02 04:00:00,8.884,8.895,8.663,8.717
2026-06-02 08:00:00,8.718,8.744,8.66,8.683
2026-06-02 12:00:00,8.683,8.722,8.273,8.366
2026-06-02 16:00:00,8.366,8.509,8.176,8.332
2026-06-02 20:00:00,8.333,8.391,8.029,8.18
2026-06-03 00:00:00,8.181,8.266,7.993,8.052
2026-06-03 04:00:00,8.051,8.345,8.051,8.321
2026-06-03 08:00:00,8.32,8.372,8.244,8.302
2026-06-03 12:00:00,8.302,8.346,8.179,8.191
2026-06-03 16:00:00,8.192,8.198,8.029,8.044
2026-06-03 20:00:00,8.043,8.191,7.909,8.049
2026-06-04 00:00:00,8.048,8.117,7.519,8.035
2026-06-04 04:00:00,8.036,8.077,7.819,7.824
2026-06-04 08:00:00,7.825,7.85,7.543,7.663
2026-06-04 12:00:00,7.663,7.858,7.616,7.762
2026-06-04 16:00:00,7.764,7.847,7.672,7.78
2026-06-04 20:00:00,7.779,7.781,7.567,7.707
2026-06-05 00:00:00,7.706,7.724,7.313,7.317
2026-06-05 04:00:00,7.318,7.509,7.005,7.305
2026-06-05 08:00:00,7.306,7.307,7.063,7.077
2026-06-05 12:00:00,7.076,7.223,6.851,6.904
2026-06-05 16:00:00,6.903,7.109,6.584,6.7
2026-06-05 20:00:00,6.697,7.01,6.613,6.729
2026-06-06 00:00:00,6.73,6.933,6.515,6.526
2026-06-06 04:00:00,6.526,6.716,6.224,6.676
2026-06-06 08:00:00,6.677,6.838,6.571,6.683
2026-06-06 12:00:00,6.683,6.828,6.602,6.693
2026-06-06 16:00:00,6.692,6.715,6.596,6.608
2026-06-06 20:00:00,6.608,6.689,6.567,6.664
2026-06-07 00:00:00,6.665,6.841,6.652,6.757
2026-06-07 04:00:00,6.756,6.835,6.69,6.825
2026-06-07 08:00:00,6.825,6.886,6.695,6.729
2026-06-07 12:00:00,6.73,6.777,6.593,6.71
2026-06-07 16:00:00,6.71,6.743,6.508,6.541
2026-06-07 20:00:00,6.54,6.964,6.519,6.819
2026-06-08 00:00:00,6.818,6.864,6.636,6.668
2026-06-08 04:00:00,6.669,6.705,6.538,6.703
2026-06-08 08:00:00,6.703,6.824,6.621,6.785
2026-06-08 12:00:00,6.785,6.88,6.701,6.809
2026-06-08 16:00:00,6.81,6.864,6.771,6.822
2026-06-08 20:00:00,6.823,6.882,6.745,6.766
2026-06-09 00:00:00,6.767,6.777,6.593,6.67
2026-06-09 04:00:00,6.67,6.793,6.645,6.748
2026-06-09 08:00:00,6.749,6.751,6.66,6.711
2026-06-09 12:00:00,6.71,6.748,6.518,6.526
2026-06-09 16:00:00,6.526,6.68,6.445,6.658
2026-06-09 20:00:00,6.659,6.7,6.611,6.639
2026-06-10 00:00:00,6.639,6.68,6.556,6.583
2026-06-10 04:00:00,6.583,6.593,6.489,6.563
2026-06-10 08:00:00,6.564,6.564,6.419,6.462
2026-06-10 12:00:00,6.462,6.664,6.439,6.58
2026-06-10 16:00:00,6.58,6.583,6.429,6.461
2026-06-10 20:00:00,6.462,6.484,6.301,6.383
2026-06-11 00:00:00,6.382,6.64,6.381,6.597
2026-06-11 04:00:00,6.597,6.63,6.549,6.593
2026-06-11 08:00:00,6.593,6.642,6.54,6.598
2026-06-11 12:00:00,6.599,6.611,6.501,6.544
2026-06-11 16:00:00,6.545,6.707,6.476,6.667
2026-06-11 20:00:00,6.668,6.678,6.607,6.648
2026-06-12 00:00:00,6.648,6.677,6.601,6.659
2026-06-12 04:00:00,6.659,6.69,6.527,6.571
2026-06-12 08:00:00,6.572,6.668,6.568,6.638
2026-06-12 12:00:00,6.637,6.7,6.52,6.554
2026-06-12 16:00:00,6.552,6.654,6.523,6.586
2026-06-12 20:00:00,6.587,6.606,6.54,6.571
2026-06-13 00:00:00,6.57,6.635,6.557,6.597
2026-06-13 04:00:00,6.598,6.686,6.569,6.666
2026-06-13 08:00:00,6.667,6.683,6.63,6.674
2026-06-13 12:00:00,6.674,6.76,6.66,6.754
2026-06-13 16:00:00,6.754,6.769,6.679,6.715
2026-06-13 20:00:00,6.715,6.776,6.699,6.719
2026-06-14 00:00:00,6.718,6.735,6.69,6.722
2026-06-14 04:00:00,6.723,6.724,6.642,6.658
2026-06-14 08:00:00,6.657,6.683,6.624,6.646
2026-06-14 12:00:00,6.646,6.652,6.495,6.531
2026-06-14 16:00:00,6.53,6.552,6.376,6.434
2026-06-14 20:00:00,6.434,6.791,6.413,6.79
2026-06-15 00:00:00,6.789,6.805,6.7,6.764
2026-06-15 04:00:00,6.764,6.806,6.735,6.758
2026-06-15 08:00:00,6.758,6.953,6.74,6.909
2026-06-15 12:00:00,6.909,7.035,6.877,7.035
2026-06-15 16:00:00,7.036,7.079,6.883,6.897
2026-06-15 20:00:00,6.897,6.926,6.803,6.84
2026-06-16 00:00:00,6.839,6.874,6.746,6.835
2026-06-16 04:00:00,6.834,6.928,6.76,6.924
2026-06-16 08:00:00,6.923,7.05,6.915,6.951
2026-06-16 12:00:00,6.951,7.001,6.714,6.79
2026-06-16 16:00:00,6.79,6.91,6.767,6.864
2026-06-16 20:00:00,6.864,6.951,6.847,6.88
2026-06-17 00:00:00,6.881,7.022,6.871,6.954
2026-06-17 04:00:00,6.955,6.987,6.87,6.899
2026-06-17 08:00:00,6.9,6.903,6.774,6.806
2026-06-17 12:00:00,6.806,6.971,6.768,6.968
2026-06-17 16:00:00,6.968,7.018,6.703,6.737
2026-06-17 20:00:00,6.736,6.796,6.653,6.766
2026-06-18 00:00:00,6.766,6.804,6.703,6.712
2026-06-18 04:00:00,6.713,6.714,6.575,6.676
2026-06-18 08:00:00,6.677,6.698,6.607,6.62
2026-06-18 12:00:00,6.621,6.68,6.214,6.245
2026-06-18 16:00:00,6.244,6.368,6.228,6.356
2026-06-18 20:00:00,6.357,6.386,6.275,6.318
2026-06-19 00:00:00,6.317,6.324,6.111,6.15
2026-06-19 04:00:00,6.15,6.15,5.968,5.992
2026-06-19 08:00:00,5.992,6.102,5.987,6.047
2026-06-19 12:00:00,6.047,6.193,6.035,6.122
2026-06-19 16:00:00,6.123,6.157,5.681,5.879
2026-06-19 20:00:00,5.88,5.975,5.802,5.896
2026-06-20 00:00:00,5.896,5.975,5.883,5.95
2026-06-20 04:00:00,5.949,6.259,5.819,6.148
2026-06-20 08:00:00,6.149,6.221,6.098,6.162
2026-06-20 12:00:00,6.163,6.188,6.027,6.15
2026-06-20 16:00:00,6.151,6.152,6.068,6.116
2026-06-20 20:00:00,6.117,6.263,6.106,6.239
2026-06-21 00:00:00,6.24,6.292,6.216,6.263
2026-06-21 04:00:00,6.263,6.345,6.204,6.287
2026-06-21 08:00:00,6.288,6.342,6.235,6.267
2026-06-21 12:00:00,6.267,6.372,6.24,6.331
2026-06-21 16:00:00,6.331,6.335,6.228,6.263
2026-06-21 20:00:00,6.263,6.268,6.097,6.113
2026-06-22 00:00:00,6.113,6.336,6.113,6.23
2026-06-22 04:00:00,6.23,6.32,6.196,6.286
2026-06-22 08:00:00,6.286,6.379,6.22,6.365
2026-06-22 12:00:00,6.365,6.472,6.283,6.307
2026-06-22 16:00:00,6.307,6.336,6.234,6.271
2026-06-22 20:00:00,6.272,6.297,6.166,6.241
2026-06-23 00:00:00,6.241,6.313,6.214,6.313
2026-06-23 04:00:00,6.314,6.334,6.065,6.157
2026-06-23 08:00:00,6.157,6.258,6.013,6.257
2026-06-23 12:00:00,6.258,6.456,6.217,6.371
2026-06-23 16:00:00,6.372,6.408,6.271,6.34
2026-06-23 20:00:00,6.341,6.527,6.341,6.484
2026-06-24 00:00:00,6.484,6.544,6.407,6.417
2026-06-24 04:00:00,6.417,6.458,6.356,6.395
2026-06-24 08:00:00,6.394,6.496,6.371,6.447
2026-06-24 12:00:00,6.447,6.45,6.206,6.234
2026-06-24 16:00:00,6.233,6.306,5.998,6.144
2026-06-24 20:00:00,6.143,6.492,6.119,6.444
2026-06-25 00:00:00,6.444,6.483,6.39,6.414
2026-06-25 04:00:00,6.414,6.64,6.389,6.531
2026-06-25 08:00:00,6.531,6.534,6.385,6.404
2026-06-25 12:00:00,6.404,6.447,5.954,6.118
2026-06-25 16:00:00,6.119,6.26,6.046,6.109
2026-06-25 20:00:00,6.11,6.269,6.11,6.235
2026-06-26 00:00:00,6.235,6.249,5.963,6.143
2026-06-26 04:00:00,6.144,6.335,6.072,6.312
2026-06-26 08:00:00,6.312,6.322,6.105,6.136
2026-06-26 12:00:00,6.136,6.377,6.043,6.373
2026-06-26 16:00:00,6.374,6.523,6.343,6.383
2026-06-26 20:00:00,6.383,6.634,6.32,6.633
2026-06-27 00:00:00,6.633,6.671,6.499,6.549
2026-06-27 04:00:00,6.55,6.637,6.521,6.563
2026-06-27 08:00:00,6.562,6.584,6.45,6.579
2026-06-27 12:00:00,6.58,6.676,6.521,6.637
2026-06-27 16:00:00,6.638,6.653,6.4,6.431
2026-06-27 20:00:00,6.431,6.464,6.336,6.433
2026-06-28 00:00:00,6.433,6.443,6.366,6.406
2026-06-28 04:00:00,6.405,6.41,6.302,6.341
2026-06-28 08:00:00,6.341,6.395,6.307,6.358
2026-06-28 12:00:00,6.357,6.357,6.28,6.327
2026-06-28 16:00:00,6.327,6.369,6.27,6.335
2026-06-28 20:00:00,6.334,6.487,6.299,6.448
2026-06-29 00:00:00,6.45,6.663,6.364,6.617
2026-06-29 04:00:00,6.618,6.65,6.5,6.55
2026-06-29 08:00:00,6.551,6.63,6.5,6.574
2026-06-29 12:00:00,6.574,6.714,6.448,6.659
2026-06-29 16:00:00,6.66,6.822,6.626,6.725
2026-06-29 20:00:00,6.725,6.736,6.661,6.679
2026-06-30 00:00:00,6.678,6.681,6.611,6.629
2026-06-30 04:00:00,6.629,6.64,6.568,6.579
2026-06-30 08:00:00,6.579,6.655,6.525,6.535
2026-06-30 12:00:00,6.534,6.534,6.385,6.499
2026-06-30 16:00:00,6.5,6.598,6.466,6.575
2026-06-30 20:00:00,6.575,6.594,6.508,6.538
2026-07-01 00:00:00,6.539,6.727,6.427,6.704
2026-07-01 04:00:00,6.705,6.723,6.605,6.654
2026-07-01 08:00:00,6.654,6.697,6.617,6.659
2026-07-01 12:00:00,6.66,6.748,6.561,6.73
2026-07-01 16:00:00,6.73,6.758,6.667,6.695
2026-07-01 20:00:00,6.695,6.814,6.663,6.666
2026-07-02 00:00:00,6.667,6.729,6.613,6.716
2026-07-02 04:00:00,6.715,6.735,6.663,6.671
2026-07-02 08:00:00,6.672,6.814,6.666,6.782
2026-07-02 12:00:00,6.781,6.88,6.74,6.777
2026-07-02 16:00:00,6.777,6.79,6.717,6.744
2026-07-02 20:00:00,6.745,6.823,6.723,6.8
2026-07-03 00:00:00,6.801,6.88,6.783,6.85
2026-07-03 04:00:00,6.851,6.878,6.812,6.838
2026-07-03 08:00:00,6.839,6.913,6.826,6.901
2026-07-03 12:00:00,6.9,6.924,6.807,6.83
2026-07-03 16:00:00,6.83,6.937,6.792,6.915
2026-07-03 20:00:00,6.916,7.035,6.912,6.948
2026-07-04 00:00:00,6.949,6.972,6.865,6.933
2026-07-04 04:00:00,6.934,6.949,6.841,6.867
2026-07-04 08:00:00,6.868,6.877,6.817,6.858
2026-07-04 12:00:00,6.858,7.007,6.857,6.987
2026-07-04 16:00:00,6.988,7.115,6.941,7.012
2026-07-04 20:00:00,7.012,7.028,6.919,6.968
2026-07-05 00:00:00,6.967,6.971,6.786,6.806
2026-07-05 04:00:00,6.806,6.83,6.753,6.818
2026-07-05 08:00:00,6.817,6.892,6.773,6.88
2026-07-05 12:00:00,6.88,6.949,6.854,6.928
2026-07-05 16:00:00,6.929,6.977,6.903,6.918
2026-07-05 20:00:00,6.918,7.008,6.882,6.924
2026-07-06 00:00:00,6.925,6.954,6.85,6.918
2026-07-06 04:00:00,6.918,6.967,6.832,6.932
2026-07-06 08:00:00,6.931,6.94,6.818,6.818
2026-07-06 12:00:00,6.818,6.924,6.714,6.919
2026-07-06 16:00:00,6.92,6.993,6.896,6.96
2026-07-06 20:00:00,6.96,7.088,6.891,6.93
2026-07-07 00:00:00,6.929,6.949,6.782,6.804
2026-07-07 04:00:00,6.805,6.818,6.698,6.764
2026-07-07 08:00:00,6.765,6.802,6.736,6.795
2026-07-07 12:00:00,6.795,6.823,6.65,6.77
2026-07-07 16:00:00,6.77,6.809,6.695,6.758
2026-07-07 20:00:00,6.759,6.773,6.66,6.689
2026-07-08 00:00:00,6.689,6.698,6.351,6.394
2026-07-08 04:00:00,6.394,6.458,6.368,6.448
2026-07-08 08:00:00,6.448,6.455,6.317,6.441
2026-07-08 12:00:00,6.441,6.476,6.348,6.382
2026-07-08 16:00:00,6.382,6.483,6.38,6.456
2026-07-08 20:00:00,6.457,6.476,6.417,6.475
2026-07-09 00:00:00,6.474,6.547,6.428,6.465
2026-07-09 04:00:00,6.466,6.813,6.463,6.746
2026-07-09 08:00:00,6.746,6.768,6.665,6.709
2026-07-09 12:00:00,6.71,6.79,6.686,6.753
2026-07-09 16:00:00,6.753,6.778,6.696,6.725
2026-07-09 20:00:00,6.725,6.735,6.679,6.679
2026-07-10 00:00:00,6.679,6.815,6.668,6.779
2026-07-10 04:00:00,6.779,6.834,6.74,6.752
2026-07-10 08:00:00,6.753,6.815,6.737,6.752
2026-07-10 12:00:00,6.751,6.786,6.649,6.743
2026-07-10 16:00:00,6.743,6.772,6.708,6.742
2026-07-10 20:00:00,6.743,6.767,6.73,6.739
2026-07-11 00:00:00,6.74,6.756,6.707,6.725
2026-07-11 04:00:00,6.724,6.738,6.698,6.71
2026-07-11 08:00:00,6.709,6.739,6.688,6.72
2026-07-11 12:00:00,6.719,6.791,6.719,6.752
2026-07-11 16:00:00,6.751,6.787,6.729,6.752
2026-07-11 20:00:00,6.751,6.761,6.542,6.552
2026-07-12 00:00:00,6.551,6.551,6.426,6.527
2026-07-12 04:00:00,6.526,6.541,6.282,6.379
2026-07-12 08:00:00,6.379,6.449,6.371,6.433
2026-07-12 12:00:00,6.432,6.481,6.42,6.441
2026-07-12 16:00:00,6.44,6.48,6.392,6.472
2026-07-12 20:00:00,6.472,6.483,6.373,6.407
2026-07-13 00:00:00,6.407,6.562,6.403,6.49
2026-07-13 04:00:00,6.49,6.528,6.456,6.509
2026-07-13 08:00:00,6.509,6.672,6.492,6.646
2026-07-13 12:00:00,6.646,6.683,6.531,6.563
2026-07-13 16:00:00,6.563,6.585,6.422,6.476
2026-07-13 20:00:00,6.476,6.49,6.338,6.452
2026-07-14 00:00:00,6.452,6.502,6.42,6.443
2026-07-14 04:00:00,6.444,6.516,6.441,6.481
2026-07-14 08:00:00,6.48,6.537,6.439,6.44
2026-07-14 12:00:00,6.44,6.712,6.422,6.656
2026-07-14 16:00:00,6.656,6.688,6.604,6.674
2026-07-14 20:00:00,6.674,6.712,6.625,6.712
2026-07-15 00:00:00,6.713,6.757,6.606,6.658
2026-07-15 04:00:00,6.657,6.734,6.609,6.621
2026-07-15 08:00:00,6.622,6.689,6.614,6.669
2026-07-15 12:00:00,6.669,6.773,6.658,6.728
2026-07-15 16:00:00,6.728,6.749,6.647,6.696
2026-07-15 20:00:00,6.696,6.737,6.675,6.702
2026-07-16 00:00:00,6.701,6.731,6.661,6.712
2026-07-16 04:00:00,6.713,6.739,6.612,6.628
2026-07-16 08:00:00,6.628,6.631,6.546,6.578
2026-07-16 12:00:00,6.578,6.657,6.513,6.628
2026-07-16 16:00:00,6.629,6.64,6.523,6.598
2026-07-16 20:00:00,6.598,6.632,6.481,6.514
2026-07-17 00:00:00,6.514,6.553,6.437,6.528
2026-07-17 04:00:00,6.528,6.532,6.442,6.479
2026-07-17 08:00:00,6.479,6.51,6.423,6.488
2026-07-17 12:00:00,6.488,6.515,6.373,6.482
2026-07-17 16:00:00,6.482,6.651,6.464,6.574
2026-07-17 20:00:00,6.574,6.591,6.541,6.591
2026-07-18 00:00:00,6.59,6.658,6.578,6.644
2026-07-18 04:00:00,6.644,6.664,6.591,6.609
2026-07-18 08:00:00,6.608,6.62,6.528,6.546
2026-07-18 12:00:00,6.546,6.577,6.514,6.543
2026-07-18 16:00:00,6.543,6.6,6.525,6.574
2026-07-18 20:00:00,6.574,6.605,6.565,6.574
2026-07-19 00:00:00,6.573,6.637,6.573,6.585
2026-07-19 04:00:00,6.585,6.596,6.554,6.557
2026-07-19 08:00:00,6.558,6.57,6.476,6.485
2026-07-19 12:00:00,6.486,6.487,6.406,6.455
2026-07-19 16:00:00,6.456,6.497,6.392,6.437
2026-07-19 20:00:00,6.437,6.49,6.409,6.465
2026-07-20 00:00:00,6.466,6.65,6.444,6.599
2026-07-20 04:00:00,6.599,6.602,6.446,6.547
2026-07-20 08:00:00,6.547,6.635,6.492,6.63
2026-07-20 12:00:00,6.628,6.634,6.48,6.612
2026-07-20 16:00:00,6.612,6.628,6.546,6.567
2026-07-20 20:00:00,6.567,6.624,6.551,6.579
2026-07-21 00:00:00,6.579,6.666,6.567,6.642
2026-07-21 04:00:00,6.642,6.688,6.604,6.677
2026-07-21 08:00:00,6.676,6.687,6.615,6.638
2026-07-21 12:00:00,6.639,6.66,6.578,6.62
2026-07-21 16:00:00,6.619,6.641,6.581,6.614
2026-07-21 20:00:00,6.614,6.615,6.524,6.571
2026-07-22 00:00:00,6.572,6.615,6.545,6.549
2026-07-22 04:00:00,6.548,6.583,6.464,6.502
2026-07-22 08:00:00,6.503,6.531,6.485,6.516
2026-07-22 12:00:00,6.517,6.654,6.49,6.637
2026-07-22 16:00:00,6.638,6.657,6.568,6.6
2026-07-22 20:00:00,6.599,6.664,6.576,6.626
2026-07-23 00:00:00,6.626,6.655,6.524,6.531
2026-07-23 04:00:00,6.531,6.587,6.521,6.561
2026-07-23 08:00:00,6.56,6.612,6.551,6.585
2026-07-23 12:00:00,6.585,6.589,6.393,6.451
2026-07-23 16:00:00,6.451,6.451,6.197,6.285
2026-07-23 20:00:00,6.285,6.327,6.26,6.268
2026-07-24 00:00:00,6.268,6.289,6.212,6.27
2026-07-24 04:00:00,6.271,6.32,6.233,6.282
2026-07-24 08:00:00,6.283,6.287,6.225,6.259
2026-07-24 12:00:00,6.258,6.26,6.137,6.202
2026-07-24 16:00:00,6.202,6.244,6.175,6.234
2026-07-24 20:00:00,6.235,6.315,6.226,6.304
2026-07-25 00:00:00,6.304,6.317,6.239,6.247
2026-07-25 04:00:00,6.247,6.283,6.24,6.245
2026-07-25 08:00:00,6.246,6.302,6.231,6.289
2026-07-25 12:00:00,6.29,6.6,6.279,6.58
2026-07-25 16:00:00,6.58,6.735,6.575,6.713
2026-07-25 20:00:00,6.713,6.845,6.677,6.777
2026-07-26 00:00:00,6.777,6.815,6.733,6.764
2026-07-26 04:00:00,6.764,6.831,6.74,6.784
2026-07-26 08:00:00,6.783,6.786,6.694,6.7
2026-07-26 12:00:00,6.701,6.722,6.645,6.695
2026-07-26 16:00:00,6.694,6.725,6.662,6.669
2026-07-26 20:00:00,6.669,6.756,6.666,6.746
2026-07-27 00:00:00,6.746,6.747,6.677,6.69
2026-07-27 04:00:00,6.69,6.746,6.669,6.682
2026-07-27 08:00:00,6.683,6.685,6.597,6.669
2026-07-27 12:00:00,6.668,6.695,6.481,6.544
2026-07-27 16:00:00,6.544,6.633,6.532,6.614
2026-07-27 20:00:00,6.614,6.621,6.376,6.408
2026-07-28 00:00:00,6.407,6.451,6.358,6.434
2026-07-28 04:00:00,6.434,6.469,6.403,6.447
2026-07-28 08:00:00,6.446,6.484,6.42,6.461
2026-07-28 12:00:00,6.461,6.59,6.373,6.573
2026-07-28 16:00:00,6.574,6.607,6.502,6.595
2026-07-28 20:00:00,6.595,6.629,6.525,6.577
2026-07-29 00:00:00,6.578,6.638,6.411,6.412
2026-07-29 04:00:00,6.413,6.454,6.308,6.427
2026-07-29 08:00:00,6.428,6.434,6.376,6.415
2026-07-29 12:00:00,6.416,6.416,6.359,6.384
2026-07-29 16:00:00,6.383,6.497,6.341,6.364
2026-07-29 20:00:00,6.364,6.438,6.312,6.432
2026-07-30 00:00:00,6.432,6.527,6.391,6.487
2026-07-30 04:00:00,6.487,6.491,6.418,6.424
2026-07-30 08:00:00,6.423,6.508,6.419,6.495
2026-07-30 12:00:00,6.496,6.512,6.419,6.455
2026-07-30 16:00:00,6.455,6.501,6.45,6.473
2026-07-30 20:00:00,6.474,6.491,6.434,6.434
2026-07-31 00:00:00,6.435,6.544,6.397,6.455
2026-07-31 04:00:00,6.454,6.483,6.392,6.456
2026-07-31 08:00:00,6.456,6.524,6.404,6.462
2026-07-31 12:00:00,6.463,6.506,6.331,6.403
2026-07-31 16:00:00,6.404,6.477,6.403,6.424
2026-07-31 20:00:00,6.424,6.453,6.382,6.386
2026-08-01 00:00:00,6.387,6.424,6.381,6.409
2026-08-01 04:00:00,6.409,6.453,6.373,6.379
2026-08-01 08:00:00,6.379,6.384,6.323,6.334
2026-08-01 12:00:00,6.334,6.379,6.325,6.375
2026-08-01 16:00:00,6.374,6.388,6.04,6.132
2026-08-01 20:00:00,6.132,6.211,6.108,6.191
2026-08-02 00:00:00,6.191,6.349,6.185,6.321
2026-08-02 04:00:00,6.322,6.687,6.322,6.611
2026-08-02 08:00:00,6.612,6.656,6.554,6.596
2026-08-02 12:00:00,6.596,6.614,6.556,6.596
2026-08-02 16:00:00,6.596,6.674,6.564,6.602
2026-08-02 20:00:00,6.601,6.671,6.53,6.553
2026-08-03 00:00:00,6.552,6.564,6.392,6.427
2026-08-03 04:00:00,6.427,6.451,6.382,6.402
2026-08-03 08:00:00,6.401,6.462,6.369,6.443
2026-08-03 12:00:00,6.443,6.551,6.419,6.513
2026-08-03 16:00:00,6.513,6.598,6.513,6.577
2026-08-03 20:00:00,6.578,6.593,6.548,6.575
2026-08-04 00:00:00,6.574,6.987,6.563,6.865
2026-08-04 04:00:00,6.866,6.918,6.768,6.833
2026-08-04 08:00:00,6.833,6.85,6.761,6.819
2026-08-04 12:00:00,6.818,6.837,6.686,6.757
2026-08-04 16:00:00,6.759,6.76,6.699,6.732
2026-08-04 20:00:00,6.731,6.739,6.637,6.688
2026-08-05 00:00:00,6.688,6.708,6.6,6.626
2026-08-05 04:00:00,6.627,6.721,6.627,6.684
2026-08-05 08:00:00,6.683,6.704,6.655,6.661
2026-08-05 12:00:00,6.661,6.72,6.531,6.647
2026-08-05 16:00:00,6.647,6.7,6.644,6.665
2026-08-05 20:00:00,6.665,6.706,6.642,6.661
2026-08-06 00:00:00,6.662,6.681,6.614,6.67
2026-08-06 04:00:00,6.669,6.703,6.652,6.687
2026-08-06 08:00:00,6.687,6.692,6.35,6.442
2026-08-06 12:00:00,6.442,6.479,6.396,6.47
2026-08-06 16:00:00,6.472,6.508,6.438,6.449
2026-08-06 20:00:00,6.449,6.477,6.41,6.441
2026-08-07 00:00:00,6.44,6.448,6.394,6.408
2026-08-07 04:00:00,6.407,6.435,6.372,6.415
2026-08-07 08:00:00,6.414,6.48,6.409,6.466
2026-08-07 12:00:00,6.467,6.526,6.407,6.44
2026-08-07 16:00:00,6.441,6.462,6.361,6.446
2026-08-07 20:00:00,6.446,6.478,6.422,6.435
2026-08-08 00:00:00,6.434,6.595,6.419,6.525
2026-08-08 04:00:00,6.526,6.552,6.506,6.521
2026-08-08 08:00:00,6.521,6.58,6.503,6.551
2026-08-08 12:00:00,6.551,6.567,6.516,6.544
2026-08-08 16:00:00,6.545,6.561,6.52,6.525
2026-08-08 20:00:00,6.525,6.531,6.461,6.482
2026-08-09 00:00:00,6.481,6.493,6.439,6.462
2026-08-09 04:00:00,6.461,6.497,6.433,6.484
2026-08-09 08:00:00,6.485,6.503,6.463,6.476
2026-08-09 12:00:00,6.475,6.556,6.454,6.55
2026-08-09 16:00:00,6.551,6.595,6.529,6.565
2026-08-09 20:00:00,6.566,6.589,6.386,6.421
2026-08-10 00:00:00,6.421,6.539,6.376,6.486
2026-08-10 04:00:00,6.485,6.575,6.485,6.537
2026-08-10 08:00:00,6.537,6.549,6.497,6.549
2026-08-10 12:00:00,6.55,6.582,6.472,6.489
2026-08-10 16:00:00,6.488,6.502,6.419,6.473
2026-08-10 20:00:00,6.473,6.473,6.413,6.436
2026-08-11 00:00:00,6.436,6.556,6.432,6.541
2026-08-11 04:00:00,6.54,6.548,6.471,6.484
2026-08-11 08:00:00,6.485,6.527,6.46,6.508
2026-08-11 12:00:00,6.509,6.514,6.11,6.217
2026-08-11 16:00:00,6.217,6.279,6.189,6.279
2026-08-11 20:00:00,6.279,6.335,6.275,6.322
2026-08-12 00:00:00,6.324,6.327,6.264,6.287
2026-08-12 04:00:00,6.286,6.316,6.279,6.294
